# MEMDUMP 0x0000 len=40959  2026-09-14 11:09:18
0x0000 00 00 00 00 00 00 00 00 00 00 00 00 00 00 00 00 00 00 00 00 00 00 00 00 00 00 00 00 00 00 00 00 00 00 00 00 00 00 00 00 00 00 00 00 00 00 00 00 00 00 00 00 00 00 00 00 00 00 00 00
0x003C 00 00 00 00 00 00 00 00 00 00 00 00 00 00 00 00 00 00 00 00 00 00 00 00 00 00 00 00 00 00 00 00 00 00 00 00 00 00 00 00 00 00 00 00 00 00 00 00 00 00 00 00 00 00 00 00 00 00 00 00
0x0078 00 00 00 00 00 00 00 00 00 00 00 00 00 00 00 00 00 00 00 00 00 00 00 00 00 00 00 00 00 00 00 00 00 00 00 00 00 00 00 00 00 00 00 00 00 00 00 00 00 00 00 00 00 00 00 00 00 00 00 00
0x00B4 00 00 00 00 00 00 00 00 00 00 00 00 00 00 00 00 00 00 00 00 00 00 00 00 00 00 00 00 00 00 00 00 00 00 00 00 00 00 00 00 00 00 00 00 00 00 00 00 00 00 00 00 00 00 00 00 00 00 00 00
0x00F0 00 00 00 00 00 00 00 00 00 00 00 00 00 00 00 00 00 00 00 00 00 00 00 00 00 00 00 00 00 00 00 00 00 00 00 00 00 00 00 00 00 00 00 00 00 00 00 00 00 00 00 00 00 00 00 00 00 00 00 00
0x012C 00 00 00 00 00 00 00 00 00 00 00 00 00 00 00 00 00 00 00 00 00 00 00 00 00 00 00 00 00 00 00 00 00 00 00 00 00 00 00 00 00 00 00 00 00 00 00 00 00 00 00 00 00 00 00 00 00 00 00 00
0x0168 00 00 00 00 00 00 00 00 00 00 00 00 00 00 00 00 00 00 00 00 00 00 00 00 00 00 00 00 00 00 00 00 00 00 00 00 00 00 00 00 00 00 00 00 00 00 00 00 00 00 00 00 00 00 00 00 00 00 00 00
0x01A4 00 00 00 00 00 00 00 00 00 00 00 00 00 00 00 00 00 00 00 00 00 00 00 00 00 00 00 00 00 00 00 00 00 00 00 00 00 00 00 00 00 00 00 00 00 00 00 00 00 00 00 00 00 00 00 00 00 00 00 00
0x01E0 00 00 00 00 00 00 00 00 00 00 00 00 00 00 00 00 00 00 00 00 00 00 00 00 00 00 00 00 00 00 00 00 00 00 00 00 00 00 00 00 00 00 00 00 00 00 00 00 00 00 00 00 00 00 00 00 00 00 00 00
0x021C 00 00 00 00 00 00 00 00 00 00 00 00 00 00 00 00 00 00 00 00 00 00 00 00 00 00 00 00 00 00 00 00 00 00 00 00 00 00 00 00 00 00 00 00 00 00 00 00 00 00 00 00 00 00 00 00 00 00 00 00
0x0258 00 00 00 00 00 00 00 00 00 00 00 00 00 00 00 00 00 00 00 00 00 00 00 00 00 00 00 00 00 00 00 00 00 00 00 00 00 00 00 00 00 00 00 00 00 00 00 00 00 00 00 00 00 00 00 00 00 00 00 00
0x0294 00 00 00 00 00 00 00 00 00 00 00 00 00 00 00 00 00 00 00 00 00 00 00 00 00 00 00 00 00 00 00 00 00 00 00 00 00 00 00 00 00 00 00 00 00 00 00 00 00 00 00 00 00 00 00 00 00 00 00 00
0x02D0 00 00 00 00 00 00 00 00 00 00 00 00 00 00 00 00 00 00 00 00 00 00 00 00 00 00 00 00 00 00 00 00 00 00 00 00 00 00 00 00 00 00 00 00 00 00 00 00 00 00 00 00 00 00 00 00 00 00 00 00
0x030C 00 00 00 00 00 00 00 00 00 00 00 00 00 00 00 00 00 00 00 00 00 00 00 00 00 00 00 00 00 00 00 00 00 00 00 00 00 00 00 00 00 00 00 00 00 00 00 00 00 00 00 00 00 00 00 00 00 00 00 00
0x0348 00 00 00 00 00 00 00 00 00 00 00 00 00 00 00 00 00 00 00 00 00 00 00 00 00 00 00 00 00 00 00 00 00 00 00 00 00 00 00 00 00 00 00 00 00 00 00 00 00 00 00 00 00 00 00 00 00 00 00 00
0x0384 00 00 00 00 00 00 00 00 00 00 00 00 00 00 00 00 00 00 00 00 00 00 00 00 00 00 00 00 00 00 00 00 00 00 00 00 00 00 00 00 00 00 00 00 00 00 00 00 00 00 00 00 00 00 00 00 00 00 00 00
0x03C0 00 00 00 00 00 00 00 00 00 00 00 00 00 00 00 00 00 00 00 00 00 00 00 00 00 00 00 00 00 00 00 00 00 00 00 00 00 00 00 00 00 00 00 00 00 00 00 00 00 00 00 00 00 00 00 00 00 00 00 00
0x03FC 00 00 00 00 00 00 00 00 00 00 00 00 00 00 00 00 00 00 00 00 00 00 00 00 00 00 00 00 00 00 00 00 00 00 00 00 00 00 00 00 00 00 00 00 00 00 00 00 00 00 00 00 00 00 00 00 00 00 00 00
0x0438 00 00 00 00 00 00 00 00 00 00 00 00 00 00 00 00 00 00 00 00 00 00 00 00 00 00 00 00 00 00 00 00 00 00 00 00 00 00 00 00 00 00 00 00 00 00 00 00 00 00 00 00 00 00 00 00 00 00 00 00
0x0474 00 00 00 00 00 00 00 00 00 00 00 00 00 00 00 00 00 00 00 00 00 00 00 00 00 00 00 00 00 00 00 00 00 00 00 00 00 00 00 00 00 00 00 00 00 00 00 00 00 00 00 00 00 00 00 00 00 00 00 00
0x04B0 00 00 00 00 00 00 00 00 00 00 00 00 00 00 00 00 00 00 00 00 00 00 00 00 00 00 00 00 00 00 00 00 00 00 00 00 00 00 00 00 00 00 00 00 00 00 00 00 00 00 00 00 00 00 00 00 00 00 00 00
0x04EC 00 00 00 00 00 00 00 00 00 00 00 00 00 00 00 00 00 00 00 00 00 00 00 00 00 00 00 00 00 00 00 00 00 00 00 00 00 00 00 00 00 00 00 00 00 00 00 00 00 00 00 00 00 00 00 00 00 00 00 00
0x0528 00 00 00 00 00 00 00 00 00 00 00 00 00 00 00 00 00 00 00 00 00 00 00 00 00 00 00 00 00 00 00 00 00 00 00 00 00 00 00 00 00 00 00 00 00 00 00 00 00 00 00 00 00 00 00 00 00 00 00 00
0x0564 00 00 00 00 00 00 00 00 00 00 00 00 00 00 00 00 00 00 00 00 00 00 00 00 00 00 00 00 00 00 00 00 00 00 00 00 00 00 00 00 00 00 00 00 00 00 00 00 00 00 00 00 00 00 00 00 00 00 00 00
0x05A0 00 00 00 00 00 00 00 00 00 00 00 00 00 00 00 00 00 00 00 00 00 00 00 00 00 00 00 00 00 00 00 00 00 00 00 00 00 00 00 00 00 00 00 00 00 00 00 00 00 00 00 00 00 00 00 00 00 00 00 00
0x05DC 00 00 00 00 00 00 00 00 00 00 00 00 00 00 00 00 00 00 00 00 00 00 00 00 00 00 00 00 00 00 00 00 00 00 00 00 00 00 00 00 00 00 00 00 00 00 00 00 00 00 00 00 00 00 00 00 00 00 00 00
0x0618 00 00 00 00 00 00 00 00 00 00 00 00 00 00 00 00 00 00 00 00 00 00 00 00 00 00 00 00 00 00 00 00 00 00 00 00 00 00 00 00 00 00 00 00 00 00 00 00 00 00 00 00 00 00 00 00 00 00 00 00
0x0654 00 00 00 00 00 00 00 00 00 00 00 00 00 00 00 00 00 00 00 00 00 00 00 00 00 00 00 00 00 00 00 00 00 00 00 00 00 00 00 00 00 00 00 00 00 00 00 00 00 00 00 00 00 00 00 00 00 00 00 00
0x0690 00 00 00 00 00 00 00 00 00 00 00 00 00 00 00 00 00 00 00 00 00 00 00 00 00 00 00 00 00 00 00 00 00 00 00 00 00 00 00 00 00 00 00 00 00 00 00 00 00 00 00 00 00 00 00 00 00 00 00 00
0x06CC 00 00 00 00 00 00 00 00 00 00 00 00 00 00 00 00 00 00 00 00 00 00 00 00 00 00 00 00 00 00 00 00 00 00 00 00 00 00 00 00 00 00 00 00 00 00 00 00 00 00 00 00 00 00 00 00 00 00 00 00
0x0708 00 00 00 00 00 00 00 00 00 00 00 00 00 00 00 00 00 00 00 00 00 00 00 00 00 00 00 00 00 00 00 00 00 00 00 00 00 00 00 00 00 00 00 00 00 00 00 00 00 00 00 00 00 00 00 00 00 00 00 00
0x0744 00 00 00 00 00 00 00 00 00 00 00 00 00 00 00 00 00 00 00 00 00 00 00 00 00 00 00 00 00 00 00 00 00 00 00 00 00 00 00 00 00 00 00 00 00 00 00 00 00 00 00 00 00 00 00 00 00 00 00 00
0x0780 00 00 00 00 00 00 00 00 00 00 00 00 00 00 00 00 00 00 00 00 00 00 00 00 00 00 00 00 00 00 00 00 00 00 00 00 00 00 00 00 00 00 00 00 00 00 00 00 00 00 00 00 00 00 00 00 00 00 00 00
0x07BC 00 00 00 00 00 00 00 00 00 00 00 00 00 00 00 00 00 00 00 00 00 00 00 00 00 00 00 00 00 00 00 00 00 00 00 00 00 00 00 00 00 00 00 00 00 00 00 00 00 00 00 00 00 00 00 00 00 00 00 00
0x07F8 00 00 00 00 00 00 00 00 00 00 00 00 00 00 00 00 00 00 00 00 00 00 00 00 00 00 00 00 00 00 00 00 00 00 00 00 00 00 00 00 00 00 00 00 00 00 00 00 00 00 00 00 00 00 00 00 00 00 00 00
0x0834 00 00 00 00 00 00 00 00 00 00 00 00 00 00 00 00 00 00 00 00 00 00 00 00 00 00 00 00 00 00 00 00 00 00 00 00 00 00 00 00 00 00 00 00 00 00 00 00 00 00 00 00 00 00 00 00 00 00 00 00
0x0870 00 00 00 00 00 00 00 00 00 00 00 00 00 00 00 00 00 00 00 00 00 00 00 00 00 00 00 00 00 00 00 00 00 00 00 00 00 00 00 00 00 00 00 00 00 00 00 00 00 00 00 00 00 00 00 00 00 00 00 00
0x08AC 00 00 00 00 00 00 00 00 00 00 00 00 00 00 00 00 00 00 00 00 00 00 00 00 00 00 00 00 00 00 00 00 00 00 00 00 00 00 00 00 00 00 00 00 00 00 00 00 00 00 00 00 00 00 00 00 00 00 00 00
0x08E8 00 00 00 00 00 00 00 00 00 00 00 00 00 00 00 00 00 00 00 00 00 00 00 00 00 00 00 00 00 00 00 00 00 00 00 00 00 00 00 00 00 00 00 00 00 00 00 00 00 00 00 00 00 00 00 00 00 00 00 00
0x0924 00 00 00 00 00 00 00 00 00 00 00 00 00 00 00 00 00 00 00 00 00 00 00 00 00 00 00 00 00 00 00 00 00 00 00 00 00 00 00 00 00 00 00 00 00 00 00 00 00 00 00 00 00 00 00 00 00 00 00 00
0x0960 00 00 00 00 00 00 00 00 00 00 00 00 00 00 00 00 00 00 00 00 00 00 00 00 00 00 00 00 00 00 00 00 00 00 00 00 00 00 00 00 00 00 00 00 00 00 00 00 00 00 00 00 00 00 00 00 00 00 00 00
0x099C 00 00 00 00 00 00 00 00 00 00 00 00 00 00 00 00 00 00 00 00 00 00 00 00 00 00 00 00 00 00 00 00 00 00 00 00 00 00 00 00 00 00 00 00 00 00 00 00 00 00 00 00 00 00 00 00 00 00 00 00
0x09D8 00 00 00 00 00 00 00 00 00 00 00 00 00 00 00 00 00 00 00 00 00 00 00 00 00 00 00 00 00 00 00 00 00 00 00 00 00 00 00 00 00 00 00 00 00 00 00 00 00 00 00 00 00 00 00 00 00 00 00 00
0x0A14 00 00 00 00 00 00 00 00 00 00 00 00 00 00 00 00 00 00 00 00 00 00 00 00 00 00 00 00 00 00 00 00 00 00 00 00 00 00 00 00 00 00 00 00 00 00 00 00 00 00 00 00 00 00 00 00 00 00 00 00
0x0A50 00 00 00 00 00 00 00 00 00 00 00 00 00 00 00 00 00 00 00 00 00 00 00 00 00 00 00 00 00 00 00 00 00 00 00 00 00 00 00 00 00 00 00 00 00 00 00 00 00 00 00 00 00 00 00 00 00 00 00 00
0x0A8C 00 00 00 00 00 00 00 00 00 00 00 00 00 00 00 00 00 00 00 00 00 00 00 00 00 00 00 00 00 00 00 00 00 00 00 00 00 00 00 00 00 00 00 00 00 00 00 00 00 00 00 00 00 00 00 00 00 00 00 00
0x0AC8 00 00 00 00 00 00 00 00 00 00 00 00 00 00 00 00 00 00 00 00 00 00 00 00 00 00 00 00 00 00 00 00 00 00 00 00 00 00 00 00 00 00 00 00 00 00 00 00 00 00 00 00 00 00 00 00 00 00 00 00
0x0B04 00 00 00 00 00 00 00 00 00 00 00 00 00 00 00 00 00 00 00 00 00 00 00 00 00 00 00 00 00 00 00 00 00 00 00 00 00 00 00 00 00 00 00 00 00 00 00 00 00 00 00 00 00 00 00 00 00 00 00 00
0x0B40 00 00 00 00 00 00 00 00 00 00 00 00 00 00 00 00 00 00 00 00 00 00 00 00 00 00 00 00 00 00 00 00 00 00 00 00 00 00 00 00 00 00 00 00 00 00 00 00 00 00 00 00 00 00 00 00 00 00 00 00
0x0B7C 00 00 00 00 00 00 00 00 00 00 00 00 00 00 00 00 00 00 00 00 00 00 00 00 00 00 00 00 00 00 00 00 00 00 00 00 00 00 00 00 00 00 00 00 00 00 00 00 00 00 00 00 00 00 00 00 00 00 00 00
0x0BB8 00 00 00 00 00 00 00 00 00 00 00 00 00 00 00 00 00 00 00 00 00 00 00 00 00 00 00 00 00 00 00 00 00 00 00 00 00 00 00 00 00 00 00 00 00 00 00 00 00 00 00 00 00 00 00 00 00 00 00 00
0x0BF4 00 00 00 00 00 00 00 00 00 00 00 00 00 00 00 00 00 00 00 00 00 00 00 00 00 00 00 00 00 00 00 00 00 00 00 00 00 00 00 00 00 00 00 00 00 00 00 00 00 00 00 00 00 00 00 00 00 00 00 00
0x0C30 00 00 00 00 00 00 00 00 00 00 00 00 00 00 00 00 00 00 00 00 00 00 00 00 00 00 00 00 00 00 00 00 00 00 00 00 00 00 00 00 00 00 00 00 00 00 00 00 00 00 00 00 00 00 00 00 00 00 00 00
0x0C6C 00 00 00 00 00 00 00 00 00 00 00 00 00 00 00 00 00 00 00 00 00 00 00 00 00 00 00 00 00 00 00 00 00 00 00 00 00 00 00 00 00 00 00 00 00 00 00 00 00 00 00 00 00 00 00 00 00 00 00 00
0x0CA8 00 00 00 00 00 00 00 00 00 00 00 00 00 00 00 00 00 00 00 00 00 00 00 00 00 00 00 00 00 00 00 00 00 00 00 00 00 00 00 00 00 00 00 00 00 00 00 00 00 00 00 00 00 00 00 00 00 00 00 00
0x0CE4 00 00 00 00 00 00 00 00 00 00 00 00 00 00 00 00 00 00 00 00 00 00 00 00 00 00 00 00 00 00 00 00 00 00 00 00 00 00 00 00 00 00 00 00 00 00 00 00 00 00 00 00 00 00 00 00 00 00 00 00
0x0D20 00 00 00 00 00 00 00 00 00 00 00 00 00 00 00 00 00 00 00 00 00 00 00 00 00 00 00 00 00 00 00 00 00 00 00 00 00 00 00 00 00 00 00 00 00 00 00 00 00 00 00 00 00 00 00 00 00 00 00 00
0x0D5C 00 00 00 00 00 00 00 00 00 00 00 00 00 00 00 00 00 00 00 00 00 00 00 00 00 00 00 00 00 00 00 00 00 00 00 00 00 00 00 00 00 00 00 00 00 00 00 00 00 00 00 00 00 00 00 00 00 00 00 00
0x0D98 00 00 00 00 00 00 00 00 00 00 00 00 00 00 00 00 00 00 00 00 00 00 00 00 00 00 00 00 00 00 00 00 00 00 00 00 00 00 00 00 00 00 00 00 00 00 00 00 00 00 00 00 00 00 00 00 00 00 00 00
0x0DD4 00 00 00 00 00 00 00 00 00 00 00 00 00 00 00 00 00 00 00 00 00 00 00 00 00 00 00 00 00 00 00 00 00 00 00 00 00 00 00 00 00 00 00 00 00 00 00 00 00 00 00 00 00 00 00 00 00 00 00 00
0x0E10 00 00 00 00 00 00 00 00 00 00 00 00 00 00 00 00 00 00 00 00 00 00 00 00 00 00 00 00 00 00 00 00 00 00 00 00 00 00 00 00 00 00 00 00 00 00 00 00 00 00 00 00 00 00 00 00 00 00 00 00
0x0E4C 00 00 00 00 00 00 00 00 00 00 00 00 00 00 00 00 00 00 00 00 00 00 00 00 00 00 00 00 00 00 00 00 00 00 00 00 00 00 00 00 00 00 00 00 00 00 00 00 00 00 00 00 00 00 00 00 00 00 00 00
0x0E88 00 00 00 00 00 00 00 00 00 00 00 00 00 00 00 00 00 00 00 00 00 00 00 00 00 00 00 00 00 00 00 00 00 00 00 00 00 00 00 00 00 00 00 00 00 00 00 00 00 00 00 00 00 00 00 00 00 00 00 00
0x0EC4 00 00 00 00 00 00 00 00 00 00 00 00 00 00 00 00 00 00 00 00 00 00 00 00 00 00 00 00 00 00 00 00 00 00 00 00 00 00 00 00 00 00 00 00 00 00 00 00 00 00 00 00 00 00 00 00 00 00 00 00
0x0F00 00 00 00 00 00 00 00 00 00 00 00 00 00 00 00 00 00 00 00 00 00 00 00 00 00 00 00 00 00 00 00 00 00 00 00 00 00 00 00 00 00 00 00 00 00 00 00 00 00 00 00 00 00 00 00 00 00 00 00 00
0x0F3C 00 00 00 00 00 00 00 00 00 00 00 00 00 00 00 00 00 00 00 00 00 00 00 00 00 00 00 00 00 00 00 00 00 00 00 00 00 00 00 00 00 00 00 00 00 00 00 00 00 00 00 00 00 00 00 00 00 00 00 00
0x0F78 00 00 00 00 00 00 00 00 00 00 00 00 00 00 00 00 00 00 00 00 00 00 00 00 00 00 00 00 00 00 00 00 00 00 00 00 00 00 00 00 00 00 00 00 00 00 00 00 00 00 00 00 00 00 00 00 00 00 00 00
0x0FB4 00 00 00 00 00 00 00 00 00 00 00 00 00 00 00 00 00 00 00 00 00 00 00 00 00 00 00 00 00 00 00 00 00 00 00 00 00 00 00 00 00 00 00 00 00 00 00 00 00 00 00 00 00 00 00 00 00 00 00 00
0x0FF0 00 00 00 00 00 00 00 00 00 00 00 00 00 00 00 00 00 00 00 00 00 00 00 00 00 40 01 00 00 50 01 00 51 00 27 00 00 00 00 00 1F 00 01 00 21 00 00 00 00 00 00 00 00 00 00 00 00 00 00 00
0x102C 00 00 00 00 00 00 01 0F 00 00 00 00 07 00 00 00 00 00 00 00 00 00 00 00 00 00 00 00 00 00 00 00 00 13 00 27 08 00 1C 00 FF FF 0F 00 FF FF 0F 00 55 05 AA 03 FF 03 01 00 00 00 00 00
0x1068 5B 00 D2 07 50 00 CD 07 FF 03 00 00 00 01 00 00 00 01 00 00 00 00 00 00 B8 95 00 00 04 01 00 00 50 00 00 00 00 00 00 00 00 00 00 00 00 00 00 00 00 00 00 00 00 00 00 00 10 00 00 00
0x10A4 11 00 00 00 00 00 00 00 00 00 00 00 00 00 00 00 07 06 07 0B 01 00 00 00 00 00 00 00 00 01 FF 01 FF 01 00 00 00 00 00 00 00 00 00 00 00 00 00 00 00 00 00 00 00 00 00 00 00 00 00 00
0x10E0 03 00 00 00 00 0A 00 00 C0 0A 00 00 00 00 00 00 00 00 00 00 00 00 00 00 00 00 00 00 00 00 00 00 00 00 00 00 00 00 00 00 00 00 00 00 00 00 00 00 00 00 00 00 00 00 00 00 00 00 00 00
0x111C 00 00 00 00 00 00 00 00 00 00 00 00 00 00 00 00 00 00 00 00 00 00 00 00 00 00 00 00 00 00 00 00 00 00 00 00 00 00 00 00 00 00 00 00 00 00 00 00 00 00 00 00 00 00 00 00 00 00 00 00
0x1158 00 00 00 00 00 00 00 00 00 00 00 00 00 00 00 00 00 00 00 00 00 00 00 00 00 00 00 00 00 00 00 00 00 00 00 00 00 00 00 00 00 00 00 00 00 00 00 00 00 00 00 00 00 00 00 00 00 00 00 00
0x1194 00 00 00 00 00 00 00 00 00 00 00 00 00 00 00 00 00 00 00 00 00 00 00 00 00 00 00 00 00 00 00 00 00 00 00 00 00 00 00 00 00 00 00 00 00 00 00 00 00 00 00 00 00 00 00 00 00 00 00 00
0x11D0 00 00 00 00 00 00 00 00 00 00 00 00 00 00 00 00 00 00 00 00 00 00 00 00 00 00 00 00 00 00 00 00 00 00 00 00 00 00 00 00 00 00 00 00 00 00 00 00 00 00 00 00 00 00 00 00 00 00 00 00
0x120C 00 00 00 00 00 00 00 00 00 00 00 00 00 00 00 00 00 00 00 00 00 00 00 00 00 00 00 00 00 00 00 00 00 00 00 00 00 00 00 00 00 00 00 00 00 00 00 00 00 00 00 00 00 00 00 00 00 00 00 00
0x1248 00 00 00 00 00 00 00 00 00 00 00 00 00 00 00 00 00 00 00 00 00 00 00 00 00 00 00 00 00 00 00 00 00 00 00 00 00 00 00 00 00 00 00 00 00 00 00 00 00 00 00 00 00 00 00 00 00 00 00 00
0x1284 00 00 00 00 00 00 00 00 00 00 00 00 00 00 00 00 00 00 00 00 00 00 00 00 00 00 00 00 00 00 00 00 00 00 00 00 00 00 00 00 00 00 00 00 00 00 00 00 00 00 00 00 00 00 00 00 00 00 00 00
0x12C0 00 00 00 00 00 00 00 00 00 00 00 00 00 00 00 00 00 00 00 00 00 00 00 00 00 00 00 00 00 00 00 00 00 00 00 00 00 00 00 00 00 00 00 00 00 00 00 00 00 00 00 00 00 00 00 00 00 00 00 00
0x12FC 00 00 00 00 00 00 00 00 00 00 00 00 00 00 00 00 00 00 00 00 00 00 00 00 00 00 00 00 00 00 00 00 00 00 00 00 00 00 00 00 00 00 00 00 00 00 00 00 00 00 00 00 00 00 00 00 00 00 00 00
0x1338 00 00 00 00 00 00 00 00 00 00 00 00 00 00 00 00 00 00 00 00 00 00 00 00 00 00 00 00 00 00 00 00 00 00 00 00 00 00 00 00 00 00 00 00 00 00 00 00 00 00 00 00 00 00 00 00 00 00 00 00
0x1374 00 00 00 00 00 00 00 00 00 00 00 00 00 00 00 00 00 00 00 00 00 00 00 00 00 00 00 00 00 00 00 00 00 00 00 00 00 00 00 00 00 00 00 00 00 00 00 00 00 00 00 00 00 00 00 00 00 00 00 00
0x13B0 00 00 00 00 00 00 00 00 00 00 00 00 00 00 00 00 00 00 00 00 00 00 00 00 00 00 00 00 00 00 00 00 00 00 00 00 00 00 00 00 00 00 00 00 00 00 00 00 00 00 00 00 00 00 00 00 00 00 00 00
0x13EC 00 00 00 00 00 00 00 00 00 00 00 00 00 00 00 00 00 00 00 00 10 00 01 00 01 00 00 00 00 00 00 00 00 00 00 00 00 00 00 00 00 00 00 00 00 00 00 00 00 00 00 00 00 00 00 00 00 00 00 00
0x1428 00 00 00 00 00 00 00 00 00 00 00 00 00 00 00 00 00 00 00 00 00 00 00 00 00 00 00 00 00 00 00 00 00 00 00 00 00 00 00 00 00 00 01 00 12 00 00 00 00 00 01 00 01 00 00 00 00 00 00 00
0x1464 00 00 00 00 00 00 00 00 00 00 00 00 00 00 00 00 00 00 00 00 00 00 00 00 00 00 00 00 00 00 00 00 00 00 00 00 00 00 00 00 00 00 00 00 00 00 00 00 00 00 00 00 00 00 00 00 00 00 00 00
0x14A0 00 00 00 00 00 00 00 00 00 00 00 00 00 00 00 00 00 00 00 00 00 00 00 00 00 00 00 00 00 00 00 00 00 00 00 00 00 00 00 00 00 00 00 00 00 00 00 00 00 00 00 00 00 00 00 00 00 00 00 00
0x14DC 00 00 00 00 00 00 00 00 00 00 00 00 00 00 00 00 00 00 00 00 00 00 00 00 00 00 00 00 00 00 00 00 00 00 00 00 00 00 00 00 00 00 00 00 00 00 00 00 00 00 00 00 00 00 00 00 00 00 00 00
0x1518 00 00 00 00 00 00 00 00 00 00 00 00 00 00 00 00 00 00 00 00 00 00 00 00 00 00 00 00 00 00 00 00 00 00 00 00 00 00 00 00 00 00 00 00 00 00 00 00 00 00 00 00 00 00 00 00 00 00 00 00
0x1554 00 00 00 00 00 00 00 00 00 00 00 00 00 00 00 00 00 00 00 00 00 00 00 00 00 00 00 00 00 00 00 00 00 00 00 00 00 00 00 00 00 00 00 00 00 00 00 00 00 00 00 00 00 00 00 00 00 00 00 00
0x1590 00 00 00 00 00 00 00 00 00 00 00 00 00 00 00 00 00 00 00 00 00 00 00 00 00 00 00 00 00 00 00 00 00 00 00 00 00 00 00 00 00 00 00 00 00 00 00 00 00 00 00 00 00 00 00 00 00 00 00 00
0x15CC 00 00 00 00 00 00 00 00 00 00 00 00 00 00 00 00 00 00 00 00 00 00 00 00 00 00 00 00 00 00 00 00 00 00 00 00 00 00 00 00 00 00 00 00 00 00 00 00 00 00 00 00 00 00 00 00 00 00 00 00
0x1608 00 00 00 00 00 00 00 00 00 00 00 00 00 00 00 00 00 00 00 00 00 00 00 00 00 00 00 00 00 00 00 00 00 00 00 00 00 00 00 00 00 00 00 00 00 00 00 00 00 00 00 00 00 00 00 00 00 00 00 00
0x1644 00 00 00 00 00 00 00 00 00 00 00 00 00 00 00 00 00 00 00 00 00 00 00 00 00 00 00 00 00 00 00 00 00 00 00 00 00 00 00 00 00 00 00 00 00 00 00 00 00 00 00 00 00 00 00 00 00 00 00 00
0x1680 00 00 00 00 00 00 00 00 00 00 00 00 00 00 00 00 00 00 00 00 00 00 00 00 00 00 00 00 00 00 00 00 00 00 00 00 00 00 00 00 00 00 00 00 00 00 00 00 00 00 00 00 00 00 00 00 00 00 00 00
0x16BC 00 00 00 00 00 00 00 00 00 00 00 00 00 00 00 00 00 00 00 00 00 00 00 00 00 00 00 00 00 00 00 00 00 00 00 00 00 00 00 00 00 00 00 00 00 00 00 00 00 00 00 00 00 00 00 00 00 00 00 00
0x16F8 00 00 00 00 00 00 00 00 00 00 00 00 00 00 00 00 00 00 00 00 00 00 00 00 00 00 00 00 00 00 00 00 00 00 00 00 00 00 00 00 00 00 00 00 00 00 00 00 00 00 00 00 00 00 00 00 00 00 00 00
0x1734 00 00 00 00 00 00 00 00 00 00 00 00 00 00 00 00 00 00 00 00 00 00 00 00 00 00 00 00 00 00 00 00 00 00 00 00 00 00 00 00 00 00 00 00 00 00 00 00 00 00 00 00 00 00 00 00 00 00 00 00
0x1770 00 00 00 00 00 00 00 00 00 00 00 00 00 00 00 00 00 00 00 00 00 00 00 00 00 00 00 00 00 00 00 00 00 00 00 00 00 00 00 00 00 00 00 00 00 00 00 00 00 00 00 00 00 00 00 00 00 00 00 00
0x17AC 00 00 00 00 00 00 00 00 00 00 00 00 00 00 00 00 00 00 00 00 00 00 00 00 00 00 00 00 00 00 00 00 00 00 00 00 00 00 00 00 00 00 00 00 00 00 00 00 00 00 00 00 00 00 00 00 00 00 00 00
0x17E8 00 00 00 00 00 00 00 00 00 00 00 00 00 00 00 00 00 00 00 00 00 00 00 00 FF FF 03 00 FF FF 03 00 00 00 00 00 FF FF 03 00 FF FF 03 00 00 00 00 00 00 00 00 00 00 00 00 00 00 00 00 00
0x1824 00 00 00 00 00 00 00 00 00 00 00 00 00 00 00 00 00 00 00 00 00 00 00 00 00 00 00 00 00 FF 03 00 00 FF 03 00 00 00 00 00 CF 00 00 00 CF 00 00 00 00 00 00 00 00 00 00 00 00 00 00 00
0x1860 FF FF 0F 00 FF FF 0F 00 00 00 00 00 FF FF 0F 00 FF FF 0F 00 00 00 00 00 00 00 00 00 00 00 00 00 FF FF 03 00 FF FF 03 00 00 00 00 00 FF FF 03 00 FF FF 03 00 00 00 00 00 00 00 00 00
0x189C 00 00 00 00 C0 00 00 00 00 01 00 00 C0 03 00 00 00 00 00 00 C0 00 00 00 00 01 00 00 C0 03 00 00 00 00 00 00 00 00 A0 AA 2A 00 00 00 00 00 00 00 01 00 00 00 00 00 00 00 00 00 00 00
0x18D8 00 00 00 00 00 00 00 00 00 00 00 00 00 00 00 00 00 00 00 00 00 00 00 00 13 01 77 02 20 10 00 00 03 02 00 00 00 00 00 00 03 03 03 22 00 00 00 00 00 00 00 00 00 00 00 00 10 03 00 00
0x1914 00 00 00 00 22 22 22 04 01 01 00 00 00 00 01 00 00 00 00 02 03 01 00 00 00 00 00 00 00 00 00 00 00 01 00 00 00 03 00 00 33 54 05 00 37 37 37 23 00 00 00 00 00 00 00 00 03 00 00 00
0x1950 00 00 00 00 00 00 00 00 00 00 00 00 00 00 00 00 00 00 00 00 00 00 00 00 00 00 00 00 00 00 00 00 00 00 00 00 00 00 00 00 00 00 00 00 00 00 00 00 00 00 00 00 00 00 00 00 00 00 00 00
0x198C 00 00 00 00 00 00 00 00 00 00 00 00 00 00 00 00 00 00 00 00 00 00 00 00 00 00 00 00 00 00 00 00 00 00 00 00 00 00 00 00 00 00 00 00 00 00 00 00 00 00 00 00 00 00 00 00 00 00 00 00
0x19C8 00 00 00 00 00 00 00 00 00 00 00 00 00 00 00 00 00 00 00 00 00 00 00 00 00 00 00 00 00 00 00 00 00 00 00 00 00 00 00 00 00 00 00 00 00 00 00 00 00 00 00 00 00 00 00 00 00 00 00 00
0x1A04 00 00 00 00 00 00 00 00 00 00 00 00 00 00 00 00 00 00 00 00 00 00 00 00 00 00 00 00 00 00 00 00 00 00 00 00 00 00 00 00 00 00 00 00 00 00 00 00 00 00 00 00 00 00 00 00 00 00 00 00
0x1A40 00 00 00 00 00 00 00 00 00 00 00 00 00 00 00 00 00 00 00 00 00 00 00 00 00 00 00 00 00 00 00 00 00 00 00 00 00 00 00 00 00 00 00 00 00 00 00 00 00 00 00 00 00 00 00 00 00 00 00 00
0x1A7C 00 00 00 00 00 00 00 00 00 00 00 00 00 00 00 00 00 00 00 00 00 00 00 00 00 00 00 00 00 00 00 00 00 00 00 00 00 00 00 00 00 00 00 00 00 00 00 00 00 00 00 00 00 00 00 00 00 00 00 00
0x1AB8 00 00 00 00 00 00 00 00 00 00 00 00 00 00 00 00 00 00 00 00 00 00 00 00 00 00 00 00 00 00 00 00 00 00 00 00 00 00 00 00 00 00 00 00 00 00 00 00 00 00 00 00 00 00 00 00 00 00 00 00
0x1AF4 00 00 00 00 00 00 00 00 00 00 00 00 00 00 00 00 00 00 00 00 00 00 00 00 00 00 00 00 00 00 00 00 00 00 00 00 00 00 00 00 00 00 00 00 00 00 00 00 00 00 00 00 00 00 00 00 00 00 00 00
0x1B30 00 00 00 00 00 00 00 00 00 00 00 00 00 00 00 00 00 00 00 00 00 00 00 00 00 00 00 00 00 00 00 00 00 00 00 00 00 00 00 00 00 00 00 00 00 00 00 00 00 00 00 00 00 00 00 00 00 00 00 00
0x1B6C 00 00 00 00 00 00 00 00 00 00 00 00 00 00 00 00 00 00 00 00 00 00 00 00 00 00 00 00 00 00 00 00 00 00 00 00 00 00 00 00 00 00 00 00 00 00 00 00 00 00 00 00 00 00 00 00 00 00 00 00
0x1BA8 00 00 00 00 00 00 00 00 00 00 00 00 00 00 00 00 00 00 00 00 00 00 00 00 00 00 00 00 00 00 00 00 00 00 00 00 00 00 00 00 00 00 00 00 00 00 00 00 00 00 00 00 00 00 00 00 00 00 00 00
0x1BE4 00 00 00 00 00 00 00 00 00 00 00 00 00 00 00 00 00 00 00 00 00 00 00 00 00 00 00 00 AA AA AA AA AA AA AA AA 65 A6 9A 66 69 55 65 99 3F 3F 03 00 0C 00 00 00 00 00 00 00 88 00 00 00
0x1C20 06 00 00 00 00 00 00 00 01 00 00 00 00 00 00 00 00 00 00 00 00 00 00 00 00 00 00 00 00 00 00 00 00 00 00 00 00 00 00 00 00 00 00 00 00 00 00 00 00 00 00 00 00 00 00 00 00 00 00 00
0x1C5C 00 00 00 00 00 00 00 00 00 00 00 00 00 00 00 00 00 00 00 00 00 00 00 00 00 00 00 00 00 00 00 00 00 00 00 00 00 00 00 00 00 00 00 00 00 00 00 00 00 00 00 00 00 00 00 00 00 00 00 00
0x1C98 00 00 00 00 00 00 00 00 00 00 00 00 00 00 00 00 00 00 00 00 00 00 00 00 00 00 00 00 00 00 00 00 00 00 00 00 00 00 00 00 00 00 00 00 00 00 00 00 00 00 00 00 00 00 00 00 00 00 00 00
0x1CD4 00 00 00 00 00 00 00 00 00 00 00 00 00 00 00 00 00 00 00 00 00 00 00 00 00 00 00 00 00 00 00 00 00 00 00 00 00 00 00 00 00 00 00 00 00 00 00 00 00 00 00 00 00 00 00 00 00 00 00 00
0x1D10 00 00 00 00 00 00 00 00 00 00 00 00 00 00 00 00 00 00 00 00 00 00 00 00 00 00 00 00 00 00 00 00 00 00 00 00 00 00 00 00 00 00 00 00 00 00 00 00 00 00 00 00 00 00 00 00 00 00 00 00
0x1D4C 00 00 00 00 00 00 00 00 00 00 00 00 00 00 00 00 00 00 00 00 00 00 00 00 00 00 00 00 00 00 00 00 00 00 00 00 00 00 00 00 00 00 00 00 00 00 00 00 00 00 00 00 00 00 00 00 00 00 00 00
0x1D88 00 00 00 00 00 00 00 00 00 00 00 00 00 00 00 00 00 00 00 00 00 00 00 00 00 00 00 00 00 00 00 00 00 00 00 00 00 00 00 00 00 00 00 00 00 00 00 00 00 00 00 00 00 00 00 00 00 00 00 00
0x1DC4 00 00 00 00 00 00 00 00 00 00 00 00 00 00 00 00 00 00 00 00 00 00 00 00 00 00 00 00 00 00 00 00 00 00 00 00 00 00 00 00 00 00 00 00 00 00 00 00 00 00 00 00 00 00 00 00 00 00 00 00
0x1E00 00 00 00 00 00 00 00 00 00 00 00 00 00 00 00 00 00 00 00 00 00 00 00 00 00 00 00 00 00 00 00 00 00 00 00 00 00 00 00 00 00 00 00 00 00 00 00 00 00 00 00 00 00 00 00 00 00 00 00 00
0x1E3C 00 00 00 00 00 00 00 00 00 00 00 00 00 00 00 00 00 00 00 00 00 00 00 00 00 00 00 00 00 00 00 00 00 00 00 00 00 00 00 00 00 00 00 00 00 00 00 00 00 00 00 00 00 00 00 00 00 00 00 00
0x1E78 00 00 00 00 00 00 00 00 00 00 00 00 00 00 00 00 00 00 00 00 00 00 00 00 00 00 00 00 00 00 00 00 00 00 00 00 00 00 00 00 00 00 00 00 00 00 00 00 00 00 00 00 00 00 00 00 00 00 00 00
0x1EB4 00 00 00 00 00 00 00 00 00 00 00 00 00 00 00 00 00 00 00 00 00 00 00 00 00 00 00 00 00 00 00 00 00 00 00 00 00 00 00 00 00 00 00 00 00 00 00 00 00 00 00 00 00 00 00 00 00 00 00 00
0x1EF0 00 00 00 00 00 00 00 00 00 00 00 00 00 00 00 00 00 00 00 00 00 00 00 00 00 00 00 00 00 00 00 00 00 00 00 00 00 00 00 00 00 00 00 00 00 00 00 00 00 00 00 00 00 00 00 00 00 00 00 00
0x1F2C 00 00 00 00 00 00 00 00 00 00 00 00 00 00 00 00 00 00 00 00 00 00 00 00 00 00 00 00 00 00 00 00 00 00 00 00 00 00 00 00 00 00 00 00 00 00 00 00 00 00 00 00 00 00 00 00 00 00 00 00
0x1F68 00 00 00 00 00 00 00 00 00 00 00 00 00 00 00 00 00 00 00 00 00 00 00 00 00 00 00 00 00 00 00 00 00 00 00 00 00 00 00 00 00 00 00 00 00 00 00 00 00 00 00 00 00 00 00 00 00 00 00 00
0x1FA4 00 00 00 00 00 00 00 00 00 00 00 00 00 00 00 00 00 00 00 00 00 00 00 00 00 00 00 00 00 00 00 00 00 00 00 00 00 00 00 00 00 00 00 00 00 00 00 00 00 00 00 00 00 00 00 00 00 00 00 00
0x1FE0 00 00 00 00 00 00 00 00 00 00 00 00 00 00 00 00 00 00 00 00 00 00 00 00 00 00 00 00 00 00 00 00 00 00 03 00 01 40 1F 00 03 00 00 00 00 00 00 00 20 04 12 00 08 07 00 00 00 00 00 00
0x201C 00 00 00 00 00 00 00 00 00 00 00 00 00 00 00 00 00 00 00 00 03 03 00 00 00 01 00 00 00 00 00 00 00 00 00 00 02 01 00 00 01 00 00 00 01 00 00 01 03 00 00 00 28 00 6C 10 00 00 00 00
0x2058 00 00 00 00 00 00 00 00 00 00 00 00 00 00 00 00 00 00 00 00 00 00 00 00 00 00 00 00 00 00 00 00 00 00 00 00 00 00 00 00 00 00 00 00 00 00 00 00 08 00 00 00 00 00 00 00 00 00 00 00
0x2094 00 00 00 00 00 00 00 00 00 00 00 00 01 00 01 00 8D C9 94 00 65 E3 41 4E 00 00 00 00 01 A1 00 04 01 00 E8 03 00 00 32 00 00 00 00 00 07 00 DA 03 01 00 00 00 00 00 00 00 00 00 00 00
0x20D0 00 00 00 00 00 00 00 00 00 00 00 00 00 00 00 00 00 00 00 00 3F 00 00 00 00 00 00 00 00 00 00 00 01 01 00 00 00 00 00 00 00 00 00 00 00 00 00 00 00 00 01 00 06 06 0F 0F 00 00 03 00
0x210C CC 00 00 00 00 00 00 00 00 00 00 00 00 00 00 00 00 00 00 00 00 00 00 00 00 00 00 00 00 00 00 00 00 00 00 00 00 00 00 00 00 00 00 00 00 00 00 00 00 00 00 00 00 00 00 00 00 00 00 00
0x2148 00 00 00 00 00 00 00 00 00 00 00 00 00 00 00 00 00 00 00 00 00 00 00 00 00 00 00 00 00 00 00 00 00 00 00 00 00 00 00 00 00 00 00 00 00 00 00 00 00 00 00 00 00 00 00 00 00 00 00 00
0x2184 00 00 00 00 00 00 00 00 00 00 00 00 00 00 00 00 37 12 08 10 00 00 00 00 00 00 00 00 00 00 00 00 00 00 00 00 00 00 00 00 00 00 00 00 00 00 00 00 00 00 00 00 03 06 00 00 11 11 11 01
0x21C0 11 C3 30 33 00 00 00 00 00 00 00 00 00 00 00 00 00 00 00 00 00 00 00 00 01 00 00 00 00 00 00 00 01 00 00 00 FC 00 00 00 00 00 06 00 0F 03 06 00 0F 02 06 00 0F 00 05 00 0F 03 06 00
0x21FC 0F 00 07 00 0F 03 04 00 0F 03 06 00 03 00 06 00 0F 03 04 00 FF 00 00 00 FA 0B 00 01 00 00 00 00 03 00 00 01 00 00 12 AE 00 00 00 00 00 00 00 00 00 00 01 00 00 00 00 00 00 00 00 00
0x2238 01 00 00 00 05 00 00 00 00 00 00 02 56 A1 00 00 00 00 00 00 00 00 00 00 00 00 00 01 0F 0F 00 FB 00 00 00 80 01 00 01 63 65 03 00 01 04 00 02 00 02 01 00 00 01 01 01 00 09 00 00 00
0x2274 00 00 80 00 01 00 00 00 00 03 04 00 00 00 00 00 00 00 00 01 01 00 04 02 01 01 0C 02 00 00 00 00 00 00 00 00 00 00 00 00 00 00 00 00 00 00 00 00 00 00 00 00 00 00 00 00 00 00 00 00
0x22B0 00 00 00 00 00 00 00 00 00 00 00 00 59 DA 01 00 06 00 00 00 0A 14 00 00 0E 14 00 00 74 07 D6 07 CD 19 C5 19 50 02 BC 02 00 00 00 00 00 00 00 00 00 00 00 00 4E 35 00 00 BB 4F 00 00
0x22EC 6E 45 E7 C5 AD 6F 31 45 02 44 89 7B 00 00 00 00 00 00 00 00 00 00 00 00 1C 1F 00 00 00 00 00 00 00 00 00 00 00 00 02 00 01 00 00 00 00 00 00 00 00 00 00 00 00 00 00 00 01 00 01 01
0x2328 00 03 01 00 00 00 01 00 03 00 00 00 04 00 00 00 00 00 00 00 00 00 00 00 0F 00 00 00 0F 00 00 00 00 00 00 00 00 00 00 00 00 00 00 00 00 00 00 00 00 00 00 00 00 00 00 00 00 00 00 00
0x2364 00 00 00 00 00 00 00 00 00 00 00 00 00 00 00 00 00 00 00 00 00 00 00 00 00 00 00 00 00 00 00 00 00 00 00 00 00 00 00 00 00 00 00 00 00 00 00 00 00 00 00 00 00 00 00 00 00 00 00 00
0x23A0 00 00 00 00 00 00 00 00 00 00 00 00 00 00 00 00 00 00 00 00 00 00 00 00 00 00 00 00 00 00 00 00 00 00 00 00 00 00 00 00 00 00 00 00 00 00 00 00 00 00 00 00 00 00 00 00 00 00 00 00
0x23DC 00 00 00 00 00 00 00 00 00 00 00 00 00 00 00 00 00 00 00 00 00 00 00 00 00 00 00 00 00 00 00 00 00 00 00 00 01 01 06 03 00 00 00 00 07 44 04 00 01 11 01 00 00 00 00 00 00 00 00 00
0x2418 00 00 00 00 00 00 00 00 00 00 00 00 00 00 00 00 00 00 00 00 00 00 00 00 00 00 00 00 00 00 00 00 00 00 00 00 00 00 00 00 00 00 00 00 00 00 00 00 00 00 00 00 00 00 00 00 00 00 00 00
0x2454 00 00 00 00 00 00 00 00 00 00 00 00 00 00 00 00 00 00 00 00 00 00 00 00 00 00 00 00 00 00 00 00 00 00 00 00 00 00 00 00 00 00 00 00 00 00 00 00 00 00 00 00 00 00 00 00 00 00 00 00
0x2490 00 00 00 00 00 00 00 00 00 00 00 00 00 00 00 00 00 00 00 00 00 00 00 00 00 00 00 00 00 00 00 00 00 00 00 00 00 00 00 00 00 00 00 00 00 00 00 00 00 00 00 00 00 00 00 00 00 00 00 00
0x24CC 00 00 00 00 00 00 00 00 00 00 00 00 00 00 00 00 00 00 00 00 00 00 00 00 00 00 00 00 00 00 00 00 00 00 00 00 00 00 00 00 00 00 00 00 00 00 00 00 00 00 00 00 00 00 00 00 00 00 00 00
0x2508 00 00 00 00 00 00 00 00 00 00 00 00 00 00 00 00 00 00 00 00 00 00 00 00 00 00 00 00 00 00 00 00 00 00 00 00 00 00 00 00 00 00 00 00 00 00 00 00 00 00 00 00 00 00 00 00 00 00 00 00
0x2544 00 00 00 00 00 00 00 00 00 00 00 00 00 00 00 00 00 00 00 00 00 00 00 00 00 00 00 00 00 00 00 00 00 00 00 00 00 00 00 00 00 00 00 00 00 00 00 00 00 00 00 00 00 00 00 00 00 00 00 00
0x2580 00 00 00 00 00 00 00 00 00 00 00 00 00 00 00 00 00 00 00 00 00 00 00 00 00 00 00 00 00 00 00 00 00 00 00 00 00 00 00 00 00 00 00 00 00 00 00 00 00 00 00 00 00 00 00 00 00 00 00 00
0x25BC 00 00 00 00 00 00 00 00 00 00 00 00 00 00 00 00 00 00 00 00 00 00 00 00 00 00 00 00 00 00 00 00 00 00 00 00 00 00 00 00 00 00 00 00 00 00 00 00 00 00 00 00 00 00 00 00 00 00 00 00
0x25F8 00 00 00 00 00 00 00 00 00 00 00 00 00 00 00 00 00 00 00 00 00 00 00 00 00 00 00 00 00 00 00 00 00 00 00 00 00 00 00 00 00 00 00 00 00 00 00 00 00 00 00 00 00 00 00 00 00 00 00 00
0x2634 00 00 00 00 00 00 00 00 00 00 00 00 00 00 00 00 00 00 00 00 00 00 00 00 00 00 00 00 00 00 00 00 00 00 00 00 00 00 00 00 00 00 00 00 00 00 00 00 00 00 00 00 00 00 00 00 00 00 00 00
0x2670 00 00 00 00 00 00 00 00 00 00 00 00 00 00 00 00 00 00 00 00 00 00 00 00 00 00 00 00 00 00 00 00 00 00 00 00 00 00 00 00 00 00 00 00 00 00 00 00 00 00 00 00 00 00 00 00 00 00 00 00
0x26AC 00 00 00 00 00 00 00 00 00 00 00 00 00 00 00 00 00 00 00 00 00 00 00 00 00 00 00 00 00 00 00 00 00 00 00 00 00 00 00 00 00 00 00 00 00 00 00 00 00 00 00 00 00 00 00 00 00 00 00 00
0x26E8 00 00 00 00 00 00 00 00 00 00 00 00 00 00 00 00 00 00 00 00 00 00 00 00 00 00 00 00 00 00 00 00 00 00 00 00 00 00 00 00 00 00 00 00 00 00 00 00 00 00 00 00 00 00 00 00 00 00 00 00
0x2724 00 00 00 00 00 00 00 00 00 00 00 00 00 00 00 00 00 00 00 00 00 00 00 00 00 00 00 00 00 00 00 00 00 00 00 00 00 00 00 00 00 00 00 00 00 00 00 00 00 00 00 00 00 00 00 00 00 00 00 00
0x2760 00 00 00 00 00 00 00 00 00 00 00 00 00 00 00 00 00 00 00 00 00 00 00 00 00 00 00 00 00 00 00 00 00 00 00 00 00 00 00 00 00 00 00 00 00 00 00 00 00 00 00 00 00 00 00 00 00 00 00 00
0x279C 00 00 00 00 00 00 00 00 00 00 00 00 00 00 00 00 00 00 00 00 00 00 00 00 00 00 00 00 00 00 00 00 00 00 00 00 00 00 00 00 00 00 00 00 00 00 00 00 00 00 00 00 00 00 00 00 00 00 00 00
0x27D8 00 00 00 00 00 00 00 00 00 00 00 00 00 00 00 00 00 00 00 00 00 00 00 00 00 00 00 00 00 00 00 00 00 00 00 00 00 00 00 00 17 3B 00 00 00 80 00 00 10 00 01 00 00 F0 F1 00 00 00 00 00
0x2814 00 00 00 00 00 00 00 00 00 00 00 00 00 00 00 00 00 00 00 00 00 00 00 00 00 00 00 00 00 00 00 00 00 00 00 00 00 00 00 00 00 00 00 00 00 00 00 00 00 00 00 00 00 00 00 00 00 00 00 00
0x2850 00 00 00 00 00 00 00 00 00 00 00 00 00 00 00 00 00 00 00 00 00 00 00 00 00 00 00 00 00 00 00 00 00 00 00 00 00 00 00 00 00 00 00 00 00 00 00 00 11 07 01 00 01 00 00 00 00 00 00 00
0x288C 00 00 00 00 00 00 00 00 00 00 00 00 00 00 00 00 00 00 00 00 00 00 00 00 00 00 00 00 00 00 00 00 00 00 00 00 00 00 00 00 00 00 00 00 00 00 00 00 00 00 00 00 00 00 00 00 00 00 00 00
0x28C8 00 00 00 00 00 00 00 00 00 00 00 00 00 00 00 00 00 00 00 00 00 00 00 00 00 00 00 00 00 00 00 00 00 00 00 00 00 00 00 00 00 00 00 00 00 00 00 00 00 00 00 00 00 00 00 00 00 00 00 00
0x2904 00 00 00 00 00 00 00 00 00 00 00 00 01 00 00 00 00 00 00 00 FC FF 00 00 04 00 00 00 00 00 00 00 00 00 00 00 00 00 00 00 00 00 00 00 00 00 00 00 00 00 00 00 00 00 00 00 00 00 00 00
0x2940 00 00 00 00 00 00 00 00 00 00 00 00 00 00 00 00 00 00 00 00 00 00 00 00 00 00 00 00 00 00 00 00 00 00 00 00 00 00 00 00 00 00 00 00 00 00 00 00 00 00 00 00 00 00 00 00 00 00 00 00
0x297C 00 00 00 00 00 00 00 00 00 00 00 00 00 00 00 00 00 00 00 00 00 00 00 00 00 00 00 00 00 00 00 00 00 00 00 00 00 00 00 00 00 00 00 00 00 00 00 00 00 00 00 00 00 00 00 00 00 00 00 00
0x29B8 00 00 00 00 00 00 00 00 00 00 00 00 00 00 00 00 00 00 00 00 00 00 00 00 00 00 00 00 00 00 00 00 00 00 00 00 00 00 00 00 00 00 00 00 00 00 00 00 00 00 00 00 00 00 00 00 00 00 00 00
0x29F4 00 00 00 00 00 00 00 00 00 00 00 00 00 00 00 00 00 00 00 00 00 00 00 00 00 00 00 00 00 00 00 00 00 00 00 00 00 00 00 00 00 00 00 00 00 00 00 00 00 00 00 00 00 00 00 00 00 00 00 00
0x2A30 00 00 00 00 00 00 00 00 00 00 00 00 00 00 00 00 00 00 00 00 00 00 00 00 00 00 00 00 00 00 00 00 00 00 00 00 00 00 00 00 00 00 00 00 00 00 00 00 00 00 00 00 00 00 00 00 00 00 00 00
0x2A6C 00 00 00 00 00 00 00 00 00 00 00 00 00 00 00 00 00 00 00 00 00 00 00 00 00 00 00 00 00 00 00 00 00 00 00 00 00 00 00 00 00 00 00 00 00 00 00 00 00 00 00 00 00 00 00 00 00 00 00 00
0x2AA8 00 00 00 00 00 00 00 00 00 00 00 00 00 00 00 00 00 00 00 00 00 00 00 00 00 00 00 00 00 00 00 00 00 00 00 00 00 00 00 00 00 00 00 00 00 00 00 00 00 00 00 00 00 00 00 00 00 00 00 00
0x2AE4 00 00 00 00 00 00 00 00 00 00 00 00 00 00 00 00 00 00 00 00 00 00 00 00 00 00 00 00 00 00 00 00 00 00 00 00 00 00 00 00 00 00 00 00 00 00 00 00 00 00 00 00 00 00 00 00 00 00 00 00
0x2B20 00 00 00 00 00 00 00 00 00 00 00 00 00 00 00 00 00 00 00 00 00 00 00 00 00 00 00 00 00 00 00 00 00 00 00 00 00 00 00 00 00 00 00 00 00 00 00 00 00 00 00 00 00 00 00 00 00 00 00 00
0x2B5C 00 00 00 00 00 00 00 00 00 00 00 00 00 00 00 00 00 00 00 00 00 00 00 00 00 00 00 00 00 00 00 00 00 00 00 00 00 00 00 00 00 00 00 00 00 00 00 00 00 00 00 00 00 00 00 00 00 00 00 00
0x2B98 00 00 00 00 00 00 00 00 00 00 00 00 00 00 00 00 00 00 00 00 00 00 00 00 00 00 00 00 00 00 00 00 00 00 00 00 00 00 00 00 00 00 00 00 00 00 00 00 00 00 00 00 00 00 00 00 00 00 00 00
0x2BD4 00 00 00 00 00 00 00 00 00 00 00 00 00 00 00 00 00 00 00 00 00 00 00 00 00 00 00 00 00 00 00 00 00 00 00 00 00 00 00 00 00 00 00 00 01 00 0A 00 00 00 00 00 01 00 00 00 00 00 00 00
0x2C10 00 00 00 00 00 00 00 00 01 20 03 D0 00 00 01 00 00 00 03 00 00 00 00 01 00 01 00 00 55 55 55 55 00 00 00 00 00 01 00 02 00 00 00 00 00 00 00 00 00 00 00 00 00 00 00 00 00 00 02 00
0x2C4C 04 00 06 00 08 00 0A 00 00 00 00 00 00 00 00 00 00 00 00 00 00 00 00 00 00 00 00 00 00 00 00 00 00 00 00 00 00 00 00 00 00 00 00 00 00 00 00 00 01 00 00 00 00 00 00 00 55 55 55 55
0x2C88 55 55 55 55 00 00 00 00 21 00 00 10 00 00 00 00 00 08 00 00 15 00 13 00 15 00 14 00 15 00 13 00 15 00 15 00 15 00 15 00 15 00 15 00 15 00 15 00 15 00 15 00 15 00 15 00 15 00 15 00
0x2CC4 12 00 15 00 17 00 16 00 15 00 17 00 15 00 16 00 1A 00 18 00 12 00 15 00 15 00 15 00 12 00 15 00 15 00 15 00 15 00 19 00 15 00 00 00 50 00 01 00 1A 00 5D 00 00 00 00 21 00 00 00 00
0x2D00 09 00 00 00 00 00 10 00 00 00 00 00 00 00 00 00 00 00 00 00 08 00 08 00 08 00 00 00 00 00 00 00 00 00 00 00 00 00 00 00 01 00 00 00 00 00 11 00 2A 08 00 00 1A 00 00 00 00 00 00 00
0x2D3C 00 00 00 00 00 00 00 00 00 00 00 00 00 00 00 00 00 00 00 00 0E 00 0E 00 0E 00 0E 00 0E 00 0E 00 0E 00 0E 00 0E 00 0E 00 0E 00 0E 00 0E 00 0E 00 0E 00 0E 00 0E 00 0E 00 0E 00 0E 00
0x2D78 0E 00 0E 00 0E 00 0E 00 0E 00 0E 00 0E 00 0E 00 0E 00 0E 00 0E 00 0E 00 0E 00 0E 00 0E 00 0E 00 0E 00 0E 00 0E 00 0E 00 50 00 00 00 4B 00 01 00 B1 00 30 00 00 00 00 00 00 00 00 00
0x2DB4 00 00 00 00 00 00 00 00 00 00 00 00 00 00 00 00 00 00 00 00 00 00 00 00 00 00 00 00 00 00 00 00 00 00 00 00 00 00 00 00 00 00 00 00 00 00 00 00 00 00 00 00 00 00 00 00 00 00 00 00
0x2DF0 00 00 00 00 00 00 00 00 00 00 00 00 00 00 00 00 00 00 00 00 00 00 00 00 00 00 00 00 00 00 00 00 00 00 00 00 00 00 00 00 00 00 00 00 00 00 00 00 00 00 00 00 00 00 00 00 00 00 00 00
0x2E2C 00 00 00 00 00 00 00 00 00 00 00 00 00 00 00 00 00 00 00 00 00 00 00 00 00 00 00 00 00 00 00 00 00 00 00 00 00 00 00 00 00 00 00 00 00 00 00 00 00 00 00 00 00 00 00 00 00 00 00 00
0x2E68 00 00 00 00 00 00 00 00 00 00 00 00 00 00 00 00 00 00 00 00 00 00 00 00 00 00 00 00 00 00 00 00 00 00 00 00 00 00 00 00 00 00 00 00 00 00 00 00 00 00 00 00 00 00 00 00 00 00 00 00
0x2EA4 00 00 00 00 00 00 00 00 00 00 00 00 00 00 00 00 00 00 00 00 00 00 00 00 00 00 00 00 00 00 00 00 00 00 00 00 00 00 00 00 00 00 00 00 00 00 00 00 00 00 00 00 00 00 00 00 00 00 00 00
0x2EE0 00 00 00 00 00 00 00 00 00 00 00 00 00 00 00 00 00 00 00 00 00 00 00 00 00 00 00 00 00 00 00 00 00 00 00 00 00 00 00 00 00 00 00 00 00 00 00 00 00 00 00 00 00 00 00 00 00 00 00 00
0x2F1C 00 00 00 00 00 00 00 00 00 00 00 00 00 00 00 00 00 00 00 00 00 00 00 00 00 00 00 00 00 00 00 00 00 00 00 00 00 00 00 00 00 00 00 00 00 00 00 00 00 00 00 00 00 00 00 00 00 00 00 00
0x2F58 00 00 00 00 00 00 00 00 00 00 00 00 00 00 00 00 00 00 00 00 00 00 00 00 00 00 00 00 00 00 00 00 00 00 00 00 00 00 00 00 00 00 00 00 00 00 00 00 00 00 00 00 00 00 00 00 00 00 00 00
0x2F94 00 00 00 00 00 00 00 00 00 00 00 00 00 00 00 00 00 00 00 00 00 00 00 00 00 00 00 00 00 00 00 00 00 00 00 00 00 00 00 00 00 00 00 00 00 00 00 00 00 00 00 00 00 00 00 00 00 00 00 00
0x2FD0 00 00 00 00 00 00 00 00 00 00 00 00 00 00 00 00 00 00 00 00 00 00 00 00 00 00 00 00 00 00 00 00 00 00 00 00 00 00 00 00 00 00 00 00 00 00 00 00 00 00 00 00 00 00 00 00 00 00 00 00
0x300C 00 00 00 00 00 00 00 00 00 00 00 00 00 00 00 00 00 00 00 00 00 00 00 00 00 00 00 00 00 00 00 00 00 00 00 00 00 00 00 00 00 00 00 00 00 00 00 00 00 00 00 00 00 00 00 00 00 00 00 00
0x3048 00 00 00 00 00 00 00 00 00 00 00 00 00 00 00 00 00 00 00 00 00 00 00 00 00 00 00 00 00 00 00 00 00 00 00 00 00 00 00 00 00 00 00 00 00 00 00 00 00 00 00 00 00 00 00 00 03 03 0F BE
0x3084 04 04 00 00 2C 2C 00 00 02 00 00 00 01 01 01 00 00 00 00 00 00 00 00 00 01 01 01 00 C0 B0 01 00 00 00 00 00 00 00 00 00 00 00 00 00 00 08 00 04 3F FF 00 01 00 00 00 05 41 B8 00 00
0x30C0 00 00 00 00 00 00 00 00 00 00 00 00 00 00 00 00 00 00 00 00 00 00 00 00 00 00 00 00 00 00 00 00 00 00 00 00 00 00 00 00 00 00 00 00 00 00 00 00 CC 00 00 00 00 00 00 00 00 00 00 00
0x30FC 00 00 00 00 00 00 00 00 00 00 00 00 00 00 00 00 00 00 00 00 00 00 00 00 00 00 00 00 00 00 00 00 00 00 00 00 00 00 00 00 00 00 00 00 00 00 00 00 00 00 00 00 00 00 00 00 00 00 00 00
0x3138 00 00 00 00 00 00 00 00 00 01 00 00 00 40 FF 43 00 00 00 00 00 00 00 00 00 40 FF 43 00 00 01 00 00 00 00 00 00 00 00 00 00 00 00 00 00 00 00 00 00 00 00 00 00 00 00 00 00 00 00 00
0x3174 00 00 00 00 00 00 00 00 00 00 00 00 00 00 00 00 00 00 00 00 00 00 00 00 00 00 00 00 00 00 00 00 00 00 00 00 00 00 00 00 00 00 00 00 00 00 00 00 00 00 00 00 00 00 00 00 00 00 00 00
0x31B0 00 00 00 00 00 00 00 00 00 00 00 00 00 00 00 00 00 00 00 00 00 00 00 00 00 00 00 00 00 00 00 00 00 00 00 00 00 00 00 00 00 00 00 00 00 00 00 00 00 00 00 00 00 00 00 00 00 00 00 00
0x31EC 00 00 00 00 00 00 00 00 00 00 00 00 00 00 00 00 00 00 00 00 00 00 00 00 00 00 00 00 00 00 00 00 00 00 00 00 00 00 00 00 00 00 00 00 00 00 00 00 00 00 00 00 00 00 00 00 00 00 00 00
0x3228 00 00 00 00 00 00 00 00 00 00 00 00 00 00 00 00 00 00 00 00 00 00 00 00 00 00 00 00 00 00 00 00 00 00 00 00 00 00 00 00 00 00 00 00 00 00 00 00 00 00 00 00 00 00 00 00 00 00 00 00
0x3264 00 00 00 00 00 00 00 00 00 00 00 00 00 00 00 00 00 00 00 00 00 00 00 00 00 00 00 00 00 00 00 00 00 00 00 00 00 00 00 00 00 00 00 00 00 00 00 00 00 00 00 00 00 00 00 00 00 00 00 00
0x32A0 00 00 00 00 00 00 00 00 00 00 00 00 00 00 00 00 00 00 00 00 00 00 00 00 00 00 00 00 00 00 00 00 00 00 00 00 00 00 00 00 00 00 00 00 00 00 00 00 00 00 00 00 00 00 00 00 00 00 00 00
0x32DC 00 00 00 00 00 00 00 00 00 00 00 00 00 00 00 00 00 00 00 00 00 00 00 00 00 00 00 00 00 00 00 00 00 00 00 00 00 00 00 00 00 00 00 00 00 00 00 00 00 00 00 00 00 00 00 00 00 00 00 00
0x3318 00 00 00 00 00 00 00 00 00 00 00 00 00 00 00 00 00 00 00 00 00 00 00 00 00 00 00 00 00 00 00 00 00 00 00 00 00 00 00 00 00 00 00 00 00 00 00 00 00 00 00 00 00 00 00 00 00 00 00 00
0x3354 00 00 00 00 00 00 00 00 00 00 00 00 00 00 00 00 00 00 00 00 00 00 00 00 00 00 00 00 00 00 00 00 00 00 00 00 00 00 00 00 00 00 00 00 00 00 00 00 00 00 00 00 00 00 00 00 00 00 00 00
0x3390 00 00 00 00 00 00 00 00 00 00 00 00 00 00 00 00 00 00 00 00 00 00 00 00 00 00 00 00 00 00 00 00 00 00 00 00 00 00 00 00 00 00 00 00 00 00 00 00 00 00 00 00 00 00 00 00 00 00 00 00
0x33CC 00 00 00 00 00 00 00 00 00 00 00 00 00 00 00 00 00 00 00 00 00 00 00 00 00 00 00 00 00 00 00 00 00 00 00 00 00 00 00 00 00 00 00 00 00 00 00 00 00 00 00 00 00 00 00 00 00 00 00 00
0x3408 00 00 00 00 00 00 00 00 00 00 00 00 00 00 00 00 00 00 00 00 00 00 00 00 01 00 0A 00 00 00 00 00 00 00 00 00 55 55 55 55 00 00 00 00 00 00 00 00 00 00 00 00 00 00 00 00 00 00 00 00
0x3444 00 00 00 00 00 00 00 00 00 00 00 00 00 00 00 00 00 00 00 00 00 00 01 00 00 00 00 00 00 00 00 00 00 00 00 00 00 00 00 00 00 00 00 00 00 00 00 00 00 00 00 00 00 00 00 00 00 00 00 00
0x3480 00 00 01 00 00 00 00 00 00 00 00 00 00 00 00 00 00 00 00 00 00 00 00 00 00 00 00 00 00 00 00 00 00 00 00 00 00 00 00 00 00 00 00 00 00 00 00 00 00 00 00 00 00 00 00 00 00 00 00 00
0x34BC 00 00 00 00 00 00 00 00 00 00 00 00 00 00 00 00 00 00 00 00 00 00 00 00 00 00 00 00 00 00 00 00 00 00 00 00 00 00 00 00 00 00 00 00 00 00 00 00 00 00 00 00 00 00 00 00 00 00 00 00
0x34F8 00 00 00 00 00 00 00 00 00 00 00 00 00 00 00 00 00 00 00 00 00 00 00 00 00 00 00 00 00 00 00 00 00 00 00 00 00 00 00 00 00 00 00 00 00 00 00 00 00 00 00 00 00 00 00 00 00 00 00 00
0x3534 00 00 00 00 00 00 00 00 00 00 00 00 00 00 00 00 00 00 00 00 00 00 00 00 00 00 00 00 00 00 00 00 00 00 00 00 00 00 00 00 00 00 00 00 00 00 00 00 00 00 00 00 00 00 00 00 00 00 00 00
0x3570 00 00 00 00 00 00 00 00 00 00 00 00 00 00 00 00 00 00 00 00 00 00 00 00 00 00 00 00 00 00 00 00 00 00 00 00 00 00 00 00 00 00 00 00 00 00 00 00 00 00 00 00 00 00 00 00 00 00 00 00
0x35AC 00 00 00 00 00 00 00 00 00 00 00 00 00 00 00 00 00 00 00 00 00 00 00 00 00 00 00 00 00 00 00 00 00 00 00 00 00 00 00 00 00 00 00 00 00 00 00 00 00 00 00 00 00 00 00 00 00 00 00 00
0x35E8 00 00 00 00 00 00 00 00 00 00 00 00 00 00 00 00 00 00 00 00 00 00 00 00 00 00 00 00 00 00 00 00 00 00 00 00 00 00 00 00 00 00 00 00 00 00 00 00 00 00 00 00 00 00 00 00 00 00 00 00
0x3624 00 00 00 00 00 00 00 00 00 00 00 00 00 00 00 00 00 00 00 00 00 00 00 00 00 00 00 00 00 00 00 00 00 00 00 00 00 00 00 00 00 00 00 00 00 00 00 00 00 00 00 00 00 00 00 00 00 00 00 00
0x3660 00 00 00 00 00 00 00 00 00 00 00 00 00 00 00 00 00 00 00 00 00 00 00 00 00 00 00 00 00 00 00 00 00 00 00 00 00 00 00 00 00 00 00 00 00 00 00 00 00 00 00 00 00 00 00 00 00 00 00 00
0x369C 00 00 00 00 00 00 00 00 00 00 00 00 00 00 00 00 00 00 00 00 00 00 00 00 00 00 00 00 00 00 00 00 00 00 00 00 00 00 00 00 00 00 00 00 00 00 00 00 00 00 00 00 00 00 00 00 00 00 00 00
0x36D8 00 00 00 00 00 00 00 00 00 00 00 00 00 00 00 00 00 00 00 00 00 00 00 00 00 00 00 00 00 00 00 00 00 00 00 00 00 00 00 00 00 00 00 00 00 00 00 00 00 00 00 00 00 00 00 00 00 00 00 00
0x3714 00 00 00 00 00 00 00 00 00 00 00 00 00 00 00 00 00 00 00 00 00 00 00 00 00 00 00 00 00 00 00 00 00 00 00 00 00 00 00 00 00 00 00 00 00 00 00 00 00 00 00 00 00 00 00 00 00 00 00 00
0x3750 00 00 00 00 00 00 00 00 00 00 00 00 00 00 00 00 00 00 00 00 00 00 00 00 00 00 00 00 00 00 00 00 00 00 00 00 00 00 00 00 00 00 00 00 00 00 00 00 00 00 00 00 00 00 00 00 00 00 00 00
0x378C 00 00 00 00 00 00 00 00 00 00 00 00 00 00 00 00 00 00 00 00 00 00 00 00 00 00 00 00 00 00 00 00 00 00 00 00 00 00 00 00 00 00 00 00 00 00 00 00 00 00 00 00 00 00 00 00 00 00 00 00
0x37C8 00 00 00 00 00 00 00 00 00 00 00 00 00 00 00 00 00 00 00 00 00 00 00 00 00 00 00 00 00 00 00 00 00 00 00 00 00 00 00 00 00 00 00 00 00 00 00 00 00 00 00 00 00 00 00 00 00 01 3F 00
0x3804 01 00 00 00 00 00 00 00 00 00 00 00 01 01 00 00 00 00 00 00 00 00 00 00 00 00 00 00 B8 95 00 00 C0 A3 00 00 C0 A3 00 00 C0 A3 00 00 D8 72 38 89 38 3A 32 2C 2E 36 34 30 24 2A 26 1A
0x3840 20 22 1C 1E 16 18 12 14 10 0E 0C 08 44 3C 28 0A 02 06 00 04 39 3B 33 2D 2F 37 35 31 25 2B 27 1B 21 23 1D 1F 17 19 13 15 11 0F 0D 09 45 3D 29 0B 03 07 01 05 40 41 42 43 44 45 46 47
0x387C 48 49 4A 4B 4C 4D 4E 4F 00 00 00 00 00 00 00 00 00 00 00 00 00 00 00 00 00 00 00 00 00 00 00 00 00 00 00 00 00 00 00 00 01 00 00 00 00 00 00 00 0B 00 00 00 C0 A3 00 00 E0 47 00 00
0x38B8 00 00 00 00 00 00 00 00 32 00 00 00 3F 00 04 00 01 00 00 00 00 00 00 00 10 00 02 00 00 80 40 00 00 88 80 00 10 32 00 00 00 01 10 00 10 00 00 01 00 90 00 00 04 03 04 00 00 00 00 00
0x38F4 00 00 00 00 00 00 00 00 00 00 00 00 00 00 00 00 00 00 00 00 00 00 00 00 00 00 00 00 00 00 00 00 00 00 00 00 00 00 00 00 00 00 00 00 00 00 00 00 00 00 00 00 00 00 00 00 00 00 00 00
0x3930 00 00 00 00 00 00 00 00 00 00 00 00 00 00 00 00 00 00 00 00 00 00 00 00 00 00 00 00 00 00 00 00 00 00 00 00 00 00 00 00 00 00 00 00 00 00 00 00 00 00 00 00 00 00 00 00 00 00 00 00
0x396C 00 00 00 00 00 00 00 00 00 00 00 00 00 00 00 00 00 00 00 00 00 00 00 00 00 00 00 00 00 00 00 00 00 00 00 00 00 00 00 00 00 00 00 00 00 00 00 00 00 00 00 00 00 00 00 00 00 00 00 00
0x39A8 00 00 00 00 00 00 00 00 00 00 00 00 00 00 00 00 00 00 00 00 00 00 00 00 00 00 00 00 00 00 00 00 00 00 00 00 00 00 00 00 00 00 00 00 00 00 00 00 00 00 00 00 00 00 00 00 00 00 00 00
0x39E4 00 00 00 00 00 00 00 00 00 00 00 00 00 00 00 00 00 00 00 00 00 00 00 00 00 00 00 00 00 00 00 00 00 00 00 00 00 00 00 00 00 00 00 00 00 00 00 00 00 00 00 00 00 00 00 00 00 00 00 00
0x3A20 00 00 00 00 00 00 00 00 00 00 00 00 00 00 00 00 00 00 00 00 00 00 00 00 00 00 00 00 00 00 00 00 00 00 00 00 00 00 00 00 00 00 00 00 00 00 00 00 00 00 00 00 00 00 00 00 00 00 00 00
0x3A5C 00 00 00 00 00 00 00 00 00 00 00 00 00 00 00 00 00 00 00 00 00 00 00 00 00 00 00 00 00 00 00 00 00 00 00 00 00 00 00 00 00 00 00 00 00 00 00 00 00 00 00 00 00 00 00 00 00 00 00 00
0x3A98 00 00 00 00 00 00 00 00 00 00 00 00 00 00 00 00 00 00 00 00 00 00 00 00 00 00 00 00 00 00 00 00 00 00 00 00 00 00 00 00 00 00 00 00 00 00 00 00 00 00 00 00 00 00 00 00 00 00 00 00
0x3AD4 00 00 00 00 00 00 00 00 00 00 00 00 00 00 00 00 00 00 00 00 00 00 00 00 00 00 00 00 00 00 00 00 00 00 00 00 00 00 00 00 00 00 00 00 00 00 00 00 00 00 00 00 00 00 00 00 00 00 00 00
0x3B10 00 00 00 00 00 00 00 00 00 00 00 00 00 00 00 00 00 00 00 00 00 00 00 00 00 00 00 00 00 00 00 00 00 00 00 00 00 00 00 00 00 00 00 00 00 00 00 00 00 00 00 00 00 00 00 00 00 00 00 00
0x3B4C 00 00 00 00 00 00 00 00 00 00 00 00 00 00 00 00 00 00 00 00 00 00 00 00 00 00 00 00 00 00 00 00 00 00 00 00 00 00 00 00 00 00 00 00 00 00 00 00 00 00 00 00 00 00 00 00 00 00 00 00
0x3B88 00 00 00 00 00 00 00 00 00 00 00 00 00 00 00 00 00 00 00 00 00 00 00 00 00 00 00 00 00 00 00 00 00 00 00 00 00 00 00 00 00 00 00 00 00 00 00 00 00 00 00 00 00 00 00 00 00 00 00 00
0x3BC4 00 00 00 00 00 00 00 00 00 00 00 00 00 00 00 00 00 00 00 00 00 00 00 00 00 00 00 00 00 00 00 00 00 00 00 00 00 00 00 00 00 00 00 00 00 00 00 00 00 00 00 00 00 00 00 00 00 00 00 00
0x3C00 00 00 00 00 00 00 00 00 00 00 00 00 00 00 00 00 00 00 00 00 00 00 00 00 00 00 00 00 00 00 00 00 01 00 0A 00 00 00 00 00 00 00 00 00 00 00 00 00 55 55 55 55 00 00 00 00 00 00 00 00
0x3C3C 00 00 00 00 00 00 00 00 00 00 00 00 00 00 00 00 00 00 00 00 00 00 00 00 00 00 00 00 00 00 01 00 00 00 00 00 00 00 00 00 00 00 00 00 00 00 00 00 00 00 01 00 00 00 00 00 00 00 00 00
0x3C78 00 00 00 00 00 00 00 00 00 00 01 00 00 00 00 00 00 00 00 00 00 00 00 00 00 00 00 00 00 00 00 00 00 00 00 00 00 00 00 00 00 00 00 00 00 00 00 00 00 00 00 00 00 00 00 00 00 00 00 00
0x3CB4 00 00 00 00 00 00 00 00 00 00 00 00 00 00 00 00 00 00 00 00 00 00 00 00 00 00 00 00 00 00 00 00 00 00 00 00 00 00 00 00 00 00 00 00 00 00 00 00 00 00 00 00 00 00 00 00 00 00 00 00
0x3CF0 00 00 00 00 00 00 00 00 00 00 00 00 00 00 00 00 00 00 00 00 00 00 00 00 00 00 00 00 00 00 00 00 00 00 00 00 00 00 00 00 00 00 00 00 00 00 00 00 00 00 00 00 00 00 00 00 00 00 00 00
0x3D2C 00 00 00 00 00 00 00 00 00 00 00 00 00 00 00 00 00 00 00 00 00 00 00 00 00 00 00 00 00 00 00 00 00 00 00 00 00 00 00 00 00 00 00 00 00 00 00 00 00 00 00 00 00 00 00 00 00 00 00 00
0x3D68 00 00 00 00 00 00 00 00 00 00 00 00 00 00 00 00 00 00 00 00 00 00 00 00 00 00 00 00 00 00 00 00 00 00 00 00 00 00 00 00 00 00 00 00 00 00 00 00 00 00 00 00 00 00 00 00 00 00 00 00
0x3DA4 00 00 00 00 00 00 00 00 00 00 00 00 00 00 00 00 00 00 00 00 00 00 00 00 00 00 00 00 00 00 00 00 00 00 00 00 00 00 00 00 00 00 00 00 00 00 00 00 00 00 00 00 00 00 00 00 00 00 00 00
0x3DE0 00 00 00 00 00 00 00 00 00 00 00 00 00 00 00 00 00 00 00 00 00 00 00 00 00 00 00 00 00 00 00 00 00 00 00 00 00 00 00 00 00 00 00 00 00 00 00 00 00 00 00 00 00 00 00 00 00 00 00 00
0x3E1C 00 00 00 00 00 00 00 00 00 00 00 00 00 00 00 00 00 00 00 00 00 00 00 00 00 00 00 00 00 00 00 00 00 00 00 00 00 00 00 00 00 00 00 00 00 00 00 00 00 00 00 00 00 00 00 00 00 00 00 00
0x3E58 00 00 00 00 00 00 00 00 00 00 00 00 00 00 00 00 00 00 00 00 00 00 00 00 00 00 00 00 00 00 00 00 00 00 00 00 00 00 00 00 00 00 00 00 00 00 00 00 00 00 00 00 00 00 00 00 00 00 00 00
0x3E94 00 00 00 00 00 00 00 00 00 00 00 00 00 00 00 00 00 00 00 00 00 00 00 00 00 00 00 00 00 00 00 00 00 00 00 00 00 00 00 00 00 00 00 00 00 00 00 00 00 00 00 00 00 00 00 00 00 00 00 00
0x3ED0 00 00 00 00 00 00 00 00 00 00 00 00 00 00 00 00 00 00 00 00 00 00 00 00 00 00 00 00 00 00 00 00 00 00 00 00 00 00 00 00 00 00 00 00 00 00 00 00 00 00 00 00 00 00 00 00 00 00 00 00
0x3F0C 00 00 00 00 00 00 00 00 00 00 00 00 00 00 00 00 00 00 00 00 00 00 00 00 00 00 00 00 00 00 00 00 00 00 00 00 00 00 00 00 00 00 00 00 00 00 00 00 00 00 00 00 00 00 00 00 00 00 00 00
0x3F48 00 00 00 00 00 00 00 00 00 00 00 00 00 00 00 00 00 00 00 00 00 00 00 00 00 00 00 00 00 00 00 00 00 00 00 00 00 00 00 00 00 00 00 00 00 00 00 00 00 00 00 00 00 00 00 00 00 00 00 00
0x3F84 00 00 00 00 00 00 00 00 00 00 00 00 00 00 00 00 00 00 00 00 00 00 00 00 00 00 00 00 00 00 00 00 00 00 00 00 00 00 00 00 00 00 00 00 00 00 00 00 00 00 00 00 00 00 00 00 00 00 00 00
0x3FC0 00 00 00 00 00 00 00 00 00 00 00 00 00 00 00 00 00 00 00 00 00 00 00 00 00 00 00 00 00 00 00 00 00 00 00 00 00 00 00 00 00 00 00 00 00 00 00 00 00 00 00 00 00 00 00 00 00 00 00 00
0x3FFC 00 00 00 00 B1 ED E0 A7 CC CC 9D F4 E2 71 41 D3 95 DA 41 E8 D5 C4 3E 32 00 00 87 00 53 4C 45 59 00 00 4F 54 38 37 00 06 00 00 39 36 02 1C 00 00 04 00 05 03 75 03 00 00 E1 C3 A7 65
0x4038 13 20 00 00 28 00 0F A0 05 19 13 88 00 F0 00 14 00 00 00 00 00 00 40 41 14 00 0C 41 54 00 05 41 60 00 10 41 70 00 08 41 80 10 00 42 80 04 C0 86 B8 8E 38 80 78 00 66 7F 88 80 00 7F
0x4074 10 00 0A 7D D0 00 00 00 00 00 00 00 00 00 00 00 00 00 00 00 00 00 00 00 00 00 00 00 00 00 00 00 00 1C 01 08 00 15 54 00 00 00 00 00 00 00 00 00 00 00 00 00 00 00 00 00 00 00 00 00
0x40B0 00 00 00 00 00 00 00 00 00 00 00 00 00 00 00 00 00 00 00 00 00 00 00 00 00 00 00 00 00 00 00 00 00 00 00 00 00 00 00 00 00 00 00 00 00 00 00 00 00 00 00 00 00 00 00 00 00 00 00 00
0x40EC 00 00 00 00 00 00 00 00 00 00 00 00 00 00 00 00 00 00 00 00 00 00 00 00 00 00 00 00 00 00 00 00 00 00 00 00 00 00 00 00 FF FF FF FF FF FF FF FF FF FF FF FF FF FF FF FF FF FF FF FF
0x4128 FF FF FF FF FF FF FF FF FF FF FF FF FF FF FF FF FF FF FF FF FF FF FF FF FF FF FF FF FF FF FF FF FF FF FF FF FF FF FF FF FF FF FF FF 00 00 00 00 00 00 00 00 00 00 00 00 FF FF FF FF
0x4164 FF FF FF FF FF FF FF FF FF FF FF FF FF FF FF FF FF FF FF FF FF FF FF FF FF FF FF FF 00 00 00 00 00 00 00 DA 74 A6 5D F2 E4 9B A3 C8 3C EA 62 E1 93 48 C3 01 0B 50 54 E9 B2 68 BD AF
0x41A0 25 52 CE 9B 3F 9E 81 8F 9B 95 09 7D C6 08 A2 CE 96 86 49 7A E7 9F F6 EB B5 2E 9B 11 1F DF 49 37 70 01 2F 83 2C C4 E1 28 B0 0E 3D 31 A6 80 9F 1A 7D 5D 9E 9D A6 D5 C7 90 15 73 97 8B
0x41DC 02 B1 84 49 52 95 D9 B8 2D D0 45 1B B6 C8 E0 BB A1 98 6E D4 65 6F BB 32 7B DC C0 31 7B 71 46 0B 29 BE E2 8E 42 44 C7 76 93 61 60 48 3B D8 B4 29 48 31 FD 43 26 A4 9A 55 89 02 9F 49
0x4218 92 08 4E BF 75 9A 77 CB 01 DD C2 BB 88 5A F2 0C 22 0F 0D 93 57 D7 F0 FD 75 7C E2 05 A3 2A B6 BD D7 9A 04 43 36 14 B7 24 4A 9D F7 6B 0B 2D A3 F8 D5 E8 C1 8B E1 CF C1 2E 78 64 D7 76
0x4254 FF 91 20 4F B8 8D 73 48 6B 7B B7 C0 EA 0A 99 65 2B E9 F0 CB 40 8B AA B6 64 96 9A 44 77 21 7C 1C B3 0A 57 03 B9 6B F8 32 57 4B 1A CA D6 77 8E B6 5C A2 8A 56 C9 1F 57 28 8D 2A 28 82
0x4290 8C 85 3A 1E 78 F7 E6 FB 15 3D 3B DB 10 E1 49 75 4F 97 6D AF A1 AA E8 F4 71 21 04 FE 55 AF F2 2F 3C 17 69 69 80 07 C5 6D 87 B4 15 94 1F 8D 60 97 18 6E 0D 35 E9 BB 6E 53 B5 6C 22 4B
0x42CC 07 D2 C3 F3 20 61 08 93 78 94 C5 5E DC 25 C6 42 48 2C 97 87 D6 6B 63 85 47 88 3A 20 0A 70 13 D4 91 86 99 53 A0 59 EB F7 FF B3 1F E2 D2 F7 99 33 F7 11 C3 5C 9A D5 76 5A 9B D7 05 BE
0x4308 18 D1 79 67 64 B3 CF 56 C4 9F 61 A8 6D 4A F3 4F 8C 11 D3 A2 EA 9F DB 05 A1 EC 05 8F 54 23 1C 67 4C 69 8A 60 24 D3 CB 55 29 8F 1C F8 56 7F 97 4F 66 98 F4 69 AD 53 7C 67 0B 61 0C A8
0x4344 7E F0 6D B6 36 23 AA F1 CA 4F DF 5B E7 7C 41 37 5B F6 96 AD 8D 32 88 51 37 B7 23 53 D5 7A 05 7E AB F5 0D DD 04 69 E3 DB 3D 86 49 AE 07 CB 47 7A 79 DC 26 26 CA 1D D9 5F 92 CD F4 06
0x4380 BB 6A 5D 77 D0 16 0F C7 BA 2C 43 DE CE B8 FE A4 CC BC DB 5F 20 62 DB 35 E6 EF 9F 39 5A D3 D3 2A 69 76 54 EB D8 6D CE 52 02 1F F6 3C 72 E1 21 65 67 82 0A 29 37 2A DD FF 98 6C CE 8E
0x43BC 54 92 60 89 FF 06 3B 44 6F F8 DF 4A 0A 3E 29 BD 35 86 27 FA 14 35 A4 D8 1A D7 F8 B8 9E F2 EF EE 59 6C E0 1D 58 74 88 38 5D 78 AF 0E F6 D3 55 6C 92 22 F3 16 21 F9 00 23 CD CC 75 FD
0x43F8 FC BF 90 6D FE 77 CD 8F E7 EE DA 0B DF 96 58 42 33 40 C6 D3 E8 4E 08 9B DF C4 D7 3C D4 E2 7A AD D1 8F 9D DB 7E DF 29 2D 3C 6F 3C F8 62 53 48 15 56 A9 B0 D2 48 7D E8 14 FA 11 2B D3
0x4434 85 67 C0 E4 CD BD 96 78 F3 5D 32 96 B9 7B 7C EE F5 91 F6 29 CD D7 81 AB C7 A5 86 32 A2 0C B5 43 CC 6F 39 07 AA D9 9D D5 2F AD CC CE 75 29 86 66 3B FA 37 AB DF AE 53 FA 79 7B 59 B8
0x4470 3B F5 0E 92 79 04 A3 A9 46 E9 76 02 A9 7B 16 16 F7 CF 49 A8 B2 D7 60 00 4F 71 83 DC 52 F5 70 E9 DE D9 2F 4E 15 F5 FA 44 10 1B BB 65 FF FF D2 12 B7 5F 62 27 9B CE C1 7A 8F 2B 79 30
0x44AC 0F 33 50 18 5E B0 9C A2 D9 E0 1C CF 0F ED 97 0B A1 2E 4A 9E FF DD 43 20 F7 E8 50 39 66 EF 07 E0 88 7B 70 62 E2 94 08 24 AF 7E 4B 04 8B CF 50 FA FA 8C 98 38 30 E9 CA 9B 3B 54 9C 09
0x44E8 1E CE 61 D0 67 8F C9 54 57 55 49 E4 5E F2 C0 04 9B AB DA 8A B2 9F 1A F8 4C CE 8A 44 79 DD B0 25 8B 8E 49 48 33 EF 53 2E DA 9D 84 01 AB 8A D3 82 FE 15 44 7C A6 BA 19 99 90 78 24 A9
0x4524 2A BD 6F 50 74 AB 0E 95 AF EB 20 98 8F 72 AA 84 C1 3A D5 AB C1 24 AB 84 73 9A 32 4B 22 CD 49 24 37 A5 BA 22 DB B2 9E CF AD D2 2A 24 9F 57 5E 00 D3 7B E7 70 22 67 2E C1 1A 0A 44 50
0x4560 77 95 77 A3 77 8E 77 98 77 87 77 80 77 7C 77 84 77 54 77 9C 77 92 77 6E 77 72 77 5B 77 5E 77 6E 77 5E 77 79 77 95 77 A0 77 A8 77 B3 77 B6 77 98 76 C4 76 AE 76 CA 77 4D 77 6E 77 69
0x459C 77 3F 77 BE 76 B9 76 A0 76 8F 76 8F 76 8A 76 74 76 7F 76 6A 76 4E 76 9A 76 7C 76 60 76 66 76 55 76 55 76 4E 76 5C 76 6E 76 8E 76 A4 76 A8 76 B2 76 C0 76 8F 75 A9 75 76 75 A9 76 4E
0x45D8 76 55 76 86 76 8E 76 D4 77 4D 77 15 77 34 77 34 77 31 77 26 77 2A 77 26 77 0A 77 4D 77 31 77 15 77 23 77 15 77 07 77 07 77 15 77 31 77 46 77 4D 77 50 77 54 77 54 77 3C 76 78 76 44
0x4614 76 74 77 04 77 00 77 15 76 BF 77 76 76 55 76 3C 76 32 76 2B 76 32 76 1B 76 20 76 1C 75 F8 76 40 76 2B 75 FF 76 0A 76 06 75 F4 75 F1 76 0A 76 1D 76 44 76 52 76 55 76 55 76 58 76 36
0x4650 75 61 75 16 75 50 75 EE 76 0D 76 2B 76 3C 76 8D 76 F0 76 D0 76 BF 76 D4 76 D0 76 C2 76 C6 76 DE 76 AE 76 E6 76 CD 76 BC 76 C3 76 B6 76 B2 76 C4 76 BC 76 C6 76 DE 76 F8 76 F8 77 00
0x468C 77 04 76 E9 76 18 75 EE 76 28 76 B6 76 C0 76 C6 76 DE 77 26 76 4E 76 52 76 40 76 4A 76 47 76 32 76 32 76 32 76 0A 76 47 76 3C 76 10 76 24 76 18 75 F1 75 E1 76 0A 76 28 76 4A 76 5C
0x46C8 76 55 76 6E 76 6A 76 52 75 68 75 24 75 72 76 02 76 1B 76 47 76 60 76 9A 77 18 76 FC 77 00 76 FC 77 04 76 F4 76 F4 76 EC 76 CD 77 07 76 F0 76 E6 76 E6 76 E2 76 C2 76 D8 76 D8 76 EC
0x4704 77 0A 77 23 77 31 77 31 77 31 77 15 76 44 76 1C 76 60 76 D8 76 E6 77 07 77 0E 77 4D 76 2B 75 D3 76 0D 76 1B 76 0D 76 02 76 0D 75 FC 75 E1 76 1B 75 F8 75 E3 75 F4 75 E6 75 BA 75 B0
0x4740 75 D3 75 EE 76 0A 76 2E 76 39 76 2E 76 36 76 24 75 36 75 0B 75 42 75 D0 75 EA 75 C5 75 8B 76 36 77 4A 77 3C 77 31 77 4D 77 3C 77 31 77 31 77 2A 77 0A 77 42 77 31 77 0A 77 1C 77 12
0x477C 77 04 77 18 77 00 77 23 77 46 77 50 77 6A 77 79 77 6E 77 4A 76 7C 76 55 76 86 77 0A 77 1C 77 34 77 3F 77 87 76 71 76 39 76 60 76 71 76 71 76 55 76 58 76 71 76 3C 76 86 76 6A 76 4A
0x47B8 76 47 76 4E 76 24 76 24 76 3C 76 55 76 6E 76 8A 76 9D 76 9A 76 9A 76 78 75 8E 75 61 75 96 76 39 76 55 76 39 75 E3 76 8F 76 D4 76 C7 76 BC 76 CD 76 C3 76 AB 76 C4 76 C4 76 9A 76 BF
0x47F4 76 C7 76 86 76 74 76 86 76 7C 76 9A 76 86 76 A0 76 C7 76 C0 76 DE 76 E6 76 DE 76 BF 75 F1 75 CC 76 10 76 82 76 A4 76 C7 76 BF 77 00 76 CD 76 C7 76 BC 76 C2 76 B9 76 A8 76 C0 76 BF
0x4830 76 8A 76 D8 76 C3 76 8F 76 B6 76 9D 76 63 76 63 76 7C 76 9A 76 C2 76 C6 76 BF 76 D4 76 DB 76 C3 75 E3 75 A8 76 06 76 8F 76 9A 76 B9 76 C3 77 0E 76 92 76 8A 76 6A 76 7F 76 82 76 6E
0x486C 76 4E 76 52 76 40 76 82 76 6A 76 4E 76 4E 76 47 76 2E 76 3C 76 3C 76 4E 76 78 76 9A 76 9D 76 A0 76 A0 76 78 75 A0 75 72 75 9C 76 32 76 4E 76 78 76 7C 76 C0 76 F0 76 D0 76 CD 76 E2
0x48A8 76 E6 76 C3 76 CA 76 D8 76 B2 76 F4 76 D4 76 C7 76 C0 76 B2 76 78 76 6A 76 AE 76 BF 76 D4 76 F7 76 DB 76 F4 76 F8 76 EC 75 FC 75 DE 76 14 76 9A 76 B2 76 D0 76 D8 77 2E 76 20 75 FC
0x48E4 75 F1 76 10 76 1C 75 CC 75 6F 75 C5 75 B7 76 1C 75 FF 75 E6 75 F4 75 D0 75 BE 75 CC 75 BE 75 E3 76 06 76 20 76 1C 76 0D 76 2B 76 0A 75 36 74 C8 74 FD 75 61 75 E3 76 02 76 02 76 4E
0x4920 76 D4 76 C4 76 AE 76 C4 76 AB 76 A4 76 B2 76 B9 76 96 76 C7 76 B9 76 8E 76 8F 76 8E 76 78 76 82 76 7C 76 A4 76 C7 76 C6 76 C2 76 C6 76 D0 76 BC 75 DA 75 9C 75 E3 76 6E 76 82 76 C0
0x495C 76 C7 77 07 76 2B 76 10 76 06 76 1C 76 14 75 6F 75 7D 75 F1 75 C5 76 1C 76 10 75 E3 75 F1 75 D6 75 C2 75 C5 75 CC 75 E3 76 02 76 24 75 DA 75 B7 76 24 76 18 75 42 74 EC 74 E8 75 A8
0x4998 75 EE 76 02 76 06 76 63 76 8D 76 74 76 63 76 6E 76 66 76 55 76 52 76 55 76 2E 76 74 76 58 76 39 76 3C 76 32 76 2B 76 2E 76 2E 76 52 76 63 76 7F 76 7C 76 86 76 8E 76 6E 75 84 75 50
0x49D4 75 88 76 1B 76 36 76 58 76 66 76 C0 75 BE 75 B0 75 B4 75 CC 75 9C 75 5A 75 84 75 C5 75 96 75 CC 75 BA 75 99 75 A8 75 88 75 6F 75 7A 75 80 75 8B 75 A8 75 E3 75 92 75 6F 75 D3 75 CC
0x4A10 74 F6 74 AE 74 E1 75 6F 75 99 75 B0 75 BE 76 0D 76 B9 76 9D 76 96 76 8F 76 96 76 71 76 8A 76 82 76 60 76 A4 76 8A 76 60 76 6A 76 6A 76 55 76 60 76 60 76 86 76 8E 76 A4 76 C0 76 BC
0x4A4C 76 C4 76 9A 75 BE 75 72 75 B4 76 52 76 5C 76 8E 76 8F 76 E9 94 7D D0 D9 97 52 8F 4F 7F 8B 0B DA 11 B6 A0 D5 3E 21 83 E8 7D 4D C7 8E DB 96 55 D0 DA BA 15 8B 54 BD 40 15 84 83 EF 04
0x4A88 3D 3C 43 95 9A C5 90 ED 7E FD 4A 9D 0B F2 00 B4 35 A3 8E 4F E6 3E D9 24 A6 5F 58 D0 49 68 F0 7A 71 27 30 E0 EA 07 46 C4 47 A8 F3 8D 73 55 F0 00 7F D2 85 B4 7C BC 55 C4 73 88 3A 04
0x4AC4 E2 BE 02 05 FA F7 09 35 FA B4 3F CC 33 E8 4A 9E 09 D7 70 18 DE 28 1A AB D7 EB 83 62 4B B3 B4 48 D0 C9 12 71 D6 F5 04 D4 8B DF 37 5A D7 9F 1A C1 F2 4E AD 15 B3 63 FD FA E3 BE 59 F2
0x4B00 5E 74 74 30 34 25 A7 87 3B 35 36 3D 06 F1 42 FE 3E 68 1F 71 EE D5 73 14 85 15 06 71 B2 68 36 AF 99 0B EB 1A DC 6A 12 12 68 B9 14 0E FB 9B D3 38 D9 BD 46 67 BB F0 BA D9 89 2F 9C B8
0x4B3C 37 B8 08 AA DD E9 6E 1B 45 57 B7 AE 76 4A 48 0D F2 27 18 25 D6 E7 4D 67 71 9B A4 7C 27 21 C2 C5 D3 84 0D 3A 79 4C F8 B1 AC 1D 4D 61 D0 EB 86 05 09 1A 6A 9A C3 B8 99 01 E1 0C BF C5
0x4B78 DB E7 C7 16 B3 F7 E1 4B 29 32 05 14 EF 19 10 F1 63 A2 7E 4D 49 E7 72 2F 74 B3 D2 72 E1 1F 07 BA 5F 77 6D 01 6A FC 2B 97 BC 6D 74 65 55 AC 1C 83 9A 5F 03 AD AC 2B 93 02 F0 6F 66 3E
0x4BB4 D1 BE E7 89 DF 65 11 D1 D2 85 30 AD 72 BF A7 E8 7F 5B C0 A4 F5 3F 34 76 B8 D6 D6 89 A6 9E 12 34 52 E3 C5 70 33 73 73 F8 EF 05 83 17 A8 7D 23 29 5D 3C 02 0A 55 D0 00 26 5F A8 78 A8
0x4BF0 FD E3 68 A7 3B A1 2D 08 43 02 11 D6 CF 43 34 19 E4 7B 2C 11 2D B2 D5 B1 77 6A 92 32 D2 F1 82 00 6C 85 21 34 AE DE 34 89 ED 98 45 BF 81 A3 BC A1 42 AD 48 E6 7E 77 58 88 2A 0B 8A 6E
0x4C2C 2A DE 40 27 F7 AF 33 BF F5 1F 2D 7F B7 18 53 0E AC 14 84 40 77 A8 77 8E 77 92 77 9C 77 98 77 84 77 8A 77 87 77 5E 77 A0 77 8E 77 72 77 7C 77 62 77 6A 77 66 77 62 77 7C 77 9C 77 A8
0x4C68 77 A5 77 AC 77 B0 77 9C 76 C3 76 9A 76 CA 77 46 77 6A 77 5B 77 3F 77 BE 77 4A 77 15 77 31 77 3F 77 31 77 15 77 26 77 2E 77 0A 77 3F 77 2E 77 18 77 1C 77 12 76 F8 77 15 77 15 77 2E
0x4CA4 77 34 77 58 77 5B 77 62 77 50 77 31 76 66 76 4E 76 78 77 0E 77 15 76 F9 76 BF 77 6A 76 DE 76 D4 76 CA 76 DE 76 CA 76 C7 76 C2 76 C2 76 B9 76 D4 76 C6 76 C7 76 C3 76 BC 76 AB 76 C3
0x4CE0 76 C7 76 C2 76 D4 77 00 77 00 76 FC 77 00 76 E9 76 1C 75 E3 76 2B 76 B2 76 C0 76 CD 76 DE 77 1C 77 20 77 00 76 FC 76 FC 77 07 76 F8 76 F8 77 00 76 D4 77 15 76 F4 76 DB 76 EC 76 CA
0x4D1C 76 CD 76 CA 76 DE 76 EC 77 07 77 23 77 2E 77 31 77 2A 77 12 76 39 76 18 76 55 76 D4 76 E2 77 00 77 0E 77 4A 77 4D 77 42 77 38 77 42 77 34 77 2E 77 31 77 42 77 12 77 4A 77 2E 77 18
0x4D58 77 15 77 0E 77 0A 77 18 77 12 77 2E 77 46 77 5B 77 66 77 6A 77 6A 77 4A 76 7F 76 55 76 86 77 00 77 18 77 31 77 46 77 95 76 D4 76 C4 76 BC 76 C6 76 BF 76 B6 76 BC 76 C7 76 8A 76 C2
0x4D94 76 C0 76 9A 76 8A 76 92 76 8E 76 96 76 8E 76 B9 76 C7 76 C0 76 E6 76 E2 76 CD 76 CA 75 EA 75 CC 76 02 76 92 76 AE 76 C0 76 CA 77 0E 76 96 76 82 76 6A 76 7F 76 7F 76 66 76 39 76 55
0x4DD0 76 40 76 8A 76 74 76 4A 76 4E 76 44 76 2E 76 32 76 3C 76 55 76 82 76 86 76 A4 76 9A 76 B2 76 82 75 A9 75 7A 75 96 76 39 76 55 76 6E 76 7F 76 C0 76 28 75 FF 75 FC 76 0D 76 0A 75 CC
0x4E0C 75 6F 75 C5 75 B4 76 1C 76 0A 75 DE 75 EE 75 C8 75 C8 75 D0 75 C8 75 E2 76 02 76 20 76 24 76 10 76 32 76 1C 75 42 74 C8 74 FD 75 6F 75 E3 75 F4 76 02 76 55 76 20 76 0A 76 06 76 24
0x4E48 76 14 75 76 75 84 75 F8 75 D3 76 18 76 02 75 E3 75 E6 75 E1 75 C8 75 CC 75 D0 75 E1 76 06 76 2B 75 CC 75 B7 76 18 76 0D 75 36 74 E8 74 F6 75 A4 75 EA 76 06 76 10 76 55 75 C8 75 B0
0x4E84 75 C2 75 C2 75 A4 75 6F 75 88 75 C2 75 92 75 D0 75 C8 75 99 75 A4 75 80 75 80 75 84 75 80 75 92 75 AC 75 E1 75 A7 75 6F 75 D6 75 C8 74 EF 74 AE 74 E1 75 76 75 92 75 BA 75 BE 76 06
0x4EC0 76 CA 76 BC 76 BC 76 BF 76 B9 76 A4 76 C0 76 C7 76 8E 76 BF 76 C3 76 9D 76 A8 76 96 76 6A 76 60 76 82 76 9D 76 B2 76 D0 76 C6 76 D0 76 E9 76 BF 75 E2 75 A7 75 FF 76 8F 76 9A 76 C4
0x4EFC 76 BC 77 04 76 F7 76 D0 76 D0 76 DE 76 E2 76 CD 76 D4 76 CA 76 B6 76 F0 76 D8 76 BC 76 C0 76 A8 76 74 76 71 76 96 76 C3 76 D0 76 F7 76 E2 76 F4 77 00 76 DE 76 06 75 DA 76 06 76 9A
0x4F38 76 B2 76 BF 76 D8 77 2E 76 CD 76 C4 76 AB 76 C0 76 AE 76 AB 76 B2 76 C7 76 8D 76 C7 76 B9 76 92 76 96 76 86 76 78 76 8A 76 82 76 9D 76 C4 76 BF 76 C6 76 BF 76 C2 76 BC 75 E1 75 A0
0x4F74 75 D6 76 6E 76 86 76 AB 76 C0 77 04 76 8A 76 6E 76 63 76 6E 76 6A 76 52 76 4E 76 60 76 2B 76 74 76 55 76 36 76 39 76 36 76 2B 76 28 76 32 76 52 76 71 76 78 76 7F 76 82 76 8A 76 78
0x4FB0 75 88 75 45 75 88 76 1B 76 2E 76 55 76 63 76 B9 76 B9 76 A0 76 9D 76 9A 76 8D 76 74 76 92 76 8A 76 55 76 9D 76 82 76 58 76 6A 76 5C 76 58 76 55 76 5C 76 74 76 92 76 AB 76 BC 76 C4
0x4FEC 76 C7 76 A0 75 B0 75 72 75 B4 76 47 76 5C 76 8A 76 9A 76 E2 76 55 76 47 76 2B 76 40 76 36 76 1B 76 28 76 28 75 F4 76 4A 76 36 76 0A 76 1B 76 0A 75 FC 75 F8 76 02 76 28 76 32 76 52
0x5028 76 52 76 60 76 55 76 36 75 56 75 1C 75 5A 75 EE 76 10 76 2E 76 44 76 8F 76 55 76 4E 76 44 76 47 76 36 76 36 76 39 76 32 76 02 76 4E 76 3C 76 0A 76 2B 76 14 75 EE 75 E1 76 0D 76 28
0x5064 76 44 76 55 76 6E 76 71 76 63 76 52 75 6C 75 2E 75 68 75 FC 76 1C 76 40 76 58 76 9A 76 2E 75 E2 76 0A 76 1B 76 1D 76 06 76 0D 76 02 75 D6 76 1D 75 F4 75 E3 75 F8 75 EE 75 B7 75 B7
0x50A0 75 DA 75 F8 76 1B 76 32 76 32 76 3C 76 47 76 18 75 36 75 0B 75 48 75 DE 75 F4 75 DA 75 A7 76 39 76 6E 76 55 76 71 76 7F 76 74 76 66 76 58 76 63 76 32 76 86 76 74 76 52 76 4A 76 44
0x50DC 76 20 76 20 76 3C 76 60 76 7C 76 82 76 96 76 86 76 8A 76 78 75 96 75 6F 75 96 76 3C 76 52 76 2B 75 EA 76 A4 7C 49 7D 17 8D C3 03 34 C7 00 D5 2E 8E DA 42 F5 56 61 81 A6 DF 18 85 A8
0x5118 CE 6A 03 04 FC 41 63 B8 90 7D 64 22 74 98 B2 EE 95 C3 63 2A FF 95 B9 2A 0F 9B 18 31 A7 87 AA E9 7C 9D 34 A8 F7 CB 1A 88 25 CD 4A 39 7C 5F 0F 28 98 76 92 EE DE DE A8 58 27 31 0B 59
0x5154 F4 39 9A AD 5F FB E0 19 BC 00 4A 12 A8 D8 6F 62 AA A5 3C A0 87 57 DC A2 F5 93 D5 13 5B 51 17 02 A4 83 92 9C BB 3C EC B4 C0 6C 8A 6A 30 86 C4 21 DC 96 24 58 18 64 8A CC 33 6D EB B0
0x5190 78 17 89 A8 DA BF 41 56 C0 AA 99 06 6C D0 02 F6 61 8E 2C C2 7A 76 5C C4 BE 60 BD CD F1 9B 4A 5B E3 3B 42 F8 95 BB A5 BF C6 A8 A8 F3 2D D1 7A 01 C4 23 35 87 E8 6E B6 7A 63 65 68 91
0x51CC 2C 83 33 E4 CE 2F 1A 60 4A 5E C2 85 B2 84 82 02 9E E6 BF F0 31 B7 56 D8 F4 FD 20 BB 2A BF EF 50 29 EA 4D 92 27 F7 02 A9 D1 F8 17 0D EA DD C1 1E 0B FE B9 E1 64 EE 16 AC 62 4C 4E 89
0x5208 82 71 D4 F2 E8 4E 6E 71 63 3F 48 2E 7F 68 E2 EC DF 6C 54 91 16 AC A0 10 BD 55 81 90 96 C6 24 89 DF 95 0B 62 C2 AA A8 93 7A BC 12 08 1F FC E6 5C 8E 6C 0B 96 67 31 99 F4 30 69 FC 30
0x5244 DA BF 21 7E 4A 41 22 78 B4 74 0E B4 D1 EF FE 0E AB B0 A3 21 76 F7 11 9B F2 67 74 19 99 95 D0 89 73 D9 E6 4A D8 E2 29 85 9F D6 7A A6 32 BC 81 97 51 AB EA 4D 83 75 A6 9C 65 D2 64 FB
0x5280 80 AA BE EB AA BE EB AA BE EB AA BE EB 0A 00 19 08 0C 03 15 13 88 01 00 01 00 08 80 B2 9D 8C 80 76 6B 18 1C 20 25 29 2E 33 8C 8C 18 04 01 20 02 00 03 05 08 00 05 00 05 03 00 5A 01
0x52BC 00 00 CA 00 E5 CF D1 4F F1 4F D8 AD 9F 75 88 0E 13 89 62 59 61 1C 36 77 E7 1F 36 31 C0 74 88 0B 0C 11 12 08 09 17 18 FF FF FF FF FF FF FF FF FF FF FF FF FF FF FF FF FF FF FF FF FF
0x52F8 FF FF FF FF FF FF FF FF FF FF FF FF FF FF FF FF FF FF FF FF FF FF FF FF FF FF FF FF FF FF FF 00 00 DD 87 80 00 00 00 00 2F FF FF 13 88 09 05 05 00 14 05 00 96 04 B2 9D 8C 80 76 6B
0x5334 1C 20 25 29 2E 03 2D 2E 2F 30 31 32 33 34 35 36 FF FF FF FF FF FF FF FF FF FF FF FF FF FF FF FF 37 38 39 3A 3B 3C 3D 3E 3F FF FF FF FF FF FF FF FF FF FF FF FF FF FF FF FF FF 1C 1D
0x5370 19 16 17 1B 1A 18 12 15 13 0D 10 11 0E 0F 0B 0C 09 0A 08 07 06 04 22 1E 14 05 01 03 00 02 FF FF FF FF FF FF FF FF FF FF FF FF FF FF FF FF FF FF 27 26 25 23 24 22 20 21 1F 1C 1E 1D
0x53AC 19 1A 1B 16 17 18 14 FF FF FF FF FF FF FF FF FF FF FF FF FF FF FF FF FF FF FF FF FF FF FF FF FF FF FF FF FF FF FF 00 01 01 02 73 14 3C A2 D5 CB D1 A3 C0 01 12 00 12 FF F7 00 27 00
0x53E8 28 4C 01 18 00 00 00 00 00 00 00 00 00 00 00 00 00 00 00 00 00 00 00 76 B9 83 26 CC 6A 91 31 99 94 8C E4 5D 4D 3A 7C 0A 2D FD 78 53 FB 45 22 A9 B9 F7 FC 3D FD 47 94 78 95 B8 10 36
0x5424 08 64 00 5A 00 78 05 05 01 00 FB 16 3B 11 00 08 FA 0A 53 D0 1F B1 46 0E 23 5D 6C BE 20 2B 4F 1D 99 55 38 00 5E 6F FC A3 A6 FD A8 32 14 05 4A 04 26 D7 CA B5 AF CA 84 53 F0 AC 10 9C
0x5460 BC 8F 20 49 6E 46 4D B8 87 BE 82 AA 4E 6E 59 0B 0C 11 12 08 09 13 15 FF FF FF FF FF FF FF FF FF FF FF FF FF FF FF FF FF FF FF FF FF FF FF FF FF FF FF FF FF FF FF FF FF FF FF FF FF
0x549C FF FF FF FF FF FF FF FF FF FF FF FF FF FF FF 47 51 AC C7 76 FA 8E 87 38 DF AF B9 94 FD 23 2F 23 57 DA 29 78 8B EC 1F DC 82 DE 47 00 EC 46 51 21 7D 26 24 18 BC 7C 09 92 64 F5 D4 84
0x54D8 2F 24 0A 4F 2D 38 C0 04 DF 0E D3 7C B2 EF 3D 00 00 00 00 00 00 00 00 00 00 00 00 00 00 00 00 00 00 00 00 00 00 00 00 00 00 00 00 00 00 00 00 00 00 00 00 00 00 00 00 00 00 00 00 00
0x5514 00 00 00 00 00 00 00 00 00 00 00 00 00 00 00 00 00 00 00 00 00 00 00 00 00 00 00 00 00 00 00 FF FF FF FF FF FF FF FF FF FF FF FF FF FF FF FF FF FF FF FF FF FF FF FF FF FF FF FF FF
0x5550 00 CA 00 E5 CF D1 4F F1 4F D8 AD 9F 75 88 0E 13 89 62 59 61 1C 36 77 E7 1F 36 31 C0 74 88 00 00 00 00 01 00 78 24 30 1C 09 60 00 50 00 90 00 C0 05 01 01 01 03 02 00 02 00 01 FF FF
0x558C FF FF FF FF FF FF FF FF FF FF FF FF FF FF FF FF FF FF FF FF FF FF FF FF FF FF 00 00 FF FF FF FF FF FF FF FF FF FF FF FF FF FF FF FF FF FF FF FF FF FF FF FF FF FF FF FF 02 01 02 01
0x55C8 02 02 01 02 01 02 14 1B 82 D9 01 00 00 00 01 01 00 00 00 01 33 FA 61 A3 14 71 48 93 20 22 04 01 20 01 13 88 0A 09 05 00 00 13 20 04 22 22 22 01 11 11 44 00 3F FF FF 00 00 01 01 02
0x5604 01 05 18 34 13 88 00 30 02 11 00 80 00 A0 00 C0 02 02 0C 00 80 02 00 00 00 00 00 00 00 00 00 00 00 00 00 00 00 00 00 00 00 00 D1 00 4F B3 80 F3 F0 37 1B C5 F4 82 25 23 74 28 C5 CF
0x5640 AB D7 27 9A 7C F8 EE 9C 6C 13 D6 86 43 7D A8 87 1F 3A B6 03 D7 36 25 2F A9 17 F6 12 CC E7 A8 C9 B5 F9 F9 AE F6 68 24 D6 D9 BC 05 1F 21 E8 7A 9C EF 0F AC F8 AC 72 81 01 00 17 E5 E2
0x567C F5 F5 4B A4 FD D6 E8 08 64 9D FF FF FF FF FF FF FF FF FF FF FF FF FF FF FF FF FF FF FF FF FF FF FF FF FF FF FF FF FF FF FF FF FF FF FF FF FF FF FF FF FF FF FF FF FF FF FF FF FF FF
0x56B8 FF FF FF FF FF FF FF FF FF FF FF FF FF FF FF FF FF FF FF FF FF FF FF FF FF FF FF FF FF FF FF FF FF FF FF FF FF FF FF FF 17 FB 17 F6 17 F6 12 26 12 CC 12 CC 07 B6 84 2A BC DD 30 D6
0x56F4 6B CE FC 15 F0 F2 CC AC 87 C3 9E E3 8C 36 07 CF F7 C4 86 86 75 11 1D 84 B6 72 C4 AB 59 FF F8 5A 19 43 0D 54 BB 37 31 8C 6B F5 B9 60 35 F8 95 82 7A CB 7D 00 8E 87 8A 4E 1F D4 23 70
0x5730 AF EA 78 D0 81 3E BD AF 1D 6F E5 AA 00 00 00 00 E1 FC FF FF FF FF FF FF FF 01 F0 00 FF FF 08 00 00 00 00 00 00 00 00 00 00 00 00 00 00 00 FF A0 A0 00 08 00 00 00 05 32 00 96 01 2C
0x576C 1A 20 2A 32 00 00 02 00 80 FB 38 00 00 00 00 00 02 00 00 8E 58 01 2C 01 2C 00 54 00 88 00 88 00 57 2A 00 00 00 00 00 00 00 00 00 00 00 00 00 00 00 00 00 00 00 00 00 00 00 00 00 00
0x57A8 00 00 00 00 00 00 00 00 00 00 00 00 00 00 00 00 00 00 00 00 00 00 00 00 00 00 00 00 00 00 00 00 00 00 08 10 B9 68 81 00 E8 45 B5 0D 53 9E A0 2B 9E B1 00 00 00 00 00 00 FF FF FF FF
0x57E4 FF FF FF FF FF FF FF FF FF FF FF FF 00 FF FE 00 07 FF F7 00 04 00 00 00 00 00 00 00 00 00 00 00 00 00 00 00 00 00 00 00 00 00 00 00 00 00 00 00 00 00 00 00 00 00 00 00 00 00 00 00
0x5820 00 00 00 00 00 00 00 00 00 00 00 00 00 00 00 00 00 00 00 00 00 00 00 00 00 00 00 00 00 00 00 00 00 00 00 00 00 00 00 00 00 00 00 00 00 00 00 00 00 00 00 00 00 00 00 00 00 00 00 00
0x585C 00 00 00 00 00 00 00 00 00 00 00 00 00 00 00 00 00 00 00 00 00 AF AE 1E 5F 56 A0 82 A6 21 EF 75 F2 B7 4B 97 35 FC FD 21 BE B8 00 00 00 2D 00 26 B4 9C 57 D2 1E A7 70 C8 15 AB E2 BF
0x5898 BF 02 00 0B 00 02 02 4D 01 32 00 00 44 44 06 0C 06 0C 07 0D 07 0D 03 07 03 07 03 07 03 07 B0 40 01 6F 01 00 00 00 00 00 00 00 00 18 00 00 00 00 00 00 00 00 00 00 00 00 00 00 00 00
0x58D4 00 00 00 00 00 00 00 00 00 00 00 00 00 00 00 00 00 00 00 00 00 00 00 00 00 00 00 00 00 00 00 00 00 00 00 00 00 00 00 00 00 00 00 00 00 00 00 00 00 00 00 00 00 00 00 00 00 00 00 00
0x5910 00 00 00 00 00 00 13 14 00 00 00 00 00 00 FE 4D AC 00 3C 00 3C 00 32 00 32 00 00 00 00 00 00 00 D2 02 02 00 34 13 00 32 7F 10 7F 88 80 00 00 00 8E F9 B6 4A 94 A3 41 72 95 02 00 00
0x594C 00 00 00 00 00 64 00 50 00 01 00 74 00 1A 00 68 00 15 00 5D 00 5D 00 70 00 70 00 70 00 70 00 70 00 70 00 70 00 70 00 70 00 70 00 70 00 70 00 70 00 70 00 70 00 70 00 70 00 70 00 70
0x5988 00 70 00 70 00 67 00 67 00 67 00 6A 00 67 00 67 00 67 00 67 00 64 00 67 00 67 00 67 00 67 00 67 00 67 00 67 00 6A 00 6C 00 6E 00 15 00 13 00 15 00 14 00 15 00 13 00 15 00 15 00 15
0x59C4 00 15 00 15 00 15 00 15 00 15 00 15 00 15 00 15 00 15 00 15 00 15 00 12 00 15 00 17 00 16 00 15 00 17 00 15 00 16 00 1A 00 18 00 12 00 15 00 15 00 15 00 12 00 15 00 15 00 15 00 15
0x5A00 00 19 DA 6D 01 02 04 00 21 0B B8 00 2F 0B B8 37 37 37 37 37 37 11 02 72 D8 00 00 00 00 00 00 00 00 00 00 00 00 00 00 00 00 00 00 00 00 00 00 00 00 00 00 00 00 00 00 00 00 00 00 00
0x5A3C 00 01 07 01 00 00 05 40 15 00 02 80 0A 00 00 00 CF 00 03 FF 00 00 00 0F 80 00 00 00 3C AA A0 00 00 00 00 00 2A 00 00 00 00 00 00 00 00 90 36 98 03 D0 1F B1 46 0E 23 00 00 00 00 00
0x5A78 D8 7F 84 DA ED 1E D6 BA 0F D9 9A E4 68 F6 0E 58 7C 9A 50 D7 CA B5 AF CA 84 00 00 00 00 00 D4 E3 BD C6 F6 E2 38 AC 6A 74 EF 74 1E 21 FE 00 00 00 00 00 00 00 00 00 00 00 00 00 00 00
0x5AB4 69 F4 B3 69 FD 6A C3 E6 00 00 00 10 00 1C 14 01 01 00 00 00 00 00 00 00 00 00 00 00 00 00 00 00 00 00 00 00 00 00 00 6F E8 FF 00 64 00 00 85 10 58 04 00 01 00 02 00 50 3C 1E 3C B6
0x5AF0 89 00 04 60 01 30 00 12 47 03 E8 23 00 C3 00 A6 56 10 18 41 00 00 00 00 3C E1 58 22 53 D9 01 26 CE 39 CA 57 0B 23 87 C4 EF BC 06 FC 7D 2E 5D FD D6 A5 E2 17 A1 AB B3 4E D2 88 B7 8D
0x5B2C 23 77 01 22 22 22 00 01 02 02 1C 2B 1C 2B 08 29 6D DC A2 24 EC 73 65 1E 14 61 A8 00 00 00 00 0C 01 00 1E 14 61 A8 64 14 02 01 90 00 00 01 00 00 00 00 00 00 00 01 9D 67 93 00 00 00
0x5B68 00 00 01 9E 76 8F 6E 00 50 14 00 16 80 00 A0 16 80 00 A0 00 00 00 00 00 00 00 00 00 50 00 4B 00 01 00 A6 00 B1 00 5A 00 50 00 30 00 30 00 46 00 46 00 46 00 46 00 46 00 46 00 46 00
0x5BA4 46 00 46 00 46 00 46 00 46 00 46 00 46 00 46 00 46 00 46 00 46 00 46 00 46 00 46 00 46 00 46 00 46 00 46 00 46 00 46 00 46 00 46 00 46 00 46 00 46 00 46 00 46 00 46 00 46 00 46 00
0x5BE0 46 00 46 00 46 00 0E 00 0E 00 0E 00 0E 00 0E 00 0E 00 0E 00 0E 00 0E 00 0E 00 0E 00 0E 00 0E 00 0E 00 0E 00 0E 00 0E 00 0E 00 0E 00 0E 00 0E 00 0E 00 0E 00 0E 00 0E 00 0E 00 0E 00
0x5C1C 0E 00 0E 00 0E 00 0E 00 0E 00 0E 00 0E 00 0E 00 0E 00 0E 00 0E 00 0E 00 0E 7C 23 01 00 00 00 8F 68 68 48 28 08 00 00 15 D1 00 17 01 09 00 00 06 00 00 00 01 00 00 36 0A 02 0E 10 03
0x5C58 03 00 DF 7C 00 00 00 00 00 00 00 00 00 00 00 00 00 00 00 00 00 00 00 00 00 00 00 00 00 00 00 00 00 00 00 00 00 02 00 03 08 FA 0A 55 98 CC 73 B9 FA 86 42 C5 76 28 07 55 68 6D 10 0E
0x5C94 A2 27 B6 01 64 38 D9 F3 F7 A6 05 4A 04 3F 21 82 72 15 87 F9 55 A9 22 BD 1E 53 7A 90 6D 4C F5 F7 E0 D6 AC D3 FD 6D 00 63 FF 20 01 00 5C 94 5C 00 3C 00 00 01 3A FF 78 9A 87 65 03 00
0x5CD0 20 00 00 00 07 00 00 06 00 00 00 00 00 00 00 00 00 00 11 01 00 5A 00 72 00 02 00 01 00 00 00 0C 00 16 00 2A 00 50 02 80 06 40 0B 80 11 80 00 0C 00 16 00 2A 00 50 02 80 06 40 0B 80
0x5D0C 11 80 03 01 00 01 00 00 00 00 00 00 00 00 00 A0 00 01 02 25 03 B5 13 B5 00 01 02 25 03 B5 13 B5 13 B5 1F FF 1F FF 1F FF 00 00 00 00 00 00 00 00 06 0B 15 28 0A 19 2E 46 06 0B 15 28
0x5D48 0A 19 2E 46 28 5A 14 5A 14 02 C8 50 0A C8 FA 00 8C 0A 00 64 CC 01 B3 35 08 3C 1E 3C 3C 03 E8 14 00 00 00 00 00 00 00 00 00 40 00 00 00 00 00 00 00 00 01 00 00 15 B0 C0 B1 C3 6C 20
0x5D84 20 01 44 44 06 0C 06 0C 07 0D 07 0D 03 07 03 07 03 07 03 07 00 00 00 00 B1 00 00 78 00 50 00 78 00 50 00 28 02 79 00 00 00 00 00 00 6E 62 48 83 F4 BD 38 1B 67 CC 77 55 26 E8 E3 F4
0x5DC0 EC 48 B1 1D 00 2D 00 26 FE 73 3C E0 50 D3 F6 4E B4 E9 EF B8 0C 01 00 1E 14 61 A8 64 14 02 01 90 00 00 4C 00 00 00 00 00 00 00 00 00 00 00 00 00 00 00 00 00 00 00 00 00 00 00 00 00
0x5DFC 00 00 00 00 00 00 55 0C 50 00 C7 80 08 03 50 28 28 41 10 32 0D 19 14 08 0A 0C 1E 28 0A 01 05 03 00 00 00 79 00 00 B1 2C 9C 5B 8A C2 27 AF 14 AD EE BD CD 4E BA 5B 5F F1 15 CE 41 00
0x5E38 00 07 2B 1C 19 10 33 27 C6 01 E9 02 13 01 3B 01 02 02 03 00 00 01 03 E8 00 00 00 00 00 00 00 78 00 06 8C 64 32 C8 78 05 14 4B 4B 00 45 60 07 00 00 09 60 7F 31 08 06 02 45 06 05 08
0x5E74 04 06 0F 04 8E 10 4C 30 92 3E B0 4A 79 2A 67 6D 00 00 3A 97 00 01 2C 00 00 64 00 01 5A 00 00 64 00 00 00 00 00 00 00 00 33 AC 00 00 33 AC 00 00 00 00 00 00 33 E9 00 00 33 E9 00 37
0x5EB0 C5 FF FF 41 8D 9F 67 87 00 01 00 00 00 00 00 00 00 00 00 00 00 00 00 00 00 00 00 00 00 00 00 00 00 00 00 00 00 00 00 00 00 00 00 FF 00 00 00 00 00 00 00 00 8C 64 C8 78 00 00 00 01
0x5EEC B6 BF 46 00 00 10 12 09 0A 64 68 48 28 08 00 64 46 B7 00 00 7F 10 80 00 00 00 00 3C 00 3C 00 00 00 F8 00 05 01 08 FA 0C 4C 0C 0F B1 46 0E 23 5D 6C BE 20 2B 4F 05 4A 03 F1 03 8D B5
0x5F28 AF CA 84 53 F0 AC 10 9C BC 13 13 13 00 00 00 00 00 28 28 28 28 28 28 28 28 01 35 BC 00 7F 00 02 58 00 C8 63 C4 5E 05 3C 6A 23 10 91 05 7D A9 76 A6 3A 15 08 E5 6A 29 82 CB 63 14 32
0x5F64 00 00 00 B0 A2 B2 C6 01 00 57 60 C0 F4 00 00 20 32 03 00 8C 00 64 00 00 00 71 20 A7 69 03 10 08 10 04 20 10 40 40 02 00 00 00 00 00 00 01 00 00 01 01 01 02 A0 1B 01 02 03 EE 48 4A
0x5FA0 BF E1 BA FC 78 F7 75 18 BB 12 E6 DA 9D 67 03 28 F4 BE 10 8F D6 D9 01 2B F8 3C 18 4A 0A F4 60 9F 3C 3E 06 0F C2 59 2F 88 F5 7E 73 2B D9 91 8D 0A 17 6D DE 40 CC DD EF A7 4F DB 00 B7
0x5FDC 57 88 1E B9 73 74 E6 A0 6E 3D 5D 32 43 CB B4 09 FE F7 DD D0 2C 14 F7 A5 F6 36 CA 20 6A 88 54 52 89 DD 99 13 13 E5 1D 0E 8E 67 77 A8 E3 07 C6 25 6B 0C 81 E1 31 D9 13 40 F5 84 B2 31
0x6018 E3 4A 64 9A 66 9D D0 01 ED 96 A5 35 32 11 30 31 2C 1F 2C 0E 9D 9F 0A 41 E4 30 45 86 5D 19 34 2E EF 7D 84 C0 9F 66 9C 29 BF 6F 5C 04 78 5E CA 44 DA 5C 68 06 89 3F 0D B0 7C 11 10 44
0x6054 58 EE 6C 20 A3 99 BA 81 DB FE 94 1C E8 63 79 01 D5 4F C4 12 EA 25 31 AC D1 D6 08 8B B3 AE 08 EE 8D F5 E0 09 CA B2 97 8E CF 84 F1 2C D7 2B 35 6D A2 EB 31 46 AB F0 3A F0 3A CC 84 82
0x6090 DA B5 15 85 D0 F3 15 FD E8 8F 38 86 69 0E C7 2E E5 7F A1 32 97 17 3C 09 BA A8 22 BE 5C 66 70 76 96 DF C4 85 97 7C 91 98 7C 25 5E 60 25 86 98 F6 4E 2B 45 8C 29 41 42 B0 C8 D1 E0 01
0x60CC 99 F3 FB 01 99 33 B9 9C 3A 48 B0 48 A6 19 C5 8A 02 D0 51 D5 F0 79 C5 2B 1E F0 00 5B D7 3E A4 C4 B6 4B 11 BB 0F B5 50 E8 D2 3E 91 47 B6 70 0F 69 25 EF B2 E4 ED 86 02 18 37 D4 69 20
0x6108 F2 69 76 67 DF 06 10 89 F2 E4 78 BE 0B 5A 5B 3C 9B B9 4A E8 8A F8 67 D3 0E F5 43 74 F5 39 31 44 BF DF 90 A4 B7 8A 35 2C B3 3A 0C 1C 9A F7 90 C3 8D 7B 07 D6 EF 95 82 D3 E8 C1 04 44
0x6144 C0 7E C2 2C 85 B7 78 88 49 DD 41 B1 D1 60 DC 68 BE 49 71 AE 50 67 B1 22 96 94 D8 0B C0 7D 56 A9 B5 B7 FD 58 6A 51 25 7F AD 0D F0 D9 B8 D8 44 5C 16 77 8D F7 AD 4E 8D 80 FC A5 A5 20
0x6180 0A B2 A4 23 1E CD FC 86 FE A7 7E 91 A1 00 2A 98 66 2C 93 92 30 FC 44 51 0E 50 E0 14 98 81 4C 7D 26 FE 53 8B A7 3B CB 60 CB 03 19 06 9C 0D 75 4A DE 11 89 16 5C 4D 18 84 BE F0 68 38
0x61BC 84 B7 96 30 27 9C 90 CB E9 EB 29 3A 40 89 C3 8A A8 7C 03 37 9E B9 32 C6 75 66 DD F3 88 F7 1A F3 41 6A 16 F5 FE E3 23 18 19 8B C6 10 63 9E E5 1B C7 EE 83 95 D6 1C C3 6E B1 5E 04 6E
0x61F8 0B 45 01 1B 1B 0D AA FC 41 5C 31 B3 43 D7 61 04 49 2B 20 F5 B3 17 49 50 9D 44 C1 4D 47 8A 9E B7 DF E1 F6 07 50 AF 88 B5 57 D3 83 50 D4 2B 0C 31 71 BE 2D 01 B8 BA FC EC B2 C8 C9 81
0x6234 CF 52 D3 01 B3 55 B1 69 1B FE C7 43 8C 10 E1 8E 2A F9 F6 85 73 74 8C 26 5A 96 97 28 C1 5C 42 C0 E7 85 58 5E 01 49 29 07 E5 43 D0 22 1C 75 8B BE ED DF 0A 16 D8 E3 9A 7D 00 B9 2F 5B
0x6270 73 3C 23 CB A3 DA 49 87 0F F1 9F 73 EE EB FB 3D 64 9B 04 AF 21 76 D7 67 2C EE 0C A0 87 AB A4 90 BD 81 98 CD E3 47 54 88 3B EF E9 52 8D 06 4F B5 88 5B E6 EC 3E 95 B5 EF 33 A8 B6 63
0x62AC 59 BD 57 23 92 74 1C 41 27 82 58 50 6D FD CE AE 61 CA F9 B9 78 0D 2E E9 DE CF 52 43 F0 47 14 78 19 64 5C 48 D1 66 04 E6 A2 DC 5B CE 9F DE BB EA 3B 55 A8 24 F3 EA C4 36 16 57 17 3D
0x62E8 07 45 60 1F 05 06 78 5A 52 8F 94 CC CD F1 30 43 D1 59 88 CE F6 82 68 D0 A4 97 EF 13 26 A3 4C 02 78 4D 9D EC 3A C8 C2 F3 CD BD 28 5C 10 05 0B 1D 72 3D CB 27 DF 9E FB 56 1C 9F 3B 90
0x6324 AF 52 A7 5B 63 E6 CE 3E 74 A9 9D 89 9F 9C CC 30 47 7A A9 CC E9 0B 0C 68 6E E8 00 29 53 6A 18 AA 94 E3 82 D7 D0 8B 82 E6 9E 72 B0 19 10 D9 D5 A0 7F 22 DE 53 D1 DB DF 02 9D 5B AD F1
0x6360 C7 26 2C 7D AE D0 B2 F8 8D 08 F8 63 C3 BC 82 20 50 1C 93 80 59 AF 22 73 6A E8 F3 38 9F 26 3E 85 12 30 AC F9 3B 58 B1 88 BE 0D FC 20 EA 2F 11 F9 75 93 FC 38 5B 11 03 D3 52 CF E0 C3
0x639C 2D D8 A4 93 7E C3 E4 B1 DE DF A2 F7 7C B8 B9 69 39 53 00 22 72 13 F2 8B 94 CB EA B0 7F 5E 6D 19 CB B2 D8 D9 D4 0B 3D 25 6E 4B 13 15 F0 06 9A 75 4A D4 FB 19 CB A7 21 4A FA B6 73 60
0x63D8 55 5C 56 67 54 71 E0 43 E5 F6 DC 79 BB 7D 10 9B 60 A1 8F 61 B9 3F 6C 04 97 B7 26 17 E0 FB 47 66 BD 37 5B D1 01 6B E1 B1 8E A1 70 9A 3C 4A ED 7F 53 4E F8 CD 66 C7 4A 85 7F FE 06 B6
0x6414 F2 7D C0 36 DB DF 63 09 AF E8 51 43 7F EB A1 2D 56 E1 D7 13 7F 9F 52 2C FA AF 6C 9F ED 4E BB 25 7C E3 BC 2A 4F 16 0A FA A9 84 F2 1D B1 B9 52 72 79 B7 D8 3E 29 1F EC 32 E9 E5 CE B4
0x6450 2B F4 96 23 68 85 66 1A 33 5D E0 40 9F 4C C5 24 AF F4 81 00 EE FC 71 57 21 03 57 81 6F 39 F1 49 D1 FB 9D 63 61 AE 06 5E BA BE 21 13 DA BF DA FA A9 CE 54 04 A2 E1 98 57 53 93 E4 25
0x648C FC F8 F7 1F F7 17 7E 10 94 E5 36 82 00 8D 40 7C 85 B5 55 16 4F F5 A7 1A 5B CE 43 E0 34 56 5E 67 BB D8 F6 74 A7 B1 6C 02 A5 DE B6 18 61 78 98 DC 5F 7B 6A E0 12 42 49 4C 2D 61 3A 05
0x64C8 F6 AF CA 66 36 93 78 C3 24 ED 38 F2 64 3C C6 35 6A 78 65 DA 11 E9 56 03 A5 CC BF 78 A7 AF 29 52 90 44 B1 A7 D2 49 4C 0A 7E 73 31 3F AF 0C AD 3F 9E BE 8B 5B F6 DE 58 D9 67 DB 10 89
0x6504 DD CA 70 A8 E6 68 1E 14 FC DE C4 AF AB 3D 86 7D B3 EE 78 D5 DA 5B 45 B6 3D 10 12 3C 0F 94 E4 06 AD 0F 23 2D DF BD F3 B0 27 7E 6C 6A E7 81 AE 15 C7 88 F4 75 F1 4F 98 8D E8 98 D6 35
0x6540 6C E2 90 A8 63 FA A2 3D D0 4A 2A F3 7C BF CA D6 8D 57 9E F8 48 7B 2F 31 0D 5F 54 7F BF 79 72 9C 99 60 9B A1 EC 56 D2 9D EB FF 07 40 66 EC 69 C9 F7 66 12 60 CF 2A 7A F4 7A 7D C5 AB
0x657C E1 98 76 FA BC 01 F4 A0 43 42 B8 D6 6A B3 2A B5 CC 59 6A F4 7B 0A 43 AC 7E 59 57 91 C5 78 9C D7 B5 97 A5 B8 B2 9C 2A D0 AF 36 08 C5 FE FF 24 04 D5 D8 17 85 AC E9 B1 31 92 F7 87 54
0x65B8 22 04 3C 2A C3 A9 F2 99 84 F1 DE BD A0 AC A4 AA DC DB FA 38 81 47 AC 8E C6 DB 8A 0B DA 5D 41 F9 EE 32 04 46 38 22 5E 50 81 D6 7A 86 7C EC A6 BA 8F 70 A1 0B 7E 8B CC EC 6C B5 B2 02
0x65F4 47 75 44 B4 75 73 1B 9E 64 54 D4 A7 20 D2 FA 8C 3C 33 4E 4C B6 17 7C 0F 4B C7 2B E7 C5 E2 34 52 76 1A 82 AF E2 2A 6E 8B F6 35 88 2C 25 A1 22 36 2B CB 25 24 F5 5E 90 AC EE B6 2D 8C
0x6630 57 B9 87 7D 5F 8D 00 E6 78 F5 29 53 FD 46 AB 0F 30 45 65 0B F4 A8 01 18 BB C1 BB 95 A3 A1 62 02 BE 33 C7 AC 3D 65 AD A4 AA 0D B0 42 83 E1 20 A3 63 F6 95 16 CE 5C 4F D0 86 5D 88 27
0x666C E7 0B 38 40 1E F3 AF D9 13 9E 9C D4 25 1D 00 CF BF E5 95 A0 A0 17 0C 04 E0 86 47 A6 A3 EF DB FB E7 B7 02 DE 78 4D AC 2E 55 EA 63 94 8C CD FD 41 87 1B 68 8E 63 FD 26 81 FD DA DA DC
0x66A8 5A AF 6A 1B FB D6 C3 0E B3 BF AB 19 30 4B 9D 16 8F 2B CB 38 67 45 69 50 FF 99 95 84 39 33 20 A7 D5 98 73 1A DA 96 0C 63 38 D4 6B E4 FC E2 E0 F0 8D 53 18 CA 58 29 28 3B 68 1D 19 65
0x66E4 C4 BF BE D6 49 AC A3 F4 B6 E4 98 52 C7 BD C7 EC C1 23 31 C7 BD 2A C7 89 E6 F7 7F F3 6B 6F 82 C8 0C 04 52 B2 43 2E C9 ED 50 05 A1 B5 3C 0F F5 A1 A5 C4 E2 6E FF C1 6C 60 2A DD D8 64
0x6720 34 B2 4D 28 D3 6A F4 1D 63 44 67 59 E6 21 D7 23 91 AE 21 30 FA D7 3D 8D EF 37 8A 2D 32 4E A1 54 51 AC 98 2A 72 E1 4A 84 6F FF 8E F9 9B 45 B0 B7 F4 8E 8E 6B 3A 61 FA 85 E8 CD 40 2B
0x675C 6C BA 8B 86 D7 CE 10 26 B5 ED F4 99 3F B1 D7 3D B9 F3 1B 3D FF 14 85 16 61 CC FC 4D D6 36 A8 AE 63 2F AC E4 84 EE 94 79 D8 93 44 D0 1E 6F 86 D7 2E AC 62 89 13 E3 59 8C 98 74 99 10
0x6798 C6 D2 CD C7 20 31 2B 9B 84 18 61 ED B7 5D 2A 24 FC 89 58 16 CF DF 61 AA 51 5A 46 EB 5F F6 8A F1 AB 0D BA E9 F7 E3 0D 23 98 2E 74 FE 13 AB 08 5B 5D 06 95 3F 43 F2 8C 4A 88 4F C6 0E
0x67D4 05 2F 3A F6 E2 42 37 D4 18 4F 5A 00 B5 3E 15 DD 4F EE E7 56 18 73 A1 C9 86 E9 99 CC 18 61 42 29 B1 AD 06 90 F6 9F 75 87 84 BD 0E 12 F5 B6 64 1F 51 3E 6F 20 C5 8E F8 A0 E7 F1 0F 08
0x6810 AD 50 84 2E 84 34 0F 06 DA F7 42 5D E9 86 A7 7C 25 1D 96 D6 F3 77 1D A6 91 5B 06 F4 6B D4 C3 0E 0A DE D5 B0 5C 99 A6 1F 8E B5 12 FF 45 85 32 9B 2B 52 71 48 85 94 C8 CB CF B5 59 94
0x684C EE B8 5E 6C F5 C3 9B D9 29 0B 3A 6D F7 3D B9 EC 1B 1B C5 C3 5A 0C 16 B8 E9 67 F9 A4 09 3F 1A 4A BC 89 9D 13 F3 47 29 76 4F 15 0F A3 A9 74 25 D8 73 33 4C 93 A4 93 F4 96 83 6D FE C6
0x6888 0D D8 53 7A 1E 81 59 50 EB A7 6A A5 12 84 08 EA 5E BD C2 F5 3A 69 A1 CB F1 45 BC 33 C4 F9 70 E7 2E A7 83 21 96 44 96 59 FB EA 23 21 FD A5 05 F7 A1 0C D6 CC 1C 7B B0 92 70 CE 87 52
0x68C4 07 32 1A 45 47 F8 5D F1 3D B2 0B 45 2F 22 43 3E 21 E5 2E 09 2E 21 67 24 EF 02 69 0D 6D 75 67 33 8B 0A B6 81 EB 8D 90 C5 73 8B C8 2A 40 F0 DE F0 F3 75 86 A6 D6 CE E2 04 1F 4F A9 6C
0x6900 C4 EB B8 39 5E C9 5E 22 84 9C AE EC 4C 36 3B 7C FE 66 90 83 57 9F 1E 0E E6 7E B7 65 CE D6 59 D6 62 F5 DE B3 01 07 37 30 90 DD 47 A6 9F 1F 3E 49 0A 1D 42 30 0A AF FC C6 E2 4E BA E5
0x693C 9E E0 C5 29 5C 73 0B AD E0 6F 01 0F 5D 1C 3E DC 86 4F 9D 38 CD BC 8F 40 CC 7E 85 C6 E9 54 72 7D 42 1F 8A D4 B2 AF 0C C2 CD F0 38 43 B1 E9 00 D3 8A A2 14 72 3D D1 73 5E 69 58 3B 81
0x6978 E2 F9 DC 17 63 2F F4 58 7B 64 27 41 83 4B E9 F0 9B 1C FC 71 57 6E 29 92 AA AD F0 10 9C 2F C8 65 E9 30 0C AC 6A 93 8F 04 67 7C D8 29 63 EB 88 66 16 99 1B 10 24 5A 9C 80 E7 BE 08 82
0x69B4 61 CB EF 53 74 14 63 8F 2A 3B FA 0E A2 BE D1 0D 1B 8F 0A 52 1E 6A B4 0D 4F F5 8E 04 CE EB 15 BD FC 78 12 E3 A7 A5 F0 72 2A 6C B9 B4 E3 F2 2C F0 E2 EC 27 C6 E1 A9 F8 9B 3B B5 A8 FA
0x69F0 ED 54 38 30 0D 0F 6D C8 EA 24 80 A1 5B 9F 55 81 C6 06 9D 8C 7A 9B CE 49 DF EB 7E F0 89 55 3C B6 C1 59 1C 42 2F 12 44 20 AC 0D EE 05 2D E6 6E 34 F4 23 F9 C0 22 7B 84 AF 2E D4 E0 11
0x6A2C 34 9F 8C 0C 8B 8A 81 1F 8E EC B9 17 7F F5 11 E9 77 67 77 1A EA BD EA B1 98 E7 B6 28 7F 7A C3 79 A8 21 63 A3 C3 E6 2B C0 64 A0 62 65 5D D5 37 51 3E 33 26 06 77 F9 4E 6A F5 72 8D C8
0x6A68 A8 BE 61 F5 FD DF 81 4C FC 9B E5 6F 5E 87 76 9F 4F 96 7D 92 D5 14 75 38 DC 93 5C 28 7B 06 3B 17 FF 5F 8F 5E 6A DD 62 80 F7 B0 E9 86 FB 5F 47 81 66 BE 14 4C B7 BA 78 BA A8 2A 70 4A
0x6AA4 49 A2 10 BA 9E 47 D7 0B C7 EF 68 AF A1 ED A0 B1 0D 39 18 B4 8B 44 04 88 4E 1E 59 72 DB 95 18 99 12 16 50 C5 AD BB 1D 4F A6 F1 F4 82 E0 E6 60 9F 8B C6 E5 3C C3 1C DA 94 8C DC A9 D2
0x6AE0 5D E1 3B 36 C2 6A EA 0A 93 EF 99 90 D3 66 70 60 FC B5 9C 68 85 B3 68 1B 5C 05 92 BB C6 D4 C7 50 E0 F1 84 93 9F 5A BE 2B 6A EF 54 61 E9 3C 04 C9 6E 7E 04 D4 BC 37 A3 68 E3 4A 21 B0
0x6B1C 6E 67 8A BC B1 E9 6C 25 76 4A 57 94 82 75 47 88 6F 99 56 23 99 27 41 E2 9E CC FD 91 19 5D D3 C0 FC 9C A2 0A B9 EF 05 37 E4 B1 74 0E 8D 69 67 1E 0E 76 FC E9 69 E8 C8 D3 8C D1 70 20
0x6B58 D9 6B A6 89 5C DD 13 EA 73 D3 C7 8C 8F 8F 52 24 C1 34 6D 5C E9 B9 5F 30 DD 90 51 81 31 74 30 00 4D EC D7 0E CA C8 30 90 20 9C 92 70 16 9E C3 60 FC B9 1E 83 0B 3C ED 3E 95 7C 03 08
0x6B94 EC 94 C1 05 97 E8 CE 7F 6E 0E CA 0E 4A 9B DC D6 79 E9 02 36 8F CF DD E5 E2 F5 90 48 9F DB 33 97 EB E9 72 33 75 FB 64 6A AA E7 19 50 A4 5F CA 7A 90 69 A8 22 2C 35 34 28 12 CF 95 06
0x6BD0 9C 58 C2 95 B0 0C 92 58 9A 1F 54 83 E5 5E D0 46 F3 C7 C3 C6 C4 5F 85 3C 7F 1D 21 C1 B3 B7 56 13 4F BC 9F 25 DC 6A E0 3C E1 2C C8 23 F7 61 9C AF 61 5F 2A 60 8E 81 11 C2 A7 23 87 2C
0x6C0C C9 E2 A4 69 1B 3A 90 97 9B 40 6E 04 34 A9 75 ED 6C AA 1D EC 00 00 00 00 00 00 00 00 00 00 00 00 00 00 00 00 00 00 00 00 00 00 00 00 00 00 00 00 00 00 00 00 00 00 00 00 00 00 00 00
0x6C48 00 07 00 00 00 02 00 03 00 03 00 03 00 08 00 06 00 05 00 04 00 03 00 05 00 05 00 04 00 02 00 01 00 09 00 0A 00 00 00 03 00 06 00 05 00 02 00 05 00 01 00 05 00 04 00 04 00 04 00 04
0x6C84 00 00 00 00 00 00 00 00 00 00 00 00 00 00 00 00 00 00 00 00 00 00 00 00 00 00 00 00 00 00 00 00 00 00 00 00 00 00 00 00 00 00 00 00 00 00 00 00 00 00 00 00 00 00 00 00 00 00 00 00
0x6CC0 00 00 00 00 00 00 00 00 00 00 00 00 00 00 00 00 00 00 00 00 00 00 00 00 00 00 00 00 00 00 00 00 00 00 00 00 00 00 00 00 00 00 00 00 00 00 00 00 00 00 00 00 00 00 00 00 00 00 00 00
0x6CFC 00 07 00 05 00 03 00 07 00 00 00 04 00 06 00 05 00 04 00 08 00 0E 00 1B 00 1A 00 11 00 08 00 06 00 07 00 06 00 07 00 09 00 09 00 08 00 06 00 00 00 05 00 08 00 0A 00 03 00 07 00 0E
0x6D38 00 00 00 00 00 00 00 00 00 00 00 00 00 00 00 00 00 00 00 00 00 00 00 00 00 00 00 00 00 00 00 00 00 00 00 00 00 00 00 00 00 00 00 00 00 00 00 00 00 00 00 00 00 00 00 00 00 00 00 00
0x6D74 00 00 00 00 00 00 00 00 00 00 00 00 00 00 00 00 00 00 00 00 00 00 00 00 00 00 00 00 00 00 00 00 00 00 00 00 00 00 00 00 00 00 00 00 00 00 00 00 00 00 00 00 00 00 00 00 00 00 00 00
0x6DB0 00 00 00 00 00 00 00 00 00 00 00 00 00 00 00 00 00 00 00 00 00 00 00 00 00 00 00 00 00 00 00 00 00 00 00 00 00 00 00 00 00 00 00 00 00 00 00 00 00 00 00 00 00 00 00 00 00 00 00 00
0x6DEC 00 00 00 00 00 00 00 00 00 00 00 00 00 00 00 00 00 00 00 00 00 00 00 00 00 00 00 00 00 00 00 00 00 00 00 00 00 00 00 00 00 00 00 00 00 00 00 00 00 00 00 00 00 00 00 00 00 00 00 00
0x6E28 00 00 00 00 00 00 00 00 00 00 00 00 00 00 00 00 00 00 00 00 00 00 00 00 00 00 00 00 00 00 00 00 00 00 00 00 00 00 00 00 00 00 00 00 00 00 00 00 00 00 00 00 00 00 00 00 00 00 00 00
0x6E64 00 00 00 00 00 00 00 00 00 00 00 00 00 00 00 00 00 00 00 00 00 00 00 00 00 00 00 00 00 00 00 00 00 00 00 00 00 00 00 00 00 00 00 00 00 00 00 00 00 00 00 00 00 00 00 00 00 00 00 00
0x6EA0 00 00 00 00 00 00 00 00 00 00 00 00 00 00 00 00 00 00 00 00 00 00 00 00 00 00 00 00 00 00 00 00 00 00 00 00 00 00 00 00 00 00 00 00 00 00 00 00 00 00 00 00 00 00 00 00 00 00 00 00
0x6EDC 00 09 00 0A 00 07 00 06 00 05 00 09 00 09 00 0A 00 0A 00 07 00 09 00 00 00 02 00 03 00 02 00 08 00 0B 00 06 00 08 00 0A 00 0C 00 09 00 04 00 05 00 09 00 0B 00 0A 00 0B 00 08 00 08
0x6F18 00 00 00 00 00 00 00 00 00 00 00 00 00 00 00 00 00 00 00 00 00 00 00 00 00 00 00 00 00 00 00 00 00 00 00 00 00 00 00 00 00 00 00 00 00 00 00 00 00 00 00 00 00 00 00 00 00 00 00 00
0x6F54 00 0A 00 0D 00 09 00 08 00 0A 00 07 00 06 00 07 00 01 00 00 00 00 00 03 00 05 00 07 00 08 00 09 00 0A 00 0B 00 09 00 0C 00 0D 00 0B 00 0A 00 0B 00 0B 00 07 00 08 00 00 00 00 00 00
0x6F90 00 00 00 00 00 00 00 00 00 00 00 00 00 00 00 00 00 00 00 00 00 00 00 00 00 00 00 00 00 00 00 00 00 00 00 00 00 00 00 00 00 00 00 00 00 00 00 00 00 00 00 00 00 00 00 00 00 00 00 00
0x6FCC 00 00 00 00 00 00 00 00 00 00 00 00 00 00 00 00 00 00 00 00 00 00 00 00 00 00 00 00 00 00 00 00 00 00 00 00 00 00 00 00 00 00 00 00 00 00 00 00 00 00 00 00 00 00 00 00 00 00 00 00
0x7008 00 08 00 11 00 0E 00 08 00 07 00 07 00 05 00 09 00 0A 00 0A 00 07 00 05 00 06 00 00 00 01 00 00 00 00 00 06 00 01 00 07 00 14 00 0C 00 06 00 05 00 08 00 09 00 08 00 08 00 0B 00 09
0x7044 00 00 00 00 00 00 00 00 00 00 00 00 00 00 00 00 00 00 00 00 00 00 00 00 00 00 00 00 00 00 00 00 00 00 00 00 00 00 00 00 00 00 00 00 00 00 00 00 00 00 00 00 00 00 00 00 00 00 00 00
0x7080 00 00 00 00 00 00 00 00 00 00 00 00 00 00 00 00 00 00 00 00 00 00 00 00 00 00 00 00 00 00 00 00 00 00 00 00 00 00 00 00 00 00 00 00 00 00 00 00 00 00 00 00 00 00 00 00 00 00 00 00
0x70BC 00 02 00 00 00 01 00 02 00 01 00 02 00 00 00 05 00 07 00 03 00 06 00 06 00 04 00 04 00 05 00 02 00 08 00 07 AB AB 6A AC 35 3C E0 AE 3D 6F E5 92 FF AB 21 E7 1D F9 E0 B4 96 DE A3 69
0x70F8 36 97 92 26 E2 B9 89 03 9C 8B 2A 54 5A AA 66 2A 9B 28 12 85 8A E3 85 18 12 C1 1C 28 7A 91 0D F5 13 ED D8 26 27 F7 B3 CF D2 2B AB 87 DA F1 F1 EA 37 27 2B 2A 74 7E 50 99 EE 78 E9 0B
0x7134 CC 70 C0 24 7D F9 C3 BC 72 D2 1B A3 97 F3 58 B6 E6 6A AA 6C 22 72 34 C5 3A D0 14 CD 41 44 21 94 20 AA 0F 0D 0E 94 B6 CD DC EC 22 E3 65 0F C6 46 DE 36 89 60 FE 7A 8C F0 19 D6 13 A3
0x7170 55 93 E3 5E 65 7D 4B 2B 8B 4D 29 F9 81 CB 4C 5F A0 85 C6 1B 3D 8F EF 52 4A 29 88 44 A9 B5 0E 36 F6 B5 28 5F 63 5D 62 64 09 88 9D D9 6C C9 4A 45 0B FF 23 75 17 D6 91 16 9B 9E AB 14
0x71AC 78 4C 0E C0 37 D8 D8 F0 F9 98 6E 9E 4E C6 00 10 D6 19 45 54 A8 51 6A A9 93 35 E2 46 E7 9E 94 0C 23 D2 1E AB FB 92 2A 63 5C 84 F4 B7 4E 12 69 3C 29 08 15 DE F9 64 A1 98 F7 9E 45 6B
0x71E8 9B 9A 29 45 7D D4 AD 78 C6 D2 28 E4 F8 51 27 48 CA C9 D4 03 E1 18 20 E2 71 AB CA BE FE F7 1E 0B 17 64 36 0E E6 98 F0 06 F1 8B B4 03 33 F8 64 67 90 36 CD A4 BA D0 1B DE 65 F3 F0 3C
0x7224 22 56 CC 3C 8B A8 12 B4 68 3F BE 40 98 2B 0C 8B FF D2 AA ED C9 CB 4F CA C2 59 3D F5 9E ED B2 9E A7 74 C9 1D CE E6 3D AA E8 39 7C AA 1C 98 4F 0B 16 8C 9A BF 4E 9B ED 57 9D 5C 6D 5E
0x7260 00 01 00 00 00 00 00 00 00 01 00 02 00 01 00 00 00 01 00 01 00 01 00 01 00 00 00 00 00 00 00 01 00 02 00 02 00 00 00 01 00 02 00 01 00 00 00 01 00 01 00 01 00 01 00 01 00 01 00 01
0x729C 00 01 00 01 00 00 00 00 00 00 00 00 00 00 00 00 00 00 00 00 00 00 00 00 00 00 00 00 00 00 00 00 00 00 00 00 00 00 00 00 00 00 55 2D D7 C3 BD 5D 7F CF 32 FD 11 C9 B4 58 CF 44 35 25
0x72D8 00 01 00 02 00 01 00 01 00 00 00 00 00 01 00 02 00 01 00 00 00 01 00 01 00 00 00 01 00 00 00 01 00 01 00 00 00 01 00 01 00 01 00 01 00 01 00 01 00 01 00 01 00 01 00 01 00 01 00 02
0x7314 00 01 00 01 00 00 00 02 00 01 00 00 00 01 00 00 00 01 00 00 00 01 00 00 00 00 00 01 00 01 00 01 00 01 00 00 00 01 00 01 00 01 00 01 00 01 00 01 00 01 00 01 00 00 00 00 00 01 00 00
0x7350 00 01 00 01 00 01 00 01 8F EE AE 3C C3 43 81 62 AE 16 46 BA 33 53 09 00 07 7B B7 4B 90 13 3C 88 09 F6 08 84 AF F8 1F 1A F7 75 58 10 7F E9 66 6A 3E C3 E1 AB DE A7 33 56 9E E9 53 A4
0x738C E7 8F 05 55 EA 72 51 EA 18 DE 02 73 6D 22 CF 3C E5 B7 CE A5 71 D9 C4 A8 F4 A3 09 E0 77 B6 34 63 F7 9C 20 9A 1D 71 33 2A 95 44 67 ED 8F 7F 12 F4 35 C5 90 2B D4 DA 38 06 AD 5D 34 1E
0x73C8 DF 78 EA 19 F1 9F 42 2A 0E C6 0E A2 82 C3 63 E0 42 E1 02 1C D5 A0 38 08 CF 29 5B 32 C4 06 49 80 79 E3 06 84 C5 CC 8C 4D 12 39 B9 A8 BB EE 10 67 8E 7B 0E F3 AE 57 4F 94 70 8A 76 01
0x7404 CD AE D9 96 2C AD CC CB 0D 68 B2 65 B2 7D 6C D4 95 6C 14 81 F9 9E 04 6F 84 A0 99 27 99 ED 6F AA 74 4E 18 1A 74 E5 A4 BA D7 57 F1 83 86 FC A4 5B 1E 20 F7 06 AD 5B 3C C9 33 62 8C 41
0x7440 5A 9E 3D 1F 1F 8E 41 52 FA E5 98 14 F1 BC 0E 03 7A B7 2B B0 D1 AE 12 28 4B 2C EC 4C 29 C0 CC 03 50 76 CE C6 05 6D 10 11 E6 86 6D 83 D3 D1 2D CB DE EB 60 17 37 0E D2 F4 B5 42 19 8E
0x747C 4B 77 52 D4 0B BE E6 06 CE F2 51 11 AB 62 CD 92 49 3C B4 82 75 FD F1 5A 8F 66 E1 A2 DE 49 95 97 D9 90 B3 21 5F 0F 22 25 E7 6A 6A C2 A1 67 6D 71 89 C5 82 21 07 75 2E 41 FD 38 15 C3
0x74B8 E9 CC 81 B4 E5 DA 9A D0 09 C2 E4 F7 BD E3 FC 5E FF 4F ED DE BF 98 CF C3 EB 33 40 D7 DB 52 5A A0 A0 7A 1C 08 2D FE 81 16 85 A2 BA 18 9E 41 94 82 CD E7 3B 40 F6 DB 12 90 8E 92 06 8C
0x74F4 FB 04 71 79 89 CE 48 3C 23 21 C9 DE F4 AC A4 30 83 AA 0B 5A 20 39 98 3C 6D 78 00 8C 55 B4 73 30 95 8B F4 D9 EB F7 A8 7D B9 E3 50 46 E5 57 42 B2 EA B6 C3 C2 F3 EC C7 91 44 C7 BA 0B
0x7530 EF D0 76 10 ED EB 96 03 AA EB 3A 7A 5E FB 8A 86 E7 DC 3F 91 4A 81 80 E9 C1 DF C8 C9 9F 59 6C 16 5C A9 42 33 28 E3 D0 01 6B 96 54 0E 93 9F 03 54 7C 57 62 D2 74 DD 44 4F EA 1F AE 26
0x756C BA 69 BB 40 AF DD 69 83 31 69 86 C5 A6 28 19 9A 32 1B 48 D1 3E 3E E9 2A A1 04 50 A7 A5 A5 4A 90 D3 D7 12 54 7C 28 1B C2 8C B5 22 85 33 70 95 10 D0 77 2E 5B 90 D8 3D F2 A7 5E 76 3A
0x75A8 68 A6 CE E1 E5 FC 61 14 63 46 02 DF CE 17 DA 64 E2 0A E4 A2 CB CA A1 B2 D2 D0 4C A2 C4 58 51 6F B5 A8 D8 61 E8 8B C8 6E 36 ED 65 2F 84 3C 6F 74 34 EA EC 61 FA 83 05 75 FB 71 A1 9B
0x75E4 9C F4 87 9A A6 DC 83 0A 8C CF E1 3F E0 BA 25 D3 D4 FE A2 7B 55 37 62 0D 90 8E 82 34 5A 89 0A 27 C5 3E 7A 17 80 04 B9 CC DB EE 60 9C FE E9 41 03 FB 68 F8 B3 4A 64 79 21 35 2B BF FA
0x7620 2E 2C E3 3C 89 F2 4C C4 5F F4 0A 05 8A EF 03 DE D2 8B EA 59 91 98 3A 94 07 6F 26 31 EC D1 84 BC BB 15 1C 23 67 5D 12 A0 87 E1 1D 04 B8 39 59 E2 B9 CF 58 3E C8 7F 02 5E 97 3B 46 D0
0x765C 94 66 52 83 B6 CD A4 00 DA BD AC E8 AF 30 28 36 DF FD 3D 1A BE 33 ED A0 BE 68 D0 E5 53 C7 60 40 AA D9 DB C2 DD C9 0E 1E AD B3 8C 72 5D A3 D1 88 17 6F 0E 0D DC AB 57 75 CA 13 8B 04
0x7698 05 71 05 24 05 C1 05 C8 05 CD 05 BF 05 AA 05 B7 05 C7 05 C5 05 B1 05 B4 05 AC 05 A1 05 AB 05 C4 05 AD 05 A5 05 A0 05 B3 05 94 05 A5 05 A7 05 AC 05 BF 05 CC 05 AF 05 C1 05 CE 05 19
0x76D4 04 84 05 5B 05 97 04 FA 05 D3 05 EF 05 F1 05 CF 05 AE 05 B8 05 CC 05 CA 05 B7 05 CA 05 C3 05 C4 05 D0 05 E8 05 D3 05 E8 05 CD 05 DB 05 AA 05 D0 05 CA 05 C1 05 C1 05 D0 05 D4 05 CF
0x7710 05 FA 05 44 04 5B 05 6F 05 D1 05 CB 05 F6 05 E2 05 EE 05 D9 05 D0 05 DD 05 DB 05 CA 05 CC 05 D9 05 D1 05 D3 05 D7 05 F2 05 E1 05 F0 05 DC 05 EB 05 C2 05 D0 05 D8 05 DB 05 E5 05 F2
0x774C 05 EB 05 F2 06 0C 05 EE 05 C1 05 BC 05 C8 05 BF 05 D6 05 CF 05 EB 05 E2 05 D2 05 E2 05 EE 05 DF 05 E1 05 E8 05 CD 05 D9 05 D3 05 F1 05 E4 05 EA 05 B4 05 D3 05 B1 05 B8 05 B7 05 BF
0x7788 05 D6 05 E2 05 E2 05 E9 05 EB 05 C3 05 C1 05 B6 05 C2 05 BE 05 D4 05 C7 05 C1 05 BA 05 B9 05 CA 05 DB 05 D2 05 D6 05 CB 05 A0 05 BC 05 B6 05 D4 05 BE 05 C2 05 9E 05 94 05 97 05 AE
0x77C4 05 A3 05 B1 05 C5 05 DE 05 CD 05 C6 05 BE 05 AF 05 AD 05 AE 05 C2 05 9B 05 D6 05 C7 05 C6 05 C5 05 B9 05 D2 05 EE 05 E2 05 CF 05 9B 05 5E 05 B3 05 B3 05 CC 05 AE 05 C1 05 8A 05 6B
0x7800 05 B4 05 C3 05 BB 05 CC 05 EF 05 FC 05 FA 05 EE 05 E1 05 B9 05 BB 05 B6 05 B8 05 A0 05 D2 05 C1 05 C7 05 A4 05 40 05 6A 05 E4 05 E6 05 DA 05 BE 05 AD 05 B1 05 A9 05 BB 05 A5 05 AC
0x783C 05 92 05 D3 05 BB 05 CD 05 C6 05 DD 05 F5 05 EB 05 AC 05 B4 05 ED 05 BF 05 AF 05 A8 05 BE 05 A1 05 C4 05 C1 05 C8 05 38 04 A6 05 61 05 B5 05 F6 05 F3 05 EE 05 CD 05 B4 05 B1 05 BB
0x7878 05 A8 05 AE 05 A8 05 E7 05 8D 05 6A 05 C2 05 F7 05 FA 05 68 05 1C 05 09 05 F5 05 D9 05 BF 05 D0 05 B9 05 A7 05 D6 05 CB 05 A8 04 C3 04 D8 05 AA 05 CC 05 FA 06 00 06 09 05 D9 05 B5
0x78B4 05 B0 05 BC 05 A5 05 9B 05 A4 05 D9 04 DA 04 8F 05 73 05 FB 05 EB 05 5E 04 D5 05 53 05 F7 05 E4 05 CD 05 C0 05 BC 05 A9 05 DD 05 C3 05 5D 05 18 05 69 05 DC 06 1D 06 15 05 F1 06 06
0x78F0 05 F2 05 C2 05 AF 05 AC 05 AE 05 93 05 90 05 E5 05 06 04 A3 05 87 05 F1 06 0A 05 8D 05 37 05 F7 05 FD 05 DC 05 CE 05 BF 06 12 06 05 06 2F 06 17 05 FC 05 FB 06 2C 06 37 06 4F 06 54
0x792C 06 28 06 39 06 33 05 F3 05 AB 05 97 05 ED 06 02 05 FC 06 2A 05 97 05 B1 05 FC 06 24 06 6D 06 24 06 0D 06 38 06 41 06 14 06 04 06 07 06 18 06 10 06 2D 06 2F 06 52 06 40 06 40 06 3C
0x7968 06 50 06 5C 06 28 06 37 06 1D 05 FB 05 7B 05 6E 05 E6 06 17 06 0C 06 37 05 C8 05 F2 05 F0 06 22 06 30 06 3F 06 22 06 1F 06 25 06 10 06 0B 06 10 06 0E 06 0D 06 48 06 1D 06 2B 06 28
0x79A4 06 19 06 2B 06 37 06 33 06 12 06 11 06 1C 06 10 05 F1 06 0A 06 21 06 38 06 25 06 22 05 E4 05 DD 05 E5 06 00 06 1D 06 14 06 05 06 04 06 08 05 F7 05 F4 05 FD 06 1F 06 29 06 59 06 2B
0x79E0 06 36 06 13 06 07 06 06 06 13 06 16 06 01 06 02 05 FA 06 05 06 05 06 08 06 36 06 31 06 09 06 13 05 ED 05 ED 05 F2 06 12 06 2C 06 21 06 0D 06 11 06 1A 06 08 06 0C 06 16 06 33 06 37
0x7A1C 06 58 06 20 06 22 06 0E 05 F7 05 FE 06 14 06 0A 06 02 06 01 05 FF 06 02 06 12 06 25 06 2A 06 25 06 06 06 0E 05 E6 05 E9 05 EB 06 0D 06 27 06 1E 06 00 06 09 06 1C 06 0D 06 0B 06 11
0x7A58 06 63 06 65 06 81 06 5D 06 57 06 3F 06 2D 06 44 06 53 06 4D 06 4B 06 44 06 3C 06 3F 06 1D 06 25 06 58 06 4D 06 28 06 37 06 17 06 1F 06 2A 06 4F 06 28 06 1A 05 F1 05 FC 06 18 06 0D
0x7A94 06 18 06 09 06 4C 06 50 06 73 06 47 06 45 06 34 06 25 06 40 06 57 06 53 06 47 06 39 06 38 06 35 05 EF 05 D3 06 3A 06 45 06 10 06 2A 06 06 06 1A 06 2F 06 40 06 0D 06 10 05 F4 05 FE
0x7AD0 06 24 06 00 05 F9 05 FF 05 F3 05 21 05 F3 06 31 06 2A 06 14 06 06 06 18 06 44 06 47 06 29 06 38 06 23 06 20 05 C4 05 B7 06 11 06 23 05 FD 06 09 05 FA 06 18 06 22 06 21 05 F5 06 04
0x7B0C 05 ED 05 FD 06 1E 04 FA 04 58 05 4F 05 D4 05 43 05 DC 06 05 05 F7 05 F5 05 E9 06 04 06 1C 06 22 06 19 06 14 06 08 06 0D 05 C8 05 DA 06 06 06 0B 05 D9 05 FC 05 E4 05 EE 05 ED 06 0D
0x7B48 05 FA 06 01 05 EF 05 E9 06 0A 04 ED 04 2E 05 43 07 6C 37 28 FD D2 01 14 14 C7 C5 24 B5 8B 39 6C 83 D6 12 A2 79 FE 03 B2 B1 C7 33 EE 66 4B 3A A0 9B 0A D2 E9 44 9F 72 C7 8F FA B7 11
0x7B84 83 2C 7A 46 FB 2B B8 C6 9C 7E 70 84 D0 E0 81 2C D9 29 A2 94 86 4D 48 11 3C B2 A7 21 88 4D 1A 09 B3 39 40 DC 3D FC 2A 63 C8 6D 61 40 EA 72 18 EC 58 3B 16 26 71 FF 9E B2 E7 F9 1A 21
0x7BC0 FE 4E C4 32 27 E3 BC 00 AA 81 D5 1E 98 36 19 64 1E 67 CC 5C A5 0A 31 72 AD F8 F1 67 30 3C CB 22 C3 A8 0E AD 00 0B 3C 38 BD F3 87 78 8B 59 98 04 92 D5 A8 D0 56 5D 65 D5 76 DE C6 31
0x7BFC F4 F0 1D 1D 9A 87 CA C9 DF E0 68 28 96 91 11 9E F6 44 6D F4 94 F7 5E 5B 28 B5 01 A8 C8 75 4B 03 76 C7 1E 44 3D AB BB 90 DF 8B 73 43 B4 1E 45 47 7D F1 9E 09 39 72 9D D2 24 64 02 8F
0x7C38 B3 3C 14 0B F0 18 06 C5 82 E7 52 09 D6 6B E4 D2 F7 AD 5B D5 3D 8C 28 9F 08 51 03 39 27 FB CB B8 A6 66 09 24 35 D2 33 00 71 FD 10 37 5F E7 05 05 72 A2 A2 A4 3D FF 84 4E E5 57 D7 14
0x7C74 16 63 32 0D 8B 8D D2 C0 FB 97 3E 10 CD 6A 16 1F D9 A9 07 64 71 61 89 91 18 6A E4 58 11 40 E0 83 C3 92 0C 80 2C C5 88 12 A9 1E 2A B5 E0 7D 37 03 3C C2 34 D2 FB 7F 38 14 B6 94 90 A6
0x7CB0 06 D5 0B 4A 27 F7 10 D1 AA B0 0D 52 82 17 55 A7 80 A1 EA A7 3F 11 C3 98 AE 3B A9 57 8A 92 AB 08 07 6D 91 3E 7E AE 91 77 00 4B 00 47 00 42 00 4B 00 47 00 48 00 50 00 57 00 52 00 51
0x7CEC 00 40 00 4B 00 50 00 5D 00 56 00 4D 00 43 00 3E 00 45 00 00 00 00 00 00 00 00 00 00 00 00 00 00 00 00 00 00 00 00 00 00 00 00 00 00 00 00 00 00 00 00 00 00 00 00 00 00 00 00 00 00
0x7D28 18 33 13 88 02 20 00 07 00 07 00 06 00 06 00 07 00 07 00 07 00 06 00 05 00 07 00 05 00 05 00 05 00 06 00 07 00 07 00 07 00 04 00 06 00 07 00 07 00 07 00 07 00 07 00 07 00 06 00 04
0x7D64 00 04 00 00 00 00 00 00 00 00 00 00 00 00 00 00 00 00 00 00 00 00 00 00 00 00 00 00 00 00 00 00 00 00 00 00 00 00 00 00 00 00 00 00 00 00 00 00 00 00 00 00 00 00 00 00 00 00 00 00
0x7DA0 00 00 00 00 00 00 00 00 00 00 00 00 00 00 00 00 00 00 00 00 00 00 00 00 00 00 00 00 00 00 00 00 00 00 00 00 00 00 00 00 00 00 00 00 00 00 00 00 00 00 00 01 00 01 00 01 00 01 00 01
0x7DDC 00 01 00 00 00 01 00 00 00 01 00 00 00 01 00 01 00 01 00 01 00 00 00 00 00 00 00 00 00 00 00 00 00 00 00 00 00 00 00 00 00 00 00 01 00 01 00 01 00 01 00 02 00 01 00 01 00 01 00 00
0x7E18 00 01 00 01 00 00 00 00 00 00 00 02 00 03 00 03 00 01 00 01 00 02 00 04 00 03 00 02 00 08 00 07 00 02 00 08 00 09 00 09 00 05 00 02 00 03 00 01 00 02 00 01 00 02 00 01 00 01 00 02
0x7E54 00 07 00 06 00 03 00 02 00 01 00 01 00 01 00 04 00 01 00 01 00 01 00 01 00 01 00 00 FB 70 D9 1F A4 F9 15 AF F3 7B 8D 97 4C 0F A1 9E 5E AD 0C 88 3C 91 31 E3 46 5F 3F 39 CA E5 00 AC
0x7E90 61 A4 41 2E C3 7F 13 86 E8 AF C7 14 26 5A 1F AA DA 71 11 50 E8 4C 0A 54 3E 5F C8 AB E4 C4 A8 52 52 6A 7D E0 B9 6E A1 24 CB BA 1D 07 C2 8E 2B FD 57 F5 0D 49 7A FE 40 51 51 50 0D 5D
0x7ECC 12 C9 22 63 34 6F 0C 1E 67 94 02 83 E9 97 FD 8C 08 6A 04 27 5E DD BA 02 F5 5D 38 0E 97 D9 A6 55 BB FC D3 60 DC 31 06 B9 F3 36 94 2E FC 56 76 ED 0E A5 A4 18 B6 6B F0 AC 92 2D 83 0A
0x7F08 65 9B F6 96 5D 44 34 CF 0E 47 0F AF 0E 57 10 BC 11 80 11 3E 11 81 11 6E 0F BC 10 73 10 68 13 2A 11 1C 11 8E 11 E6 11 D7 12 7D 13 39 10 DC 19 44 19 E0 1A C9 1B 06 1B 9C 1A F4 1C 6F
0x7F44 1C 9D 1C C3 1B EF 1B D2 1B 26 19 40 19 60 18 7D 18 12 17 2D 16 A6 18 09 18 D9 19 DA 19 D0 19 2A 17 8D 16 89 14 BE 16 68 16 9C 19 04 18 03 16 6E 19 33 E8 C1 4B A8 B4 70 D5 B6 5F 83
0x7F80 76 73 06 2C A2 BF 0A 25 0E 43 0F AB 0E 53 10 B6 11 7B 11 38 11 7F 11 6B 0F BA 10 71 10 64 13 28 11 1A 11 8B 11 E8 11 D2 12 7D 13 31 10 D9 19 49 19 E2 1A CB 1B 06 1B 99 1A F6 1C 70
0x7FBC 1C 99 1C CA 1B F3 1B D5 1B 25 19 4A 19 62 18 7E 18 15 17 2F 16 AE 18 0C 18 DE 19 E2 19 D2 19 2B 17 91 16 8C 14 C2 16 6A 16 A1 19 08 18 03 16 75 19 34 B8 20 BB FB 7C CA 58 D3 60 86
0x7FF8 BF AE 7E 55 35 D4 5A 00 00 02 FF FD FF FD FF FE FF FE FF FD 00 03 00 00 FF FF 00 01 FF FE 00 05 00 03 00 02 00 07 00 02 00 04 FF FA 00 03 00 2D 00 32 00 31 00 2D 00 35 00 32 00 32
0x8034 00 29 00 36 00 38 00 2F 00 2D 00 3D 00 31 00 2D 00 2C 00 2E 00 32 00 2B 00 31 00 30 00 2E 00 2F 00 2D 00 33 00 31 00 2E 00 32 00 2E 00 2D 00 32 00 2E 09 40 87 40 40 36 8E CB 5F 44
0x8070 3E CE 6C C7 3D BD 50 88 05 50 05 00 05 9C 05 A5 05 A8 05 99 05 84 05 8D 05 A2 05 A0 05 8A 05 8C 05 86 05 7A 05 84 05 99 05 86 05 80 05 79 05 89 05 6D 05 7B 05 7F 05 81 05 94 05 A0
0x80AC 05 88 05 97 05 A2 04 F8 04 64 05 34 05 73 04 DB 05 B0 05 C6 05 CD 05 AA 05 88 05 93 05 A7 05 A8 05 92 05 A5 05 9B 05 A0 05 A9 05 C2 05 AC 05 BF 05 A7 05 B0 05 84 05 A8 05 9F 05 94
0x80E8 05 97 05 A5 05 AB 05 A9 05 CD 05 22 04 43 05 47 05 AC 05 A9 05 D7 05 BE 05 CE 05 B7 05 AD 05 BA 05 B7 05 AA 05 AB 05 B7 05 AA 05 B0 05 B1 05 CF 05 BA 05 C4 05 B8 05 C0 05 96 05 AD
0x8124 05 AC 05 B0 05 BC 05 C8 05 C0 05 C8 05 E3 05 C2 05 95 05 91 05 A5 05 9E 05 B8 05 AA 05 C7 05 C0 05 AF 05 BF 05 C7 05 C0 05 BC 05 C6 05 A8 05 B8 05 AE 05 CF 05 BE 05 C2 05 8E 05 AB
0x8160 05 86 05 94 05 8E 05 96 05 AB 05 B8 05 B8 05 C3 05 C4 05 9F 05 97 05 8A 05 9E 05 9D 05 B7 05 A3 05 9F 05 9B 05 95 05 A3 05 B8 05 B3 05 B5 05 AA 05 7D 05 9E 05 91 05 B3 05 9E 05 9D
0x819C 05 7A 05 71 05 72 05 88 05 82 05 8B 05 A3 05 B8 05 A9 05 A4 05 99 05 89 05 88 05 89 05 9F 05 7A 05 B3 05 A8 05 A5 05 A5 05 9B 05 AF 05 CC 05 C2 05 B0 05 7B 05 42 05 92 05 94 05 AA
0x81D8 05 8D 05 9C 05 6B 05 4C 05 8D 05 9F 05 96 05 A5 05 C5 05 D0 05 D0 05 C6 05 BE 05 93 05 92 05 8E 05 94 05 81 05 B1 05 9F 05 A8 05 8B 05 25 05 4F 05 C3 05 C7 05 BA 05 9E 05 89 05 95
0x8214 05 89 05 9C 05 87 05 89 05 71 05 AC 05 95 05 A8 05 A1 05 B8 05 D2 05 C6 05 8A 05 92 05 CA 05 99 05 87 05 82 05 9E 05 84 05 A5 05 A0 05 AB 05 22 04 98 05 4B 05 96 05 D6 05 D6 05 CF
0x8250 05 A9 05 98 05 90 05 9B 05 89 05 8C 05 89 05 C3 05 68 05 4D 05 9F 05 D0 05 D3 05 4C 05 00 04 F6 05 D1 05 B4 05 96 05 A7 05 9B 05 8B 05 B8 05 A9 05 8B 04 B6 04 CA 05 94 05 AD 05 DE
0x828C 05 E2 05 E8 05 BA 05 97 05 92 05 9B 05 88 05 7A 05 84 05 B7 04 C3 04 7F 05 51 05 D4 05 C6 05 3E 04 BB 05 38 05 D0 05 BB 05 A5 05 9B 05 9C 05 8A 05 BC 05 A2 05 45 05 06 05 52 05 BB
0x82C8 05 FB 05 F9 05 D2 05 E8 05 CF 05 A5 05 92 05 8C 05 92 05 75 05 71 05 C0 04 F0 04 94 05 68 05 CD 05 E3 05 68 05 16 05 D3 05 DA 05 B7 05 A9 05 9B 05 EE 05 E6 06 0D 05 F7 05 DF 05 DE
0x8304 06 0A 06 1A 06 2B 06 35 06 0C 06 1E 06 15 05 D9 05 91 05 82 05 D1 05 E4 05 DF 06 08 05 79 05 94 05 DC 06 05 06 48 06 00 05 E8 06 15 06 1E 05 F3 05 E1 05 E4 05 F7 05 F1 06 0E 06 12
0x8340 06 36 06 24 06 1E 06 1C 06 2F 06 3F 06 0A 06 1C 06 00 05 DD 05 67 05 5A 05 C8 05 F7 05 EB 06 15 05 AA 05 D3 05 D3 06 01 06 13 06 1D 06 02 05 FE 06 05 05 EB 05 EB 05 EF 05 F0 05 F0
0x837C 06 2A 06 01 06 11 06 0A 05 FC 06 0A 06 17 06 15 05 F3 05 F3 05 FF 05 F0 05 D3 05 EB 06 01 06 18 06 05 06 00 05 C2 05 C3 05 C8 05 DF 05 FF 05 F6 05 E4 05 E5 05 E4 05 D3 05 D0 05 DB
0x83B8 06 00 06 0D 06 38 06 0D 06 18 05 F1 05 E7 05 E4 05 F9 05 F9 05 E6 05 E6 05 DC 05 E5 05 E8 05 EE 06 15 06 14 05 EA 05 F0 05 CA 05 CF 05 D3 05 F3 06 0B 06 00 05 ED 05 F3 05 FB 05 E7
0x83F4 05 EA 05 F3 06 10 06 17 06 38 06 01 06 07 05 EF 05 D8 05 DE 05 F6 05 EB 05 E7 05 E6 05 E2 05 E3 05 F2 06 0A 06 0B 06 0A 05 E8 05 F1 05 C8 05 CC 05 CF 05 F0 06 06 05 FB 05 E2 05 EB
0x8430 05 FE 05 EB 05 EF 05 F0 06 40 06 45 06 62 06 39 06 39 06 22 06 0D 06 21 06 2C 06 2F 06 2A 06 27 06 1A 06 1F 05 FE 06 08 06 37 06 2A 06 0A 06 16 05 F9 06 00 06 08 06 2D 06 05 05 FA
0x846C 05 D1 05 DE 05 F7 05 EE 05 F3 05 E7 06 2A 06 2F 06 53 06 23 06 29 06 15 06 0A 06 21 06 37 06 33 06 27 06 1D 06 13 06 15 05 D1 05 BB 06 19 06 23 05 F2 06 09 05 E6 05 FD 06 0D 06 1E
0x84A8 05 EE 05 F1 05 D3 05 DF 06 02 05 E1 05 D4 05 DA 05 CF 05 08 05 D3 06 0D 06 07 05 F2 05 E4 05 FB 06 21 06 25 06 09 06 15 05 FF 06 00 05 A4 05 9C 05 F2 06 00 05 DC 05 E8 05 D9 05 F9
0x84E4 05 FF 05 FD 05 D7 05 E2 05 CB 05 DC 05 FC 04 E2 04 43 05 2F 05 B4 05 2B 05 BF 05 E3 05 D9 05 D6 05 CA 05 E3 05 F6 06 04 05 F9 05 F4 05 E6 05 F0 05 A8 05 BE 05 E4 05 E9 05 B9 05 D7
0x8520 05 C2 05 CE 05 CB 05 E8 05 D8 05 DF 05 CE 05 C7 05 E5 04 D5 04 1B 05 24 BB 78 C2 F1 23 B7 04 F6 36 3F 10 DD 19 E7 9B 46 B0 0C D7 3C 47 4F 16 67 8E 64 EB 37 7F 24 5D D8 EB 01 B7 36
0x855C 28 96 85 4C BD AD 95 38 59 DD E0 A4 F1 81 02 E3 60 13 2C 2A 84 A7 A1 D2 BC 2E 68 B0 94 F0 5F 70 BB A4 04 AE 3C D7 34 71 9E B0 49 E2 F7 CE B3 FD 4F 67 02 56 27 AD 2B 29 83 FB 67 81
0x8598 90 5B 6A C0 26 CB 4F AB 89 5E B2 0E FA 1F 9C D3 CA 01 00 39 F7 CD 1B 0C DE 8C 88 40 8D C6 8A 3F F9 C1 2A 54 D7 FD 9D A0 D5 87 1C 50 6A CD E4 55 93 7F 3A B2 70 DF 84 14 76 D7 19 B0
0x85D4 1E 3F 1F 1F 1D 25 BA 1A 7D 25 23 99 1F F3 82 10 3B AA 01 12 E3 41 E4 03 AD E8 9A 58 D6 3E 89 3B 21 AD 92 3F 19 EC D6 5A A3 FB 70 E1 36 62 50 B3 E9 72 99 AA 53 41 D9 13 10 D2 DD 44
0x8610 2D E5 92 B6 46 69 CC 38 13 4C F7 6D BF 1B A3 95 DB D7 52 0C 5B DE F3 11 FF 4D 46 05 C7 F2 43 C5 75 A8 0C 87 9B FC 2D 62 D0 34 FA 6A C9 A7 93 9B C6 12 FB 2A CC B4 D4 26 2F CB 52 DA
0x864C C1 5F 77 B4 DB B7 82 BC A7 74 93 48 E1 8A 80 C3 AB DD FB 8A A2 A4 C0 2F 29 B6 08 C8 F3 99 94 5A 89 A2 34 CA 6F 45 2A 7F D1 8A 50 C9 3C A9 15 E4 E7 F5 6E C5 6B 89 4C 45 CB DB F7 3B
0x8688 0C C3 04 ED A5 63 CD 25 43 6C 9F B0 0D 58 14 E0 9F A2 2A 25 CA FA 3D 43 80 26 31 45 FC 0C 54 31 A1 9A 30 AB 8E D6 E4 93 3F 1F 8F 38 BD BF C4 9E 05 73 05 20 05 BE 05 CA 05 CC 05 BC
0x86C4 05 AB 05 B5 05 C6 05 C2 05 B0 05 AF 05 AB 05 9E 05 AD 05 C0 05 AC 05 A5 05 A0 05 B5 05 96 05 A4 05 A9 05 AE 05 C0 05 CB 05 B0 05 C0 05 CE 05 19 04 84 05 5A 05 94 04 FA 05 D2 05 ED
0x8700 05 6F 05 4D 05 2F 05 3B 05 4A 05 4B 05 3B 05 4D 05 3F 05 48 05 4D 05 65 05 55 05 64 05 4C 05 59 05 2D 05 50 05 48 05 40 05 40 05 4F 05 55 05 54 05 76 04 D3 03 FD 04 F4 05 4F 05 4F
0x873C 05 F6 05 E3 05 F1 05 D8 05 D1 05 DD 05 DA 05 CB 05 CE 05 D9 05 CE 05 D2 05 D8 05 F2 05 DF 05 EF 05 DD 05 E9 05 BF 05 D0 05 D7 05 DA 05 E6 05 F0 05 EB 05 F0 06 0C 05 EA 05 BE 05 BB
0x8778 05 C8 05 C1 05 DB 05 CC 05 EB 05 E3 05 D0 05 E2 05 ED 05 E3 05 E1 05 EB 05 CB 05 DA 05 D2 05 F4 05 E2 05 E7 05 B4 05 D0 05 B0 05 BB 05 B6 05 BC 05 D3 05 DE 05 DD 05 ED 05 ED 05 C5
0x87B4 05 BF 05 B1 05 C4 05 BC 05 D6 05 C5 05 C1 05 B9 05 B7 05 CB 05 DE 05 D2 05 D9 05 CA 05 A0 05 BF 05 B6 05 D6 05 BF 05 C2 05 9B 05 95 05 94 05 AE 05 AA 05 B3 05 CD 05 DF 05 D1 05 C7
0x87F0 05 41 05 31 05 30 05 34 05 BF 05 99 05 D2 05 C8 05 C5 05 C3 05 B9 05 CC 05 EE 05 E1 05 CE 05 9C 05 5B 05 B0 05 B1 05 CD 05 AB 05 BF 05 8A 05 6A 05 B0 05 C2 05 B9 05 C6 05 EE 05 F9
0x882C 05 F6 05 EF 05 E4 05 BA 05 B8 05 B7 05 B8 05 A3 05 D3 05 BF 05 CA 05 A5 05 40 05 69 05 E4 05 E8 05 DC 05 C1 05 AD 05 B6 05 A9 05 BF 05 A5 05 AA 05 92 05 D2 05 BB 05 CE 05 C6 05 DC
0x8868 05 FA 05 EF 05 AE 05 B0 05 EB 05 BC 05 AD 05 A8 05 BF 05 A1 05 C3 05 C1 05 C5 05 37 04 A6 05 5E 05 B3 05 F1 05 F4 05 EB 05 CB 05 B6 05 B0 05 BC 05 A7 05 AC 05 A8 05 E4 05 8B 05 6A
0x88A4 05 44 05 73 05 75 04 F2 04 A9 04 9C 05 74 05 59 05 3D 05 50 05 3B 05 2D 05 57 05 48 05 2C 04 5C 04 6C 05 2B 05 4B 05 78 05 7F 05 83 05 58 05 39 05 32 05 40 05 29 05 1D 05 27 05 58
0x88E0 04 D9 04 90 05 6F 05 F9 05 EA 05 5D 04 D5 05 53 05 F5 05 E1 05 CA 05 BE 05 BB 05 A9 05 DD 05 BF 05 5D 05 17 05 68 05 D7 06 1C 06 13 05 F2 06 09 05 EE 05 C5 05 AD 05 AD 05 AE 05 94
0x891C 05 90 05 E3 05 06 04 A4 05 88 05 F2 06 09 05 8B 05 37 05 F7 05 FD 05 DC 05 D1 05 C0 06 10 06 08 06 31 06 17 05 FD 05 FB 06 2B 06 35 06 51 06 58 06 2C 06 3F 06 37 05 F5 05 AE 05 9B
0x8958 05 EE 06 06 05 FE 06 2D 05 99 05 B5 06 00 06 28 06 6F 06 28 06 10 06 3C 06 44 06 17 06 07 06 0B 06 1A 06 10 06 2F 06 31 06 54 06 40 06 40 06 3B 06 51 06 5D 06 29 06 39 06 20 05 FC
0x8994 05 80 05 73 05 E8 06 19 06 0E 06 3C 05 C7 05 F9 05 F3 06 25 06 35 06 42 06 25 06 22 06 29 06 10 06 0E 06 13 06 13 06 12 06 4A 06 22 06 31 06 2C 06 1C 06 2A 06 38 06 36 06 13 06 11
0x89D0 06 21 06 11 05 F5 06 0E 06 24 06 3F 06 29 06 28 05 E6 05 E1 05 EA 06 05 06 21 06 1A 06 0B 06 06 06 0A 05 F9 05 F7 06 01 06 25 06 2C 06 59 06 31 06 35 06 12 06 09 06 0B 06 18 06 16
0x8A0C 06 02 06 04 05 FA 06 02 06 05 06 09 06 36 06 33 06 09 06 12 05 EF 05 EB 05 F2 06 13 06 2D 06 22 06 0E 06 10 06 19 06 09 06 0C 06 16 06 34 06 37 06 5A 06 21 06 24 06 11 05 F9 05 FC
0x8A48 06 17 06 0C 06 08 06 06 06 00 06 06 06 14 06 29 06 2D 06 2B 06 08 06 13 05 EB 05 ED 05 F1 06 10 06 29 06 1D 06 02 06 0D 06 1D 06 10 06 10 06 15 06 60 06 69 06 83 06 5A 06 59 06 41
0x8A84 06 2C 06 41 06 52 06 50 06 4E 06 45 06 39 06 40 06 1D 06 25 06 57 06 4C 06 2A 06 38 06 18 06 22 06 29 06 4D 06 27 06 17 05 F1 05 FD 06 19 06 12 06 14 06 09 06 4A 06 51 06 73 06 45
0x8AC0 06 48 06 35 06 2D 06 41 06 5A 06 50 06 47 06 3B 06 35 06 36 05 EE 05 D4 06 39 06 46 06 15 06 29 06 04 06 1F 06 2F 06 40 06 0E 06 11 05 F4 05 FD 06 23 05 FF 05 F9 05 FF 05 F3 05 20
0x8AFC 05 F4 06 31 06 2A 06 16 06 05 06 1A 06 43 06 46 06 2B 06 36 06 22 06 23 05 C1 05 B7 06 13 06 20 06 00 06 08 05 FA 06 1C 06 21 06 1F 05 F5 06 02 05 ED 05 FD 06 1F 04 FC 04 57 05 4E
0x8B38 05 D6 05 45 05 DE 06 07 05 F7 05 F5 05 EE 06 0A 06 19 06 24 06 19 06 13 06 08 06 11 05 C7 05 DC 06 05 06 0C 05 D9 05 FA 05 E7 05 EE 05 EB 06 0D 05 FC 06 05 05 F1 05 E8 06 0A 04 EA
0x8B74 04 2D 05 44 B9 6C 43 7D 79 C6 DE F2 94 8F 50 D7 74 B3 1E 65 C6 E2 A4 86 23 68 79 1B DD C3 8A BA 87 A1 94 15 D2 96 3C 2F BE 99 BE 1A 6B C1 2B 4F AF DF A2 39 61 80 27 48 6A 8C B4 19
0x8BB0 7A DB 46 F3 9F 2C 2D DC 6B FA 3A 01 34 03 48 A9 A1 D7 36 00 60 EC A0 50 6E 1B 83 C4 1C F7 39 EE 5B 7B 5C 26 FF A7 26 08 E8 BC D9 85 DB 20 3A 30 7E 34 24 A0 01 C7 30 F8 FD 5D 6C 26
0x8BEC F5 95 9B 38 0E 3F EC 51 AF 62 02 3A 77 B4 C1 8E 8D FF 46 8F F7 E7 25 B4 77 DC CE 4F DD 8A A1 B6 31 FA A6 51 43 DF FF C1 13 5A 3A 74 64 7D 62 56 98 12 4C 42 38 EC 1C 39 07 9D 81 04
0x8C28 3E EB 4A 1D 0F B0 80 17 95 73 09 89 1E EF 9A 45 9E CB E2 BF C5 A5 19 60 79 79 2B 96 92 8A 87 5B 2C C4 3A 3D 0D E9 CC 77 FA 60 67 4D A4 FB DE 03 20 A2 A7 08 01 EC CA 18 76 63 82 67
0x8C64 42 D0 43 09 6A D7 0A 1E 9B ED 03 D5 DE 57 67 32 C9 42 56 16 8B 6F 45 88 ED F0 84 14 69 CF F6 60 C4 EA 4A C8 CF 79 4C 18 FD EB DC C6 C7 2C 93 2C 96 CB 49 78 1C 6C 7B 71 25 E7 0D BB
0x8CA0 7E EB 24 88 95 1A C0 14 FB 6F F5 86 F5 DE AD 05 3A 27 57 69 3F 79 73 56 37 39 C2 AC EF 9A AA 8A FE 67 3B 49 9F 2F 1D E7 7A F0 58 46 B4 21 B0 34 ED 35 F8 60 BC 20 11 8E 39 F4 62 0E
0x8CDC 97 CC 95 2D 67 2A 75 51 66 3D 5A 88 6B D7 8A 1D F4 C7 26 9D 32 EA 0F DD 93 7F 0D 00 85 B9 FE F2 7E A7 4A 5F CB 4C 88 5E 38 97 DC C8 48 53 41 B8 B0 02 3B E0 9B A2 78 5C 67 FD 8E 00
0x8D18 74 B3 C6 75 CE 2A BD 36 24 99 1A 85 5F A3 A0 0F 1D 28 61 B1 0C 69 3E B4 E9 BD 6A D1 E6 9C DA 57 9B FF 88 88 6A DA 48 93 EC 7B 3C 02 04 D3 92 A3 C8 E4 5A D3 4A E5 37 03 CB DE 79 58
0x8D54 71 6B 8A B4 BB DD 4A 6A 72 0E 33 82 89 1F 88 52 F9 C4 8C 00 56 B7 48 62 7E 52 A4 39 BB 20 49 35 C7 09 24 4A D6 BF A1 BE C5 4A A4 12 26 E1 36 F2 DA 31 31 A7 39 92 2C 07 5F 04 16 4A
0x8D90 5A 46 26 F3 B4 AF BC 49 13 23 53 16 A7 FB E2 D9 47 E1 07 43 6F 1C 25 80 DF A4 7F 91 B7 AB D7 53 44 67 21 8C D5 F9 FC 2F 6E B5 C3 9D B3 A9 8B C0 B2 67 88 1A 8E 33 E0 C0 1F 6D 2E 47
0x8DCC 70 9B 86 0B C1 3A 47 2B 73 F1 F9 FA C8 C3 CE F7 E9 0E E7 15 24 B8 CE D7 5B 94 5C D8 23 3D 50 5B 92 D0 0C 03 66 E8 7A 70 73 7F E6 7A 6E F9 F3 40 DC EC 95 A7 B0 88 DE 4B B5 FE CB 2E
0x8E08 34 73 D6 2B 91 FC 6B E7 A8 33 6C 30 52 40 4B 2B 7D 92 66 F0 7E 24 03 91 F8 DB 73 34 65 A2 8E 80 7D FC 00 41 52 FD B4 5A B4 A1 D2 1B FB A6 05 05 FF DE FF E0 FF E0 FF DB FF DC FF DE
0x8E44 00 02 FF FF 00 03 00 04 FF FE FF FE 00 03 FF FF 00 01 FF FF 00 01 00 03 00 00 FF FD FF FF FF F9 00 01 FF FE 00 00 FF FF 00 01 FF FE FF FA 00 06 00 0B FF FF 00 04 00 08 00 03 FF FF
0x8E80 FF DC FF DD FF DC FF DC FF DC FF DE FF D8 FF DB FF DB FF DB FF DC FF D9 FF D8 FF D9 FF DA FF D6 FF DB FF D9 FF D9 FF D5 FF D8 FF D6 FF D8 FF D8 FF D6 FF DC FF E8 FF DA FF DE FF DB
0x8EBC FF E5 FF DF FF E3 FF DD FF DD FF DB FF E1 FF E0 FF DF FF DF FF DC FF DE FF DD FF DE FF DE FF D9 FF DD FF DA FF D7 FF DD FF DA FF D7 FF D9 FF D7 FF DB FF DA FF DA FF D9 FF D7 FF D7
0x8EF8 FF E0 FF DE FF DF FF DE FF DA FF DD FF DD FF DE FF DF FF DC FF DA FF DD FF DD FF DE FF DE FF DE FF DD FF DA FF D9 FF DC FF D8 FF DB FF D8 FF DD FF D8 FF D9 FF D7 FF DA FF D9 FF DB
0x8F34 FF FA FF FB FF FF 00 03 00 04 00 00 00 03 00 06 00 02 FF FF 00 00 00 05 00 01 00 06 00 01 00 03 FF FF 00 04 00 03 00 01 00 00 00 01 00 00 FF FF FF FC FF FB FF FC FF F9 FF FC 00 01
0x8F70 FF DB FF DE FF DA FF D9 FF DC FF E1 FF E2 FF DE FF E5 FF E3 FF E2 FF DD FF DC FF E1 FF E1 FF E2 FF E3 FF E4 FF DE FF DD FF E2 FF DB FF E3 FF DF FF D8 FF DD FF D8 FF DA FF DA FF D7
0x8FAC FF D7 FF D6 FF D9 FF D8 FF D8 FF D8 FF E0 FF DF FF DE FF DF FF E1 FF E4 FF E5 FF E7 FF DF FF E0 FF E0 FF DE FF E0 FF E0 FF E2 FF E3 FF E2 FF DF FF DF FF DD FF DB FF DC FF DC FF DE
0x8FE8 FF FC FF FB FF FE 00 01 00 00 FF FD FF FB FF FD FF FC 00 04 00 03 FF FD 00 02 00 0C 00 12 00 0D 00 06 00 05 00 02 00 00 FF FB 00 03 FF FE 00 01 00 02 00 00 FF FE FF FC FF FD 00 04
0x9024 FF DC FF DD FF DC FF E6 FF E7 FF EA FF DB FF DA FF DB FF D9 FF E1 FF E2 FF E1 FF E1 FF E2 FF F4 FF F2 FF EB FF E7 FF E1 FF E0 FF E0 FF E0 FF DF FF E2 FF DF FF E3 FF E2 FF E2 FF DF
0x9060 FF ED FF F0 FF E1 FF DE FF DE FF E0 FF E6 FF E2 FF D7 FF D8 FF DD FF DD FF E0 FF DF FF DD FF E0 FF E6 FF EE FF EB FF E8 FF DF FF E3 FF DF FF E2 FF E1 FF E1 FF E4 FF DF FF E2 FF E2
0x909C 00 01 FF FF 00 0B 00 0E 00 02 FF FD FF F9 FF FB FF FF FF F7 FF FC FF F8 FF FB FF FD FF FF 00 00 FF FE 00 03 00 03 00 03 00 01 00 05 FF FE FF FF 00 02 00 00 00 03 FF FF 00 06 00 08
0x90D8 FF E4 FF E4 FF E3 FF E0 FF E5 FF E4 FF E2 FF E3 FF DF FF DE FF DF FF DA FF DC FF DE FF DD FF DF FF E1 FF E3 FF E0 FF E5 FF E2 FF E5 FF E4 FF E6 FF E0 FF E0 FF E1 FF E5 FF E6 FF E6
0x9114 FF E6 FF E7 FF DE FF DE FF DD FF DB FF DF FF DF FF DF FF DA FF DF FF DE FF DE FF DD FF DB FF D9 FF DB FF DE FF DE FF E2 FF DE FF E0 FF E1 FF E0 FF E2 FF E0 FF DF FF DF FF DF FF E3
0x9150 FF E0 FF DF FF E0 FF DE FF E0 FF DD FF DC FF DB FF DC FF E4 FF DE FF DE FF E1 FF DF FF DE FF E1 FF DE FF DC FF DC FF DE FF DE FF E0 FF DE FF E1 FF E1 FF DD FF DF FF DB FF E3 FF E2
0x918C FF E1 FF E1 FF DF FF E0 FF E1 FF E4 FF DE FF E1 FF E1 FF DD FF E0 FF E0 FF E1 FF DF FF E1 FF E1 FF DF FF E2 FF DF FF DD FF DD FF DC FF DD FF DD FF DA FF E0 FF E2 FF DE FF DE FF E1
0x91C8 FF DF FF DE FF E5 FF E1 FF E2 FF DE FF DD FF E5 FF DF FF DF FF E0 FF DF FF DF FF DF FF DF FF E0 FF DE FF DC FF DE FF DE FF E2 FF DB FF DF FF DC FF E1 FF DF FF DD FF E0 FF E0 FF E2
0x9204 FF DF FF DE FF DA FF E1 FF DF FF E5 FF E0 FF E3 FF DF FF E3 FF E0 FF DE FF E2 FF DF FF E0 FF E0 FF DF FF E1 FF E0 FF E0 FF E0 FF E2 FF E0 FF E0 FF DE FF DC FF DF FF DE FF E0 FF DF
0x9240 FF FF 00 02 00 02 00 01 00 00 00 02 FF FD FF FF FF FF FF FF 00 04 00 03 00 00 00 00 00 00 00 01 00 02 00 00 FF FF FF FF 00 05 00 02 00 03 00 00 FF FE FF FE FF FE FF FB 00 00 00 04
0x927C FF DF FF DE FF DE FF DD FF E4 FF E1 FF DE FF DB FF DC FF DE FF DE FF DD FF E3 FF E2 FF E0 FF DD FF DD FF E0 FF DF FF E0 FF DC FF DD FF E2 FF E2 FF DD FF DF FF DD FF E7 FF EC FF E0
0x92B8 FF DE FF E9 FF E2 FF DF FF E6 FF E1 FF E0 FF DA FF DD FF E1 FF E2 FF E0 FF DE FF E0 FF E2 FF E4 FF E0 FF DF FF E0 FF DE FF DE FF E3 FF E1 FF DD FF DE FF DD FF DD FF E0 FF DF FF EC
0x92F4 00 0D 00 00 00 00 00 00 00 00 00 00 00 00 00 00 00 00 00 00 00 00 00 00 00 00 00 00 00 00 00 00 00 00 00 00 00 00 00 00 00 00 00 00 00 00 00 00 00 00 00 00 00 00 00 00 00 00 00 00
0x9330 00 00 00 00 00 00 00 00 00 00 00 00 00 00 00 00 00 00 00 00 00 00 00 00 00 00 00 00 00 00 00 00 00 00 00 00 00 00 00 00 00 00 00 00 00 00 00 00 00 00 00 00 00 00 00 00 00 00 00 00
0x936C 00 00 00 00 00 00 00 00 00 00 00 00 00 00 00 00 00 00 00 00 00 00 00 00 00 00 00 00 00 00 00 00 00 00 00 00 00 00 00 00 00 00 00 00 00 00 00 00 00 00 00 00 00 00 00 00 00 00 00 00
0x93A8 00 00 00 00 00 00 00 00 00 00 00 00 00 00 00 00 00 00 00 00 00 00 00 00 00 00 00 00 00 00 00 00 00 00 00 00 00 00 00 00 00 00 00 00 00 00 00 00 00 00 00 00 00 00 00 00 00 00 00 00
0x93E4 00 00 00 00 00 00 00 00 00 00 00 00 00 00 00 00 00 00 00 00 00 00 00 00 00 00 00 00 00 00 00 00 00 00 00 00 00 00 00 00 00 00 00 00 00 00 00 00 00 00 00 00 00 00 00 00 00 00 00 00
0x9420 00 00 00 00 00 00 00 00 00 00 00 00 00 00 00 00 00 00 00 00 00 00 00 00 00 00 00 00 00 00 00 00 00 00 00 00 00 00 00 00 00 00 00 00 00 00 00 00 00 00 00 00 00 00 00 00 00 00 00 00
0x945C 00 00 00 00 00 00 00 00 00 00 00 00 00 00 00 00 00 00 00 00 00 00 00 00 00 00 00 00 00 00 FF FF FF FF 00 00 00 00 00 00 00 00 00 00 FF FF FF FF 00 00 00 00 FF FF 00 00 00 00 FF FF
0x9498 00 00 00 00 FF FE FF FF 00 00 00 00 FF FF FF FF 00 00 00 00 FF FF 00 00 00 00 FF FF 00 00 00 00 00 00 00 00 FF FF FF FF 00 00 00 00 00 00 FF FF 00 00 00 00 FF FF FF FE 00 00 00 00
0x94D4 FE 87 FD AF FE AF FD DA FE 86 FD A8 FE A6 FD CC FE 91 FD BC FE A9 FD D4 FE 8C FD B6 FE A5 FD C9 FE 87 FD B1 FE AC FD D5 FE 90 FD B9 FE AC FD D3 FE 8D FD B7 FE 9E FD C0 FE 8A FD B3
0x9510 00 01 00 02 FF FE FF FE 00 00 00 01 00 00 FF FF 00 00 FF FF FF FF FF FF FF FF 00 01 00 00 FF FF FF FF 00 01 FF FE FF FC 00 01 00 04 FF FC FF F7 00 02 00 0F 00 05 FF F3 FF FB 00 04
0x954C 00 03 FF FE FF FF FF FF 00 00 00 00 00 00 FF FF FF FF 00 00 00 00 FF FF FF FF 00 00 FF FF FF FE FF FF 00 01 00 02 FF FF FF FC 00 02 00 01 FF FF 00 00 FF FE FF FF 00 00 00 00 00 00
0x9588 FE 5B FD CA FE 6E FD C3 00 00 00 00 00 00 00 00 00 00 00 00 00 00 00 00 00 00 00 00 00 00 00 00 00 00 00 00 00 00 00 00 00 00 00 00 00 00 00 00 FE 85 FD CE FE 8C FD B7 FE 78 FD C0
0x95C4 00 00 00 00 FF FF FF FF 00 00 00 00 00 00 FF FF 00 01 00 00 FF FF FF FF FF FF 00 01 00 00 00 01 FF FE 00 01 00 00 FF FF 00 00 FF FF FF FF FF FF 00 00 FF FF 00 00 FF FF 00 00 00 00
0x9600 00 01 FF FF 00 00 00 00 00 00 00 00 00 00 00 00 FF FE FF FF FF FF FF FF FF FF 00 01 00 00 00 00 FF FE 00 00 00 00 00 00 FF FF FF FF FF FE 00 01 00 00 FF FF 00 00 FF FF 00 00 FF FF
0x963C FE 72 FD A3 FE 96 FD D6 FE 78 FD B2 FE A1 FD EF FE 6E FD A3 FE 85 FD B4 FE 76 FD 98 FE 7B FD 9F FE 67 FD A4 FE A8 FD C2 FE 66 FD 79 FE A2 FD B7 FE 7B FD 9A FE 93 FD 9F FE 7A FD 9B
0x9678 FF FF FF FF FF FF 00 01 00 00 00 00 00 00 00 00 00 00 FF FE FF FF 00 00 FF FF 00 00 FF FF 00 00 FF FF FF FF 00 00 00 00 FF FF FF FF FF FE 00 00 00 00 FF FF FF FF 00 00 00 00 00 00
0x96B4 00 00 00 00 00 00 00 00 00 00 00 00 00 00 00 00 00 00 00 00 FF FE FF FF 00 01 FF FF 00 00 00 00 00 00 00 00 00 00 00 00 00 00 00 00 00 00 00 00 00 00 00 00 00 00 00 00 00 00 00 00
0x96F0 00 00 00 00 00 00 00 00 22 01 1B 00 3E 01 04 65 A7 C3 E1 02 B5 02 1F 14 71 48 93 20 22 04 01 20 01 13 88 0A 09 05 00 00 77 92 77 87 77 8A 77 95 77 87 77 8A 77 7C 77 7C 77 5E 77 A0
0x972C 00 01 00 00 00 01 00 00 00 01 00 01 00 01 00 00 00 00 00 00 00 01 00 00 00 00 00 00 00 00 00 00 00 00 00 00 00 00 00 00 00 00 00 00 00 00 00 00 00 00 00 00 00 00 00 00 00 00 00 00
0x9768 77 04 77 3C 77 2A 77 0E 77 2A 77 1C 77 07 77 15 77 1C 77 31 77 38 77 4D 77 4D 77 62 77 5B 77 34 76 71 76 3C 76 92 77 04 77 12 77 07 76 C6 77 72 76 E2 76 D4 76 C2 76 C6 76 C6 76 C7
0x97A4 76 CA 76 DB 76 B2 76 EC 76 C2 76 C4 76 C7 76 B2 76 B9 76 C4 76 B9 76 C3 76 D8 77 00 76 F8 76 FC 76 F8 76 F4 76 28 75 EE 76 20 76 B2 76 BC 76 CA 76 DE 77 2A 77 20 77 07 77 00 77 12
0x97E0 77 04 01 01 01 00 02 02 01 00 02 02 01 01 03 01 01 01 01 02 01 02 02 01 01 02 01 01 01 02 02 01 02 01 00 01 00 02 00 01 00 02 00 02 00 01 00 01 00 02 00 01 00 01 00 01 00 02 00 02
0x981C 77 31 77 46 77 34 77 31 77 31 77 2E 77 0A 77 42 77 31 77 0E 77 07 77 12 77 04 77 18 77 15 77 20 77 46 77 4A 77 6A 77 66 77 6E 77 3F 76 7C 76 55 76 86 77 04 77 20 77 34 77 38 77 84
0x9858 76 CD 76 C4 76 BC 76 BF 76 C4 76 B2 76 BC 76 BF 76 92 76 BF 76 B2 76 96 76 8A 76 82 76 86 76 8E 76 92 76 B2 76 C0 76 C0 76 DE 76 D8 76 DB 76 BF 75 F4 75 DA 76 02 76 96 76 B2 76 C3
0x9894 00 0C 00 0D 00 07 00 08 00 07 00 07 00 09 00 12 00 13 00 10 00 0B 00 0C 00 07 00 06 00 06 00 05 00 06 00 09 00 0D 00 00 00 00 00 00 00 00 00 00 00 00 00 00 00 00 00 00 00 00 00 00
0x98D0 76 55 76 66 76 78 76 C3 76 20 76 06 76 02 76 14 76 14 75 CC 75 6F 75 C5 75 B4 76 32 76 06 75 E3 75 F4 75 D0 75 C8 75 C8 75 C2 75 E2 76 06 76 28 76 2B 76 1C 76 39 76 0D 75 50 74 DE
0x990C 74 FD 75 6F 75 E3 75 FC 76 06 76 55 76 2E 76 0D 76 06 76 10 76 10 75 8B 75 7D 75 F1 75 C2 76 1D 76 0A 75 E3 75 E6 75 E1 75 CC 75 D3 75 D0 75 E2 76 06 76 2E 75 DA 75 C5 76 24 76 14
0x9948 75 36 74 E4 74 EF 75 9C 75 F1 76 06 76 0D 76 55 75 D0 75 BE 75 B4 75 C8 75 A4 75 53 75 88 75 AC 75 96 75 D0 75 B0 75 A8 75 A8 75 8B 75 76 75 80 75 76 75 92 75 B7 75 DA 75 A0 75 6F
0x9984 00 00 00 00 00 00 00 00 00 00 00 00 00 00 00 00 00 00 00 00 00 00 00 00 00 00 00 00 00 00 00 00 00 00 00 00 00 00 00 00 00 00 00 00 00 00 00 00 00 00 00 00 00 00 00 00 00 00 00 00
0x99C0 76 BF 76 CD 76 E9 76 BF 75 E2 75 A0 75 F4 76 82 76 9A 76 C4 76 C3 77 04 76 F4 76 C6 76 CD 76 E2 76 D0 76 C2 76 D8 76 D4 76 AE 76 E2 76 D4 76 C0 76 C0 76 AB 76 7C 76 6A 76 A8 76 BF
0x99FC 76 D8 76 F0 76 E6 76 E9 76 F4 76 D8 75 F4 75 DE 76 10 76 9A 76 BC 76 BF 76 D8 77 31 76 E2 76 C3 76 B2 76 BC 76 B6 76 A0 76 B9 76 C0 76 8E 76 C3 76 C0 76 92 76 9A 76 8E 76 7C 76 7F
0x9A38 00 00 00 00 00 00 00 00 00 00 00 00 00 00 00 00 00 00 00 00 00 00 00 00 00 00 00 00 00 00 00 00 00 00 00 00 00 00 00 00 00 00 00 00 00 00 00 00 00 00 00 00 00 00 00 00 00 00 00 00
0x9A74 76 28 76 1C 76 32 76 52 76 71 76 86 76 86 76 96 76 92 76 7C 75 88 75 45 75 8E 76 1C 76 39 76 58 76 6E 76 C7 76 C7 76 9A 76 8F 76 A0 76 92 76 74 76 8A 76 7C 76 5C 76 9D 76 8E 76 55
0x9AB0 76 6E 76 66 76 5C 76 66 76 5C 76 82 76 8D 76 9D 76 BC 76 B9 76 BC 76 92 75 B7 75 7D 75 B4 76 47 76 66 76 8D 76 9D 76 D8 76 55 76 44 76 39 76 2E 76 40 76 1C 76 1D 76 28 75 F4 76 52
0x9AEC 76 3C 76 06 76 1B 76 0D 75 EE 75 EE 75 FC 76 24 76 2B 76 4A 76 55 76 63 76 55 76 39 75 53 75 16 75 53 75 EE 76 06 76 2B 76 3C 76 8A 76 55 76 4E 76 36 76 44 76 36 76 28 76 32 76 28
0x9B28 76 0A 76 4A 76 3C 76 20 76 1C 76 14 75 F4 75 E1 76 1B 76 36 76 4A 76 5C 76 60 76 63 76 6A 76 52 75 68 75 2E 75 6C 76 06 76 24 76 44 76 55 76 9A 76 28 75 CC 75 FF 76 1B 76 10 76 06
0x9B64 76 02 76 0A 75 D6 76 1C 75 FC 75 E3 75 EA 75 F4 75 BA 75 B7 75 DA 75 F8 76 1B 76 24 76 3C 76 32 76 40 76 18 75 3E 75 04 75 42 75 D0 75 EE 75 C5 75 8B 76 40 76 78 76 47 76 63 76 74
0x9BA0 76 74 76 63 76 58 76 6A 76 40 76 8A 76 66 76 4A 76 47 76 4A 76 24 76 20 76 4E 76 55 76 63 76 96 76 A4 76 8A 76 8A 76 66 75 A0 75 6C 75 99 76 32 76 52 76 32 75 EA 76 96 00 00 00 FF
0x9BDC FF FF FF FF FF FF FF FF FF FF FF FF FF FF FF FF FF FF FF FF FF FF FF FF FF FF FF FF FF FF FF FF FF FF FF FF FF FF FF FF FF FF FF FF FF FF FF FF FF FF FF FF FF FF FF FF FF FF FF FF
0x9C18 FF FF FF FF FF FF FF FF FF FF FF FF FF FF FF FF FF FF FF FF FF FF FF FF FF FF FF FF FF FF FF FF FF FF FF FF FF FF FF FF FF FF FF FF FF FF FF FF FF FF FF FF FF FF FF FF FF FF FF FF
0x9C54 FF FF FF FF FF FF FF FF FF FF FF FF FF FF FF FF FF FF FF FF FF FF FF FF FF FF FF FF FF FF FF FF FF FF FF FF FF FF FF FF FF FF FF FF FF FF FF FF FF FF FF FF FF FF FF FF FF FF FF FF
0x9C90 FF FF FF FF FF FF FF FF FF FF FF FF FF FF FF FF FF FF FF FF FF FF FF FF FF FF FF FF FF FF FF FF FF FF FF FF FF FF FF FF FF FF FF FF FF FF FF FF FF FF FF FF FF FF FF FF FF FF FF FF
0x9CCC FF FF FF FF FF FF FF FF FF FF FF FF FF FF FF FF FF FF FF FF FF FF FF FF FF FF FF FF FF FF FF FF FF FF FF FF FF FF FF FF FF FF FF FF FF FF FF FF FF FF FF FF FF FF FF FF FF FF FF FF
0x9D08 FF FF FF FF FF FF FF FF FF FF FF FF FF FF FF FF FF FF FF FF FF FF FF FF FF FF FF FF FF FF FF FF FF FF FF FF FF FF FF FF FF FF FF FF FF FF FF FF FF FF FF FF FF FF FF FF FF FF FF FF
0x9D44 FF FF FF FF FF FF FF FF FF FF FF FF FF FF FF FF FF FF FF FF 00 00 00 06 FF FE 00 04 00 01 FF FC FF FF 00 06 00 05 FF FD 00 03 00 00 00 01 FF FD 00 03 00 01 FF FE 00 00 FF FC 00 01
0x9D80 00 00 00 00 FF FD 00 00 00 02 00 04 00 03 FF FA 00 04 FF FE 00 01 00 00 00 03 FF FF 00 03 00 01 FF FF 00 02 00 04 00 03 FF FE 00 01 00 00 00 03 FF FE 00 02 FF FC 00 03 00 01 FF FC
0x9DBC 00 01 00 04 FF FC FF FE 00 01 00 00 00 03 00 03 FF FC 00 05 FF FF 00 03 FF FE 00 07 FF FE 00 05 FF FD 00 02 00 02 00 02 00 02 00 00 00 00 00 01 00 00 00 00 00 02 FF FE FF FF 00 04
0x9DF8 FF FC FF FF 00 05 FF FC 00 00 00 01 00 00 00 00 00 03 00 00 FF FF FF FD 00 07 FF FF 00 05 FF FD 00 05 00 02 00 00 00 03 FF FF 00 04 FF FE 00 00 00 00 00 04 FF FE 00 04 00 01 FF FD
0x9E34 00 01 FF FF FF FE 00 05 FF FB 00 03 FF FF 00 00 00 01 00 05 FF FF 00 00 FF FB 00 05 00 00 00 03 00 00 00 01 00 05 FF FD FF FF 00 03 00 04 FF FE 00 04 FF FD 00 03 FF FC 00 06 00 01
0x9E70 FF FB 00 01 00 00 FF FF 00 00 00 00 00 00 00 01 FF FE 00 03 00 05 FF FE 00 02 FF FD 00 03 FF FE 00 03 00 00 00 03 00 01 FF FF FF FD 00 03 00 07 FF FF FF FF 00 01 00 01 FF FE 00 01
0x9EAC 00 03 FF FC 00 04 FF FC FF FE 00 03 FF FE 00 02 00 01 FF FF 00 02 00 01 00 03 FF FF FF FD 00 06 FF FD 00 03 00 01 00 01 00 05 FF FA 00 02 00 02 00 04 FF FF FF FF FF FF 00 06 FF FE
0x9EE8 00 01 00 02 FF FC 00 05 FF FE FF FF 00 02 00 00 00 01 00 01 FF FE 00 02 00 05 FF FE FF FE FF FC 00 06 FF FE 00 01 FF FD 00 05 00 06 FF F7 00 06 00 01 00 02 00 00 00 00 FF FB 00 05
0x9F24 FF FD 00 02 00 01 FF FF 00 02 00 02 FF FC 00 05 FF FF 00 03 FF FE 00 00 00 01 00 02 FF FF FF FF FF FC 00 07 FF FC 00 02 FF FD 00 05 00 05 FF F9 00 06 FF FF 00 03 00 01 00 01 FF FB
0x9F60 00 02 00 01 FF FF 00 02 FF FF 00 02 00 01 FF FD 00 04 FF FD 00 03 00 02 00 00 00 01 00 00 FF FE FF FF FF FE 00 08 FF FE 00 01 FF FF 00 08 00 01 FF FE FF FF 00 02 00 08 FF FA 00 03
0x9F9C FF FD 00 00 00 03 FF FE 00 05 FF FB 00 04 00 00 FF FD 00 00 00 02 00 04 FF FE 00 01 00 01 00 00 00 02 FF FE FF FF 00 06 00 00 FF FF FF FF 00 06 FF FF 00 00 00 02 FF FD 00 03 00 02
0x9FD8 00 01 00 01 FF FE FF FF 00 01 00 04 FF FD 00 02 00 00 FF FC 00 02 00 03 00 05 FF FF FF FD 00 01 00 03 00 01 FF FE FF
