# Goodix 16-bit address space dump  2026-09-13T02:28:36
0x0000 00 00 00 00 00 00 00 00 00 00 00 00 00 00 00 00 00 00 00 00 00 00 00 00 00 00 00 00 00 00 00 00 00 00 00 00 00 00 00 00 00 00 00 00 00 00 00 00 00 00 00 00 00 00 00 00 00 00 00 00
0x003C 00 00 00 00 00 00 00 00 00 00 00 00 00 00 00 00 00 00 00 00 00 00 00 00 00 00 00 00 00 00 00 00 00 00 00 00 00 00 00 00 00 00 00 00 00 00 00 00 00 00 00 00 00 00 00 00 00 00 00 00
0x0078 00 00 00 00 00 00 00 00 00 00 00 00 00 00 00 00 00 00 00 00 00 00 00 00 00 00 00 00 00 00 00 00 00 00 00 00 00 00 00 00 00 00 00 00 00 00 00 00 00 00 00 00 00 00 00 00 00 00 00 00
0x00B4 00 00 00 00 00 00 00 00 00 00 00 00 00 00 00 00 00 00 00 00 00 00 00 00 00 00 00 00 00 00 00 00 00 00 00 00 00 00 00 00 00 00 00 00 00 00 00 00 00 00 00 00 00 00 00 00 00 00 00 00
0x00F0 00 00 00 00 00 00 00 00 00 00 00 00 00 00 00 00 00 00 00 00 00 00 00 00 00 00 00 00 00 00 00 00 00 00 00 00 00 00 00 00 00 00 00 00 00 00 00 00 00 00 00 00 00 00 00 00 00 00 00 00
0x012C 00 00 00 00 00 00 00 00 00 00 00 00 00 00 00 00 00 00 00 00 00 00 00 00 00 00 00 00 00 00 00 00 00 00 00 00 00 00 00 00 00 00 00 00 00 00 00 00 00 00 00 00 00 00 00 00 00 00 00 00
0x0168 00 00 00 00 00 00 00 00 00 00 00 00 00 00 00 00 00 00 00 00 00 00 00 00 00 00 00 00 00 00 00 00 00 00 00 00 00 00 00 00 00 00 00 00 00 00 00 00 00 00 00 00 00 00 00 00 00 00 00 00
0x01A4 00 00 00 00 00 00 00 00 00 00 00 00 00 00 00 00 00 00 00 00 00 00 00 00 00 00 00 00 00 00 00 00 00 00 00 00 00 00 00 00 00 00 00 00 00 00 00 00 00 00 00 00 00 00 00 00 00 00 00 00
0x01E0 00 00 00 00 00 00 00 00 00 00 00 00 00 00 00 00 00 00 00 00 00 00 00 00 00 00 00 00 00 00 00 00 00 00 00 00 00 00 00 00 00 00 00 00 00 00 00 00 00 00 00 00 00 00 00 00 00 00 00 00
0x021C 00 00 00 00 00 00 00 00 00 00 00 00 00 00 00 00 00 00 00 00 00 00 00 00 00 00 00 00 00 00 00 00 00 00 00 00 00 00 00 00 00 00 00 00 00 00 00 00 00 00 00 00 00 00 00 00 00 00 00 00
0x0258 00 00 00 00 00 00 00 00 00 00 00 00 00 00 00 00 00 00 00 00 00 00 00 00 00 00 00 00 00 00 00 00 00 00 00 00 00 00 00 00 00 00 00 00 00 00 00 00 00 00 00 00 00 00 00 00 00 00 00 00
0x0294 00 00 00 00 00 00 00 00 00 00 00 00 00 00 00 00 00 00 00 00 00 00 00 00 00 00 00 00 00 00 00 00 00 00 00 00 00 00 00 00 00 00 00 00 00 00 00 00 00 00 00 00 00 00 00 00 00 00 00 00
0x02D0 00 00 00 00 00 00 00 00 00 00 00 00 00 00 00 00 00 00 00 00 00 00 00 00 00 00 00 00 00 00 00 00 00 00 00 00 00 00 00 00 00 00 00 00 00 00 00 00 00 00 00 00 00 00 00 00 00 00 00 00
0x030C 00 00 00 00 00 00 00 00 00 00 00 00 00 00 00 00 00 00 00 00 00 00 00 00 00 00 00 00 00 00 00 00 00 00 00 00 00 00 00 00 00 00 00 00 00 00 00 00 00 00 00 00 00 00 00 00 00 00 00 00
0x0348 00 00 00 00 00 00 00 00 00 00 00 00 00 00 00 00 00 00 00 00 00 00 00 00 00 00 00 00 00 00 00 00 00 00 00 00 00 00 00 00 00 00 00 00 00 00 00 00 00 00 00 00 00 00 00 00 00 00 00 00
0x0384 00 00 00 00 00 00 00 00 00 00 00 00 00 00 00 00 00 00 00 00 00 00 00 00 00 00 00 00 00 00 00 00 00 00 00 00 00 00 00 00 00 00 00 00 00 00 00 00 00 00 00 00 00 00 00 00 00 00 00 00
0x03C0 00 00 00 00 00 00 00 00 00 00 00 00 00 00 00 00 00 00 00 00 00 00 00 00 00 00 00 00 00 00 00 00 00 00 00 00 00 00 00 00 00 00 00 00 00 00 00 00 00 00 00 00 00 00 00 00 00 00 00 00
0x03FC 00 00 00 00 00 00 00 00 00 00 00 00 00 00 00 00 00 00 00 00 00 00 00 00 00 00 00 00 00 00 00 00 00 00 00 00 00 00 00 00 00 00 00 00 00 00 00 00 00 00 00 00 00 00 00 00 00 00 00 00
0x0438 00 00 00 00 00 00 00 00 00 00 00 00 00 00 00 00 00 00 00 00 00 00 00 00 00 00 00 00 00 00 00 00 00 00 00 00 00 00 00 00 00 00 00 00 00 00 00 00 00 00 00 00 00 00 00 00 00 00 00 00
0x0474 00 00 00 00 00 00 00 00 00 00 00 00 00 00 00 00 00 00 00 00 00 00 00 00 00 00 00 00 00 00 00 00 00 00 00 00 00 00 00 00 00 00 00 00 00 00 00 00 00 00 00 00 00 00 00 00 00 00 00 00
0x04B0 00 00 00 00 00 00 00 00 00 00 00 00 00 00 00 00 00 00 00 00 00 00 00 00 00 00 00 00 00 00 00 00 00 00 00 00 00 00 00 00 00 00 00 00 00 00 00 00 00 00 00 00 00 00 00 00 00 00 00 00
0x04EC 00 00 00 00 00 00 00 00 00 00 00 00 00 00 00 00 00 00 00 00 00 00 00 00 00 00 00 00 00 00 00 00 00 00 00 00 00 00 00 00 00 00 00 00 00 00 00 00 00 00 00 00 00 00 00 00 00 00 00 00
0x0528 00 00 00 00 00 00 00 00 00 00 00 00 00 00 00 00 00 00 00 00 00 00 00 00 00 00 00 00 00 00 00 00 00 00 00 00 00 00 00 00 00 00 00 00 00 00 00 00 00 00 00 00 00 00 00 00 00 00 00 00
0x0564 00 00 00 00 00 00 00 00 00 00 00 00 00 00 00 00 00 00 00 00 00 00 00 00 00 00 00 00 00 00 00 00 00 00 00 00 00 00 00 00 00 00 00 00 00 00 00 00 00 00 00 00 00 00 00 00 00 00 00 00
0x05A0 00 00 00 00 00 00 00 00 00 00 00 00 00 00 00 00 00 00 00 00 00 00 00 00 00 00 00 00 00 00 00 00 00 00 00 00 00 00 00 00 00 00 00 00 00 00 00 00 00 00 00 00 00 00 00 00 00 00 00 00
0x05DC 00 00 00 00 00 00 00 00 00 00 00 00 00 00 00 00 00 00 00 00 00 00 00 00 00 00 00 00 00 00 00 00 00 00 00 00 00 00 00 00 00 00 00 00 00 00 00 00 00 00 00 00 00 00 00 00 00 00 00 00
0x0618 00 00 00 00 00 00 00 00 00 00 00 00 00 00 00 00 00 00 00 00 00 00 00 00 00 00 00 00 00 00 00 00 00 00 00 00 00 00 00 00 00 00 00 00 00 00 00 00 00 00 00 00 00 00 00 00 00 00 00 00
0x0654 00 00 00 00 00 00 00 00 00 00 00 00 00 00 00 00 00 00 00 00 00 00 00 00 00 00 00 00 00 00 00 00 00 00 00 00 00 00 00 00 00 00 00 00 00 00 00 00 00 00 00 00 00 00 00 00 00 00 00 00
0x0690 00 00 00 00 00 00 00 00 00 00 00 00 00 00 00 00 00 00 00 00 00 00 00 00 00 00 00 00 00 00 00 00 00 00 00 00 00 00 00 00 00 00 00 00 00 00 00 00 00 00 00 00 00 00 00 00 00 00 00 00
0x06CC 00 00 00 00 00 00 00 00 00 00 00 00 00 00 00 00 00 00 00 00 00 00 00 00 00 00 00 00 00 00 00 00 00 00 00 00 00 00 00 00 00 00 00 00 00 00 00 00 00 00 00 00 00 00 00 00 00 00 00 00
0x0708 00 00 00 00 00 00 00 00 00 00 00 00 00 00 00 00 00 00 00 00 00 00 00 00 00 00 00 00 00 00 00 00 00 00 00 00 00 00 00 00 00 00 00 00 00 00 00 00 00 00 00 00 00 00 00 00 00 00 00 00
0x0744 00 00 00 00 00 00 00 00 00 00 00 00 00 00 00 00 00 00 00 00 00 00 00 00 00 00 00 00 00 00 00 00 00 00 00 00 00 00 00 00 00 00 00 00 00 00 00 00 00 00 00 00 00 00 00 00 00 00 00 00
0x0780 00 00 00 00 00 00 00 00 00 00 00 00 00 00 00 00 00 00 00 00 00 00 00 00 00 00 00 00 00 00 00 00 00 00 00 00 00 00 00 00 00 00 00 00 00 00 00 00 00 00 00 00 00 00 00 00 00 00 00 00
0x07BC 00 00 00 00 00 00 00 00 00 00 00 00 00 00 00 00 00 00 00 00 00 00 00 00 00 00 00 00 00 00 00 00 00 00 00 00 00 00 00 00 00 00 00 00 00 00 00 00 00 00 00 00 00 00 00 00 00 00 00 00
0x07F8 00 00 00 00 00 00 00 00 00 00 00 00 00 00 00 00 00 00 00 00 00 00 00 00 00 00 00 00 00 00 00 00 00 00 00 00 00 00 00 00 00 00 00 00 00 00 00 00 00 00 00 00 00 00 00 00 00 00 00 00
0x0834 00 00 00 00 00 00 00 00 00 00 00 00 00 00 00 00 00 00 00 00 00 00 00 00 00 00 00 00 00 00 00 00 00 00 00 00 00 00 00 00 00 00 00 00 00 00 00 00 00 00 00 00 00 00 00 00 00 00 00 00
0x0870 00 00 00 00 00 00 00 00 00 00 00 00 00 00 00 00 00 00 00 00 00 00 00 00 00 00 00 00 00 00 00 00 00 00 00 00 00 00 00 00 00 00 00 00 00 00 00 00 00 00 00 00 00 00 00 00 00 00 00 00
0x08AC 00 00 00 00 00 00 00 00 00 00 00 00 00 00 00 00 00 00 00 00 00 00 00 00 00 00 00 00 00 00 00 00 00 00 00 00 00 00 00 00 00 00 00 00 00 00 00 00 00 00 00 00 00 00 00 00 00 00 00 00
0x08E8 00 00 00 00 00 00 00 00 00 00 00 00 00 00 00 00 00 00 00 00 00 00 00 00 00 00 00 00 00 00 00 00 00 00 00 00 00 00 00 00 00 00 00 00 00 00 00 00 00 00 00 00 00 00 00 00 00 00 00 00
0x0924 00 00 00 00 00 00 00 00 00 00 00 00 00 00 00 00 00 00 00 00 00 00 00 00 00 00 00 00 00 00 00 00 00 00 00 00 00 00 00 00 00 00 00 00 00 00 00 00 00 00 00 00 00 00 00 00 00 00 00 00
0x0960 00 00 00 00 00 00 00 00 00 00 00 00 00 00 00 00 00 00 00 00 00 00 00 00 00 00 00 00 00 00 00 00 00 00 00 00 00 00 00 00 00 00 00 00 00 00 00 00 00 00 00 00 00 00 00 00 00 00 00 00
0x099C 00 00 00 00 00 00 00 00 00 00 00 00 00 00 00 00 00 00 00 00 00 00 00 00 00 00 00 00 00 00 00 00 00 00 00 00 00 00 00 00 00 00 00 00 00 00 00 00 00 00 00 00 00 00 00 00 00 00 00 00
0x09D8 00 00 00 00 00 00 00 00 00 00 00 00 00 00 00 00 00 00 00 00 00 00 00 00 00 00 00 00 00 00 00 00 00 00 00 00 00 00 00 00 00 00 00 00 00 00 00 00 00 00 00 00 00 00 00 00 00 00 00 00
0x0A14 00 00 00 00 00 00 00 00 00 00 00 00 00 00 00 00 00 00 00 00 00 00 00 00 00 00 00 00 00 00 00 00 00 00 00 00 00 00 00 00 00 00 00 00 00 00 00 00 00 00 00 00 00 00 00 00 00 00 00 00
0x0A50 00 00 00 00 00 00 00 00 00 00 00 00 00 00 00 00 00 00 00 00 00 00 00 00 00 00 00 00 00 00 00 00 00 00 00 00 00 00 00 00 00 00 00 00 00 00 00 00 00 00 00 00 00 00 00 00 00 00 00 00
0x0A8C 00 00 00 00 00 00 00 00 00 00 00 00 00 00 00 00 00 00 00 00 00 00 00 00 00 00 00 00 00 00 00 00 00 00 00 00 00 00 00 00 00 00 00 00 00 00 00 00 00 00 00 00 00 00 00 00 00 00 00 00
0x0AC8 00 00 00 00 00 00 00 00 00 00 00 00 00 00 00 00 00 00 00 00 00 00 00 00 00 00 00 00 00 00 00 00 00 00 00 00 00 00 00 00 00 00 00 00 00 00 00 00 00 00 00 00 00 00 00 00 00 00 00 00
0x0B04 00 00 00 00 00 00 00 00 00 00 00 00 00 00 00 00 00 00 00 00 00 00 00 00 00 00 00 00 00 00 00 00 00 00 00 00 00 00 00 00 00 00 00 00 00 00 00 00 00 00 00 00 00 00 00 00 00 00 00 00
0x0B40 00 00 00 00 00 00 00 00 00 00 00 00 00 00 00 00 00 00 00 00 00 00 00 00 00 00 00 00 00 00 00 00 00 00 00 00 00 00 00 00 00 00 00 00 00 00 00 00 00 00 00 00 00 00 00 00 00 00 00 00
0x0B7C 00 00 00 00 00 00 00 00 00 00 00 00 00 00 00 00 00 00 00 00 00 00 00 00 00 00 00 00 00 00 00 00 00 00 00 00 00 00 00 00 00 00 00 00 00 00 00 00 00 00 00 00 00 00 00 00 00 00 00 00
0x0BB8 00 00 00 00 00 00 00 00 00 00 00 00 00 00 00 00 00 00 00 00 00 00 00 00 00 00 00 00 00 00 00 00 00 00 00 00 00 00 00 00 00 00 00 00 00 00 00 00 00 00 00 00 00 00 00 00 00 00 00 00
0x0BF4 00 00 00 00 00 00 00 00 00 00 00 00 00 00 00 00 00 00 00 00 00 00 00 00 00 00 00 00 00 00 00 00 00 00 00 00 00 00 00 00 00 00 00 00 00 00 00 00 00 00 00 00 00 00 00 00 00 00 00 00
0x0C30 00 00 00 00 00 00 00 00 00 00 00 00 00 00 00 00 00 00 00 00 00 00 00 00 00 00 00 00 00 00 00 00 00 00 00 00 00 00 00 00 00 00 00 00 00 00 00 00 00 00 00 00 00 00 00 00 00 00 00 00
0x0C6C 00 00 00 00 00 00 00 00 00 00 00 00 00 00 00 00 00 00 00 00 00 00 00 00 00 00 00 00 00 00 00 00 00 00 00 00 00 00 00 00 00 00 00 00 00 00 00 00 00 00 00 00 00 00 00 00 00 00 00 00
0x0CA8 00 00 00 00 00 00 00 00 00 00 00 00 00 00 00 00 00 00 00 00 00 00 00 00 00 00 00 00 00 00 00 00 00 00 00 00 00 00 00 00 00 00 00 00 00 00 00 00 00 00 00 00 00 00 00 00 00 00 00 00
0x0CE4 00 00 00 00 00 00 00 00 00 00 00 00 00 00 00 00 00 00 00 00 00 00 00 00 00 00 00 00 00 00 00 00 00 00 00 00 00 00 00 00 00 00 00 00 00 00 00 00 00 00 00 00 00 00 00 00 00 00 00 00
0x0D20 00 00 00 00 00 00 00 00 00 00 00 00 00 00 00 00 00 00 00 00 00 00 00 00 00 00 00 00 00 00 00 00 00 00 00 00 00 00 00 00 00 00 00 00 00 00 00 00 00 00 00 00 00 00 00 00 00 00 00 00
0x0D5C 00 00 00 00 00 00 00 00 00 00 00 00 00 00 00 00 00 00 00 00 00 00 00 00 00 00 00 00 00 00 00 00 00 00 00 00 00 00 00 00 00 00 00 00 00 00 00 00 00 00 00 00 00 00 00 00 00 00 00 00
0x0D98 00 00 00 00 00 00 00 00 00 00 00 00 00 00 00 00 00 00 00 00 00 00 00 00 00 00 00 00 00 00 00 00 00 00 00 00 00 00 00 00 00 00 00 00 00 00 00 00 00 00 00 00 00 00 00 00 00 00 00 00
0x0DD4 00 00 00 00 00 00 00 00 00 00 00 00 00 00 00 00 00 00 00 00 00 00 00 00 00 00 00 00 00 00 00 00 00 00 00 00 00 00 00 00 00 00 00 00 00 00 00 00 00 00 00 00 00 00 00 00 00 00 00 00
0x0E10 00 00 00 00 00 00 00 00 00 00 00 00 00 00 00 00 00 00 00 00 00 00 00 00 00 00 00 00 00 00 00 00 00 00 00 00 00 00 00 00 00 00 00 00 00 00 00 00 00 00 00 00 00 00 00 00 00 00 00 00
0x0E4C 00 00 00 00 00 00 00 00 00 00 00 00 00 00 00 00 00 00 00 00 00 00 00 00 00 00 00 00 00 00 00 00 00 00 00 00 00 00 00 00 00 00 00 00 00 00 00 00 00 00 00 00 00 00 00 00 00 00 00 00
0x0E88 00 00 00 00 00 00 00 00 00 00 00 00 00 00 00 00 00 00 00 00 00 00 00 00 00 00 00 00 00 00 00 00 00 00 00 00 00 00 00 00 00 00 00 00 00 00 00 00 00 00 00 00 00 00 00 00 00 00 00 00
0x0EC4 00 00 00 00 00 00 00 00 00 00 00 00 00 00 00 00 00 00 00 00 00 00 00 00 00 00 00 00 00 00 00 00 00 00 00 00 00 00 00 00 00 00 00 00 00 00 00 00 00 00 00 00 00 00 00 00 00 00 00 00
0x0F00 00 00 00 00 00 00 00 00 00 00 00 00 00 00 00 00 00 00 00 00 00 00 00 00 00 00 00 00 00 00 00 00 00 00 00 00 00 00 00 00 00 00 00 00 00 00 00 00 00 00 00 00 00 00 00 00 00 00 00 00
0x0F3C 00 00 00 00 00 00 00 00 00 00 00 00 00 00 00 00 00 00 00 00 00 00 00 00 00 00 00 00 00 00 00 00 00 00 00 00 00 00 00 00 00 00 00 00 00 00 00 00 00 00 00 00 00 00 00 00 00 00 00 00
0x0F78 00 00 00 00 00 00 00 00 00 00 00 00 00 00 00 00 00 00 00 00 00 00 00 00 00 00 00 00 00 00 00 00 00 00 00 00 00 00 00 00 00 00 00 00 00 00 00 00 00 00 00 00 00 00 00 00 00 00 00 00
0x0FB4 00 00 00 00 00 00 00 00 00 00 00 00 00 00 00 00 00 00 00 00 00 00 00 00 00 00 00 00 00 00 00 00 00 00 00 00 00 00 00 00 00 00 00 00 00 00 00 00 00 00 00 00 00 00 00 00 00 00 00 00
0x0FF0 00 00 00 00 00 00 00 00 00 00 00 00 00 00 00 00 00 00 00 00 00 00 00 00 00 43 01 00 00 50 01 00 51 00 27 00 00 00 00 00 1F 00 01 00 21 00 00 00 00 00 00 00 00 00 00 00 00 00 00 00
0x102C 00 00 00 00 00 00 01 0F 00 00 00 00 07 00 00 00 00 00 00 00 00 00 00 00 00 00 00 00 00 00 00 00 00 13 00 27 08 00 1C 00 FF FF 0F 00 FF FF 0F 00 55 05 AA 03 FF 03 01 00 00 00 00 00
0x1068 00 00 00 00 00 00 00 00 FF 03 00 00 00 01 10 00 00 01 10 00 00 00 00 00 B8 95 00 00 04 01 00 00 50 00 00 00 00 00 00 00 00 00 00 00 00 00 00 00 00 00 00 00 00 00 00 00 10 00 00 00
0x10A4 11 00 00 00 00 00 00 00 00 00 00 00 00 00 00 00 07 06 07 0B 01 00 00 00 00 00 00 00 00 01 FF 01 00 00 00 00 00 00 00 00 00 00 00 00 00 00 00 00 00 00 00 00 00 00 00 00 00 00 00 00
0x10E0 03 00 00 00 00 0A 00 00 C0 0A 00 00 00 00 00 00 00 00 00 00 00 00 00 00 00 00 00 00 00 00 00 00 00 00 00 00 00 00 00 00 00 00 00 00 00 00 00 00 00 00 00 00 00 00 00 00 00 00 00 00
0x111C 00 00 00 00 00 00 00 00 00 00 00 00 00 00 00 00 00 00 00 00 00 00 00 00 00 00 00 00 00 00 00 00 00 00 00 00 00 00 00 00 00 00 00 00 00 00 00 00 00 00 00 00 00 00 00 00 00 00 00 00
0x1158 00 00 00 00 00 00 00 00 00 00 00 00 00 00 00 00 00 00 00 00 00 00 00 00 00 00 00 00 00 00 00 00 00 00 00 00 00 00 00 00 00 00 00 00 00 00 00 00 00 00 00 00 00 00 00 00 00 00 00 00
0x1194 00 00 00 00 00 00 00 00 00 00 00 00 00 00 00 00 00 00 00 00 00 00 00 00 00 00 00 00 00 00 00 00 00 00 00 00 00 00 00 00 00 00 00 00 00 00 00 00 00 00 00 00 00 00 00 00 00 00 00 00
0x11D0 00 00 00 00 00 00 00 00 00 00 00 00 00 00 00 00 00 00 00 00 00 00 00 00 00 00 00 00 00 00 00 00 00 00 00 00 00 00 00 00 00 00 00 00 00 00 00 00 00 00 00 00 00 00 00 00 00 00 00 00
0x120C 00 00 00 00 00 00 00 00 00 00 00 00 00 00 00 00 00 00 00 00 00 00 00 00 00 00 00 00 00 00 00 00 00 00 00 00 00 00 00 00 00 00 00 00 00 00 00 00 00 00 00 00 00 00 00 00 00 00 00 00
0x1248 00 00 00 00 00 00 00 00 00 00 00 00 00 00 00 00 00 00 00 00 00 00 00 00 00 00 00 00 00 00 00 00 00 00 00 00 00 00 00 00 00 00 00 00 00 00 00 00 00 00 00 00 00 00 00 00 00 00 00 00
0x1284 00 00 00 00 00 00 00 00 00 00 00 00 00 00 00 00 00 00 00 00 00 00 00 00 00 00 00 00 00 00 00 00 00 00 00 00 00 00 00 00 00 00 00 00 00 00 00 00 00 00 00 00 00 00 00 00 00 00 00 00
0x12C0 00 00 00 00 00 00 00 00 00 00 00 00 00 00 00 00 00 00 00 00 00 00 00 00 00 00 00 00 00 00 00 00 00 00 00 00 00 00 00 00 00 00 00 00 00 00 00 00 00 00 00 00 00 00 00 00 00 00 00 00
0x12FC 00 00 00 00 00 00 00 00 00 00 00 00 00 00 00 00 00 00 00 00 00 00 00 00 00 00 00 00 00 00 00 00 00 00 00 00 00 00 00 00 00 00 00 00 00 00 00 00 00 00 00 00 00 00 00 00 00 00 00 00
0x1338 00 00 00 00 00 00 00 00 00 00 00 00 00 00 00 00 00 00 00 00 00 00 00 00 00 00 00 00 00 00 00 00 00 00 00 00 00 00 00 00 00 00 00 00 00 00 00 00 00 00 00 00 00 00 00 00 00 00 00 00
0x1374 00 00 00 00 00 00 00 00 00 00 00 00 00 00 00 00 00 00 00 00 00 00 00 00 00 00 00 00 00 00 00 00 00 00 00 00 00 00 00 00 00 00 00 00 00 00 00 00 00 00 00 00 00 00 00 00 00 00 00 00
0x13B0 00 00 00 00 00 00 00 00 00 00 00 00 00 00 00 00 00 00 00 00 00 00 00 00 00 00 00 00 00 00 00 00 00 00 00 00 00 00 00 00 00 00 00 00 00 00 00 00 00 00 00 00 00 00 00 00 00 00 00 00
0x13EC 00 00 00 00 00 00 00 00 00 00 00 00 00 00 00 00 00 00 00 00 10 00 01 00 01 00 00 00 00 00 00 00 00 00 00 00 00 00 00 00 00 00 00 00 00 00 00 00 00 00 00 00 00 00 00 00 00 00 00 00
0x1428 00 00 00 00 00 00 00 00 00 00 00 00 00 00 00 00 00 00 00 00 00 00 00 00 00 00 00 00 00 00 00 00 00 00 00 00 00 00 00 00 00 00 01 00 12 00 00 00 00 00 01 00 01 00 00 00 00 00 00 00
0x1464 00 00 00 00 00 00 00 00 00 00 00 00 00 00 00 00 00 00 00 00 00 00 00 00 00 00 00 00 00 00 00 00 00 00 00 00 00 00 00 00 00 00 00 00 00 00 00 00 00 00 00 00 00 00 00 00 00 00 00 00
0x14A0 00 00 00 00 00 00 00 00 00 00 00 00 00 00 00 00 00 00 00 00 00 00 00 00 00 00 00 00 00 00 00 00 00 00 00 00 00 00 00 00 00 00 00 00 00 00 00 00 00 00 00 00 00 00 00 00 00 00 00 00
0x14DC 00 00 00 00 00 00 00 00 00 00 00 00 00 00 00 00 00 00 00 00 00 00 00 00 00 00 00 00 00 00 00 00 00 00 00 00 00 00 00 00 00 00 00 00 00 00 00 00 00 00 00 00 00 00 00 00 00 00 00 00
0x1518 00 00 00 00 00 00 00 00 00 00 00 00 00 00 00 00 00 00 00 00 00 00 00 00 00 00 00 00 00 00 00 00 00 00 00 00 00 00 00 00 00 00 00 00 00 00 00 00 00 00 00 00 00 00 00 00 00 00 00 00
0x1554 00 00 00 00 00 00 00 00 00 00 00 00 00 00 00 00 00 00 00 00 00 00 00 00 00 00 00 00 00 00 00 00 00 00 00 00 00 00 00 00 00 00 00 00 00 00 00 00 00 00 00 00 00 00 00 00 00 00 00 00
0x1590 00 00 00 00 00 00 00 00 00 00 00 00 00 00 00 00 00 00 00 00 00 00 00 00 00 00 00 00 00 00 00 00 00 00 00 00 00 00 00 00 00 00 00 00 00 00 00 00 00 00 00 00 00 00 00 00 00 00 00 00
0x15CC 00 00 00 00 00 00 00 00 00 00 00 00 00 00 00 00 00 00 00 00 00 00 00 00 00 00 00 00 00 00 00 00 00 00 00 00 00 00 00 00 00 00 00 00 00 00 00 00 00 00 00 00 00 00 00 00 00 00 00 00
0x1608 00 00 00 00 00 00 00 00 00 00 00 00 00 00 00 00 00 00 00 00 00 00 00 00 00 00 00 00 00 00 00 00 00 00 00 00 00 00 00 00 00 00 00 00 00 00 00 00 00 00 00 00 00 00 00 00 00 00 00 00
0x1644 00 00 00 00 00 00 00 00 00 00 00 00 00 00 00 00 00 00 00 00 00 00 00 00 00 00 00 00 00 00 00 00 00 00 00 00 00 00 00 00 00 00 00 00 00 00 00 00 00 00 00 00 00 00 00 00 00 00 00 00
0x1680 00 00 00 00 00 00 00 00 00 00 00 00 00 00 00 00 00 00 00 00 00 00 00 00 00 00 00 00 00 00 00 00 00 00 00 00 00 00 00 00 00 00 00 00 00 00 00 00 00 00 00 00 00 00 00 00 00 00 00 00
0x16BC 00 00 00 00 00 00 00 00 00 00 00 00 00 00 00 00 00 00 00 00 00 00 00 00 00 00 00 00 00 00 00 00 00 00 00 00 00 00 00 00 00 00 00 00 00 00 00 00 00 00 00 00 00 00 00 00 00 00 00 00
0x16F8 00 00 00 00 00 00 00 00 00 00 00 00 00 00 00 00 00 00 00 00 00 00 00 00 00 00 00 00 00 00 00 00 00 00 00 00 00 00 00 00 00 00 00 00 00 00 00 00 00 00 00 00 00 00 00 00 00 00 00 00
0x1734 00 00 00 00 00 00 00 00 00 00 00 00 00 00 00 00 00 00 00 00 00 00 00 00 00 00 00 00 00 00 00 00 00 00 00 00 00 00 00 00 00 00 00 00 00 00 00 00 00 00 00 00 00 00 00 00 00 00 00 00
0x1770 00 00 00 00 00 00 00 00 00 00 00 00 00 00 00 00 00 00 00 00 00 00 00 00 00 00 00 00 00 00 00 00 00 00 00 00 00 00 00 00 00 00 00 00 00 00 00 00 00 00 00 00 00 00 00 00 00 00 00 00
0x17AC 00 00 00 00 00 00 00 00 00 00 00 00 00 00 00 00 00 00 00 00 00 00 00 00 00 00 00 00 00 00 00 00 00 00 00 00 00 00 00 00 00 00 00 00 00 00 00 00 00 00 00 00 00 00 00 00 00 00 00 00
0x17E8 00 00 00 00 00 00 00 00 00 00 00 00 00 00 00 00 00 00 00 00 00 00 00 00 00 00 00 00 00 00 00 00 00 00 00 00 00 00 00 00 00 00 00 00 00 00 00 00 00 00 00 00 00 00 00 00 00 00 00 00
0x1824 00 00 00 00 00 00 00 00 00 00 00 00 00 00 00 00 00 00 00 00 00 00 00 00 00 00 00 00 00 FF 03 00 00 FF 03 00 00 00 00 00 CF 00 00 00 CF 00 00 00 00 00 00 00 00 00 00 00 00 00 00 00
0x1860 FF FF 0F 00 FF FF 0F 00 00 00 00 00 FF FF 0F 00 FF FF 0F 00 00 00 00 00 00 00 00 00 00 00 00 00 FF FF 03 00 FF FF 03 00 00 00 00 00 FF FF 03 00 FF FF 03 00 00 00 00 00 00 00 00 00
0x189C 00 00 00 00 C0 00 00 00 00 01 00 00 C0 03 00 00 00 00 00 00 C0 00 00 00 00 01 00 00 C0 03 00 00 00 00 00 00 00 00 A0 AA 2A 00 00 00 00 00 00 00 01 00 00 00 00 00 00 00 00 00 00 00
0x18D8 00 00 00 00 00 00 00 00 00 00 00 00 00 00 00 00 00 00 00 00 00 00 00 00 13 01 77 02 20 10 00 00 03 02 00 00 00 00 00 00 03 03 03 22 00 00 00 00 00 00 00 00 00 00 00 00 11 04 00 00
0x1914 00 00 00 00 22 22 22 04 01 01 00 00 00 00 01 00 00 00 00 02 03 01 00 00 00 00 00 00 00 00 00 00 00 01 00 00 00 03 00 00 33 54 05 00 37 37 37 23 00 00 00 00 00 00 00 00 03 00 00 00
0x1950 00 00 00 00 00 00 00 00 00 00 00 00 00 00 00 00 00 00 00 00 00 00 00 00 00 00 00 00 00 00 00 00 00 00 00 00 00 00 00 00 00 00 00 00 00 00 00 00 00 00 00 00 00 00 00 00 00 00 00 00
0x198C 00 00 00 00 00 00 00 00 00 00 00 00 00 00 00 00 00 00 00 00 00 00 00 00 00 00 00 00 00 00 00 00 00 00 00 00 00 00 00 00 00 00 00 00 00 00 00 00 00 00 00 00 00 00 00 00 00 00 00 00
0x19C8 00 00 00 00 00 00 00 00 00 00 00 00 00 00 00 00 00 00 00 00 00 00 00 00 00 00 00 00 00 00 00 00 00 00 00 00 00 00 00 00 00 00 00 00 00 00 00 00 00 00 00 00 00 00 00 00 00 00 00 00
0x1A04 00 00 00 00 00 00 00 00 00 00 00 00 00 00 00 00 00 00 00 00 00 00 00 00 00 00 00 00 00 00 00 00 00 00 00 00 00 00 00 00 00 00 00 00 00 00 00 00 00 00 00 00 00 00 00 00 00 00 00 00
0x1A40 00 00 00 00 00 00 00 00 00 00 00 00 00 00 00 00 00 00 00 00 00 00 00 00 00 00 00 00 00 00 00 00 00 00 00 00 00 00 00 00 00 00 00 00 00 00 00 00 00 00 00 00 00 00 00 00 00 00 00 00
0x1A7C 00 00 00 00 00 00 00 00 00 00 00 00 00 00 00 00 00 00 00 00 00 00 00 00 00 00 00 00 00 00 00 00 00 00 00 00 00 00 00 00 00 00 00 00 00 00 00 00 00 00 00 00 00 00 00 00 00 00 00 00
0x1AB8 00 00 00 00 00 00 00 00 00 00 00 00 00 00 00 00 00 00 00 00 00 00 00 00 00 00 00 00 00 00 00 00 00 00 00 00 00 00 00 00 00 00 00 00 00 00 00 00 00 00 00 00 00 00 00 00 00 00 00 00
0x1AF4 00 00 00 00 00 00 00 00 00 00 00 00 00 00 00 00 00 00 00 00 00 00 00 00 00 00 00 00 00 00 00 00 00 00 00 00 00 00 00 00 00 00 00 00 00 00 00 00 00 00 00 00 00 00 00 00 00 00 00 00
0x1B30 00 00 00 00 00 00 00 00 00 00 00 00 00 00 00 00 00 00 00 00 00 00 00 00 00 00 00 00 00 00 00 00 00 00 00 00 00 00 00 00 00 00 00 00 00 00 00 00 00 00 00 00 00 00 00 00 00 00 00 00
0x1B6C 00 00 00 00 00 00 00 00 00 00 00 00 00 00 00 00 00 00 00 00 00 00 00 00 00 00 00 00 00 00 00 00 00 00 00 00 00 00 00 00 00 00 00 00 00 00 00 00 00 00 00 00 00 00 00 00 00 00 00 00
0x1BA8 00 00 00 00 00 00 00 00 00 00 00 00 00 00 00 00 00 00 00 00 00 00 00 00 00 00 00 00 00 00 00 00 00 00 00 00 00 00 00 00 00 00 00 00 00 00 00 00 00 00 00 00 00 00 00 00 00 00 00 00
0x1BE4 00 00 00 00 00 00 00 00 00 00 00 00 00 00 00 00 00 00 00 00 00 00 00 00 00 00 00 00 AA AA AA AA AA AA AA AA 65 A6 9A 66 69 55 65 99 3F 3F 03 00 0C 00 00 00 00 00 00 00 88 00 00 00
0x1C20 06 00 00 00 00 00 00 00 01 00 00 00 00 00 00 00 00 00 00 00 00 00 00 00 00 00 00 00 00 00 00 00 00 00 00 00 00 00 00 00 00 00 00 00 00 00 00 00 00 00 00 00 00 00 00 00 00 00 00 00
0x1C5C 00 00 00 00 00 00 00 00 00 00 00 00 00 00 00 00 00 00 00 00 00 00 00 00 00 00 00 00 00 00 00 00 00 00 00 00 00 00 00 00 00 00 00 00 00 00 00 00 00 00 00 00 00 00 00 00 00 00 00 00
0x1C98 00 00 00 00 00 00 00 00 00 00 00 00 00 00 00 00 00 00 00 00 00 00 00 00 00 00 00 00 00 00 00 00 00 00 00 00 00 00 00 00 00 00 00 00 00 00 00 00 00 00 00 00 00 00 00 00 00 00 00 00
0x1CD4 00 00 00 00 00 00 00 00 00 00 00 00 00 00 00 00 00 00 00 00 00 00 00 00 00 00 00 00 00 00 00 00 00 00 00 00 00 00 00 00 00 00 00 00 00 00 00 00 00 00 00 00 00 00 00 00 00 00 00 00
0x1D10 00 00 00 00 00 00 00 00 00 00 00 00 00 00 00 00 00 00 00 00 00 00 00 00 00 00 00 00 00 00 00 00 00 00 00 00 00 00 00 00 00 00 00 00 00 00 00 00 00 00 00 00 00 00 00 00 00 00 00 00
0x1D4C 00 00 00 00 00 00 00 00 00 00 00 00 00 00 00 00 00 00 00 00 00 00 00 00 00 00 00 00 00 00 00 00 00 00 00 00 00 00 00 00 00 00 00 00 00 00 00 00 00 00 00 00 00 00 00 00 00 00 00 00
0x1D88 00 00 00 00 00 00 00 00 00 00 00 00 00 00 00 00 00 00 00 00 00 00 00 00 00 00 00 00 00 00 00 00 00 00 00 00 00 00 00 00 00 00 00 00 00 00 00 00 00 00 00 00 00 00 00 00 00 00 00 00
0x1DC4 00 00 00 00 00 00 00 00 00 00 00 00 00 00 00 00 00 00 00 00 00 00 00 00 00 00 00 00 00 00 00 00 00 00 00 00 00 00 00 00 00 00 00 00 00 00 00 00 00 00 00 00 00 00 00 00 00 00 00 00
0x1E00 00 00 00 00 00 00 00 00 00 00 00 00 00 00 00 00 00 00 00 00 00 00 00 00 00 00 00 00 00 00 00 00 00 00 00 00 00 00 00 00 00 00 00 00 00 00 00 00 00 00 00 00 00 00 00 00 00 00 00 00
0x1E3C 00 00 00 00 00 00 00 00 00 00 00 00 00 00 00 00 00 00 00 00 00 00 00 00 00 00 00 00 00 00 00 00 00 00 00 00 00 00 00 00 00 00 00 00 00 00 00 00 00 00 00 00 00 00 00 00 00 00 00 00
0x1E78 00 00 00 00 00 00 00 00 00 00 00 00 00 00 00 00 00 00 00 00 00 00 00 00 00 00 00 00 00 00 00 00 00 00 00 00 00 00 00 00 00 00 00 00 00 00 00 00 00 00 00 00 00 00 00 00 00 00 00 00
0x1EB4 00 00 00 00 00 00 00 00 00 00 00 00 00 00 00 00 00 00 00 00 00 00 00 00 00 00 00 00 00 00 00 00 00 00 00 00 00 00 00 00 00 00 00 00 00 00 00 00 00 00 00 00 00 00 00 00 00 00 00 00
0x1EF0 00 00 00 00 00 00 00 00 00 00 00 00 00 00 00 00 00 00 00 00 00 00 00 00 00 00 00 00 00 00 00 00 00 00 00 00 00 00 00 00 00 00 00 00 00 00 00 00 00 00 00 00 00 00 00 00 00 00 00 00
0x1F2C 00 00 00 00 00 00 00 00 00 00 00 00 00 00 00 00 00 00 00 00 00 00 00 00 00 00 00 00 00 00 00 00 00 00 00 00 00 00 00 00 00 00 00 00 00 00 00 00 00 00 00 00 00 00 00 00 00 00 00 00
0x1F68 00 00 00 00 00 00 00 00 00 00 00 00 00 00 00 00 00 00 00 00 00 00 00 00 00 00 00 00 00 00 00 00 00 00 00 00 00 00 00 00 00 00 00 00 00 00 00 00 00 00 00 00 00 00 00 00 00 00 00 00
0x1FA4 00 00 00 00 00 00 00 00 00 00 00 00 00 00 00 00 00 00 00 00 00 00 00 00 00 00 00 00 00 00 00 00 00 00 00 00 00 00 00 00 00 00 00 00 00 00 00 00 00 00 00 00 00 00 00 00 00 00 00 00
0x1FE0 00 00 00 00 00 00 00 00 00 00 00 00 00 00 00 00 00 00 00 00 00 00 00 00 00 00 00 00 00 00 00 00 00 00 03 00 01 40 1F 00 03 00 00 00 00 00 00 00 20 04 12 00 08 07 00 00 00 00 00 00
0x201C 00 00 00 00 00 00 00 00 00 00 00 00 00 00 00 00 00 00 00 00 03 03 00 00 00 01 00 00 00 00 00 00 00 00 00 00 02 01 00 00 01 00 00 00 01 00 00 01 03 00 00 00 28 40 FE 38 00 00 00 00
0x2058 00 00 00 00 00 00 00 00 00 00 00 00 00 00 00 00 00 00 00 00 00 00 00 00 00 00 00 00 00 00 00 00 00 00 00 00 00 00 00 00 00 00 00 00 00 00 00 00 08 00 00 00 00 00 00 00 00 00 00 00
0x2094 00 00 00 00 00 00 00 00 00 00 00 00 01 00 01 00 19 A2 B8 00 A9 58 2D B8 00 00 00 00 01 A1 00 04 01 00 E8 03 00 00 32 00 00 00 00 00 05 00 B6 00 01 00 00 00 00 00 00 00 00 00 00 00
0x20D0 00 00 00 00 00 00 00 00 00 00 00 00 00 00 00 00 00 00 00 00 3F 00 00 00 00 00 00 00 00 00 00 00 01 01 00 00 00 00 00 00 00 00 00 00 00 00 00 00 00 00 01 00 06 06 0F 0F 00 00 03 00
0x210C CC 00 00 00 00 00 00 00 00 00 00 00 00 00 00 00 00 00 00 00 00 00 00 00 00 00 00 00 00 00 00 00 00 00 00 00 00 00 00 00 00 00 00 00 00 00 00 00 00 00 00 00 00 00 00 00 00 00 00 00
0x2148 00 00 00 00 00 00 00 00 00 00 00 00 00 00 00 00 00 00 00 00 00 00 00 00 00 00 00 00 00 00 00 00 00 00 00 00 00 00 00 00 00 00 00 00 00 00 00 00 00 00 00 00 00 00 00 00 00 00 00 00
0x2184 00 00 00 00 00 00 00 00 00 00 00 00 00 00 00 00 37 12 08 10 00 00 00 00 00 00 00 00 00 00 00 00 00 00 00 00 00 00 00 00 00 00 00 00 00 00 00 00 00 00 00 00 03 06 00 00 11 11 11 01
0x21C0 11 C3 30 33 00 00 00 00 00 00 00 00 00 00 00 00 00 00 00 00 00 00 00 00 01 00 00 00 00 00 00 00 01 00 00 00 FC 00 00 00 00 00 06 00 0F 03 06 00 0F 03 06 00 0F 00 05 00 0F 03 06 00
0x21FC 0F 00 07 00 0F 03 04 00 0F 03 06 00 03 00 06 00 0F 03 04 00 FF 00 00 00 FE 0B 00 01 00 00 00 00 03 00 00 01 00 00 12 AE 00 00 00 00 00 00 00 00 00 00 01 00 00 00 00 00 00 00 00 00
0x2238 01 00 00 00 05 00 00 00 00 00 00 02 56 A1 00 00 00 00 00 00 00 00 00 00 00 00 00 01 0F 0F 00 FB 00 00 00 80 01 00 01 63 65 03 00 01 04 00 02 00 02 01 00 00 01 01 01 00 09 00 00 00
0x2274 00 00 80 00 01 01 00 00 00 03 04 00 00 00 00 00 01 00 00 01 00 00 04 02 01 00 0C 02 00 00 00 00 00 00 00 00 00 00 00 00 00 00 00 00 00 00 00 00 00 00 00 00 00 00 00 00 00 00 00 00
0x22B0 00 00 00 00 00 00 00 00 00 00 00 00 59 DA 01 00 06 00 00 00 0A 14 00 00 0E 14 00 00 74 07 D6 07 CD 19 C5 19 50 02 BC 02 00 00 00 00 00 00 00 00 00 00 00 00 4E 35 00 00 BB 4F 00 00
0x22EC 6E 45 E7 C5 AD 6F 31 45 02 44 89 7B 00 00 00 00 00 00 00 00 00 00 00 00 1C 1F 00 00 00 00 00 00 00 00 00 00 00 00 02 00 01 00 00 00 00 00 00 00 00 00 00 00 00 00 00 00 01 00 01 01
0x2328 00 03 01 00 00 00 01 00 03 00 00 00 04 00 00 00 00 00 00 00 00 00 00 00 0F 00 00 00 0F 00 00 00 00 00 00 00 00 00 00 00 00 00 00 00 00 00 00 00 00 00 00 00 00 00 00 00 00 00 00 00
0x2364 00 00 00 00 00 00 00 00 00 00 00 00 00 00 00 00 00 00 00 00 00 00 00 00 00 00 00 00 00 00 00 00 00 00 00 00 00 00 00 00 00 00 00 00 00 00 00 00 00 00 00 00 00 00 00 00 00 00 00 00
0x23A0 00 00 00 00 00 00 00 00 00 00 00 00 00 00 00 00 00 00 00 00 00 00 00 00 00 00 00 00 00 00 00 00 00 00 00 00 00 00 00 00 00 00 00 00 00 00 00 00 00 00 00 00 00 00 00 00 00 00 00 00
0x23DC 00 00 00 00 00 00 00 00 00 00 00 00 00 00 00 00 00 00 00 00 00 00 00 00 00 00 00 00 00 00 00 00 00 00 00 00 01 01 06 03 00 00 00 00 07 44 04 00 01 11 01 00 00 00 00 00 00 00 00 00
0x2418 00 00 00 00 00 00 00 00 00 00 00 00 00 00 00 00 00 00 00 00 00 00 00 00 00 00 00 00 00 00 00 00 00 00 00 00 00 00 00 00 00 00 00 00 00 00 00 00 00 00 00 00 00 00 00 00 00 00 00 00
0x2454 00 00 00 00 00 00 00 00 00 00 00 00 00 00 00 00 00 00 00 00 00 00 00 00 00 00 00 00 00 00 00 00 00 00 00 00 00 00 00 00 00 00 00 00 00 00 00 00 00 00 00 00 00 00 00 00 00 00 00 00
0x2490 00 00 00 00 00 00 00 00 00 00 00 00 00 00 00 00 00 00 00 00 00 00 00 00 00 00 00 00 00 00 00 00 00 00 00 00 00 00 00 00 00 00 00 00 00 00 00 00 00 00 00 00 00 00 00 00 00 00 00 00
0x24CC 00 00 00 00 00 00 00 00 00 00 00 00 00 00 00 00 00 00 00 00 00 00 00 00 00 00 00 00 00 00 00 00 00 00 00 00 00 00 00 00 00 00 00 00 00 00 00 00 00 00 00 00 00 00 00 00 00 00 00 00
0x2508 00 00 00 00 00 00 00 00 00 00 00 00 00 00 00 00 00 00 00 00 00 00 00 00 00 00 00 00 00 00 00 00 00 00 00 00 00 00 00 00 00 00 00 00 00 00 00 00 00 00 00 00 00 00 00 00 00 00 00 00
0x2544 00 00 00 00 00 00 00 00 00 00 00 00 00 00 00 00 00 00 00 00 00 00 00 00 00 00 00 00 00 00 00 00 00 00 00 00 00 00 00 00 00 00 00 00 00 00 00 00 00 00 00 00 00 00 00 00 00 00 00 00
0x2580 00 00 00 00 00 00 00 00 00 00 00 00 00 00 00 00 00 00 00 00 00 00 00 00 00 00 00 00 00 00 00 00 00 00 00 00 00 00 00 00 00 00 00 00 00 00 00 00 00 00 00 00 00 00 00 00 00 00 00 00
0x25BC 00 00 00 00 00 00 00 00 00 00 00 00 00 00 00 00 00 00 00 00 00 00 00 00 00 00 00 00 00 00 00 00 00 00 00 00 00 00 00 00 00 00 00 00 00 00 00 00 00 00 00 00 00 00 00 00 00 00 00 00
0x25F8 00 00 00 00 00 00 00 00 00 00 00 00 00 00 00 00 00 00 00 00 00 00 00 00 00 00 00 00 00 00 00 00 00 00 00 00 00 00 00 00 00 00 00 00 00 00 00 00 00 00 00 00 00 00 00 00 00 00 00 00
0x2634 00 00 00 00 00 00 00 00 00 00 00 00 00 00 00 00 00 00 00 00 00 00 00 00 00 00 00 00 00 00 00 00 00 00 00 00 00 00 00 00 00 00 00 00 00 00 00 00 00 00 00 00 00 00 00 00 00 00 00 00
0x2670 00 00 00 00 00 00 00 00 00 00 00 00 00 00 00 00 00 00 00 00 00 00 00 00 00 00 00 00 00 00 00 00 00 00 00 00 00 00 00 00 00 00 00 00 00 00 00 00 00 00 00 00 00 00 00 00 00 00 00 00
0x26AC 00 00 00 00 00 00 00 00 00 00 00 00 00 00 00 00 00 00 00 00 00 00 00 00 00 00 00 00 00 00 00 00 00 00 00 00 00 00 00 00 00 00 00 00 00 00 00 00 00 00 00 00 00 00 00 00 00 00 00 00
0x26E8 00 00 00 00 00 00 00 00 00 00 00 00 00 00 00 00 00 00 00 00 00 00 00 00 00 00 00 00 00 00 00 00 00 00 00 00 00 00 00 00 00 00 00 00 00 00 00 00 00 00 00 00 00 00 00 00 00 00 00 00
0x2724 00 00 00 00 00 00 00 00 00 00 00 00 00 00 00 00 00 00 00 00 00 00 00 00 00 00 00 00 00 00 00 00 00 00 00 00 00 00 00 00 00 00 00 00 00 00 00 00 00 00 00 00 00 00 00 00 00 00 00 00
0x2760 00 00 00 00 00 00 00 00 00 00 00 00 00 00 00 00 00 00 00 00 00 00 00 00 00 00 00 00 00 00 00 00 00 00 00 00 00 00 00 00 00 00 00 00 00 00 00 00 00 00 00 00 00 00 00 00 00 00 00 00
0x279C 00 00 00 00 00 00 00 00 00 00 00 00 00 00 00 00 00 00 00 00 00 00 00 00 00 00 00 00 00 00 00 00 00 00 00 00 00 00 00 00 00 00 00 00 00 00 00 00 00 00 00 00 00 00 00 00 00 00 00 00
0x27D8 00 00 00 00 00 00 00 00 00 00 00 00 00 00 00 00 00 00 00 00 00 00 00 00 00 00 00 00 00 00 00 00 00 00 00 00 00 00 00 00 17 3B 00 00 00 80 00 00 10 00 01 00 00 F0 F1 00 00 00 00 00
0x2814 00 00 00 00 00 00 00 00 00 00 00 00 00 00 00 00 00 00 00 00 00 00 00 00 00 00 00 00 00 00 00 00 00 00 00 00 00 00 00 00 00 00 00 00 00 00 00 00 00 00 00 00 00 00 00 00 00 00 00 00
0x2850 00 00 00 00 00 00 00 00 00 00 00 00 00 00 00 00 00 00 00 00 00 00 00 00 00 00 00 00 00 00 00 00 00 00 00 00 00 00 00 00 00 00 00 00 00 00 00 00 11 07 01 00 01 00 00 00 00 00 00 00
0x288C 00 00 00 00 00 00 00 00 00 00 00 00 00 00 00 00 00 00 00 00 00 00 00 00 00 00 00 00 00 00 00 00 00 00 00 00 00 00 00 00 00 00 00 00 00 00 00 00 00 00 00 00 00 00 00 00 00 00 00 00
0x28C8 00 00 00 00 00 00 00 00 00 00 00 00 00 00 00 00 00 00 00 00 00 00 00 00 00 00 00 00 00 00 00 00 00 00 00 00 00 00 00 00 00 00 00 00 00 00 00 00 00 00 00 00 00 00 00 00 00 00 00 00
0x2904 00 00 00 00 00 00 00 00 00 00 00 00 01 00 00 00 00 00 00 00 FC FF 00 00 04 00 00 00 00 00 00 00 00 00 00 00 00 00 00 00 00 00 00 00 00 00 00 00 00 00 00 00 00 00 00 00 00 00 00 00
0x2940 00 00 00 00 00 00 00 00 00 00 00 00 00 00 00 00 00 00 00 00 00 00 00 00 00 00 00 00 00 00 00 00 00 00 00 00 00 00 00 00 00 00 00 00 00 00 00 00 00 00 00 00 00 00 00 00 00 00 00 00
0x297C 00 00 00 00 00 00 00 00 00 00 00 00 00 00 00 00 00 00 00 00 00 00 00 00 00 00 00 00 00 00 00 00 00 00 00 00 00 00 00 00 00 00 00 00 00 00 00 00 00 00 00 00 00 00 00 00 00 00 00 00
0x29B8 00 00 00 00 00 00 00 00 00 00 00 00 00 00 00 00 00 00 00 00 00 00 00 00 00 00 00 00 00 00 00 00 00 00 00 00 00 00 00 00 00 00 00 00 00 00 00 00 00 00 00 00 00 00 00 00 00 00 00 00
0x29F4 00 00 00 00 00 00 00 00 00 00 00 00 00 00 00 00 00 00 00 00 00 00 00 00 00 00 00 00 00 00 00 00 00 00 00 00 00 00 00 00 00 00 00 00 00 00 00 00 00 00 00 00 00 00 00 00 00 00 00 00
0x2A30 00 00 00 00 00 00 00 00 00 00 00 00 00 00 00 00 00 00 00 00 00 00 00 00 00 00 00 00 00 00 00 00 00 00 00 00 00 00 00 00 00 00 00 00 00 00 00 00 00 00 00 00 00 00 00 00 00 00 00 00
0x2A6C 00 00 00 00 00 00 00 00 00 00 00 00 00 00 00 00 00 00 00 00 00 00 00 00 00 00 00 00 00 00 00 00 00 00 00 00 00 00 00 00 00 00 00 00 00 00 00 00 00 00 00 00 00 00 00 00 00 00 00 00
0x2AA8 00 00 00 00 00 00 00 00 00 00 00 00 00 00 00 00 00 00 00 00 00 00 00 00 00 00 00 00 00 00 00 00 00 00 00 00 00 00 00 00 00 00 00 00 00 00 00 00 00 00 00 00 00 00 00 00 00 00 00 00
0x2AE4 00 00 00 00 00 00 00 00 00 00 00 00 00 00 00 00 00 00 00 00 00 00 00 00 00 00 00 00 00 00 00 00 00 00 00 00 00 00 00 00 00 00 00 00 00 00 00 00 00 00 00 00 00 00 00 00 00 00 00 00
0x2B20 00 00 00 00 00 00 00 00 00 00 00 00 00 00 00 00 00 00 00 00 00 00 00 00 00 00 00 00 00 00 00 00 00 00 00 00 00 00 00 00 00 00 00 00 00 00 00 00 00 00 00 00 00 00 00 00 00 00 00 00
0x2B5C 00 00 00 00 00 00 00 00 00 00 00 00 00 00 00 00 00 00 00 00 00 00 00 00 00 00 00 00 00 00 00 00 00 00 00 00 00 00 00 00 00 00 00 00 00 00 00 00 00 00 00 00 00 00 00 00 00 00 00 00
0x2B98 00 00 00 00 00 00 00 00 00 00 00 00 00 00 00 00 00 00 00 00 00 00 00 00 00 00 00 00 00 00 00 00 00 00 00 00 00 00 00 00 00 00 00 00 00 00 00 00 00 00 00 00 00 00 00 00 00 00 00 00
0x2BD4 00 00 00 00 00 00 00 00 00 00 00 00 00 00 00 00 00 00 00 00 00 00 00 00 00 00 00 00 00 00 00 00 00 00 00 00 00 00 00 00 00 00 00 00 01 00 0A 00 00 00 00 00 01 00 00 00 00 00 00 00
0x2C10 00 00 00 00 00 00 00 00 01 20 03 D0 00 00 01 00 00 00 03 00 00 00 00 01 00 01 00 00 55 55 55 55 00 00 00 00 00 01 00 02 00 00 00 00 00 00 00 00 00 00 00 00 00 00 00 00 00 00 02 00
0x2C4C 04 00 06 00 08 00 0A 00 00 00 00 00 00 00 00 00 00 00 00 00 00 00 00 00 00 00 00 00 00 00 00 00 00 00 00 00 00 00 00 00 00 00 00 00 00 00 00 00 01 00 00 00 00 00 00 00 55 55 55 55
0x2C88 55 55 55 55 00 00 00 00 21 00 00 10 00 00 00 00 00 08 00 00 15 00 13 00 15 00 14 00 15 00 13 00 15 00 15 00 15 00 15 00 15 00 15 00 15 00 15 00 15 00 15 00 15 00 15 00 15 00 15 00
0x2CC4 12 00 15 00 17 00 16 00 15 00 17 00 15 00 16 00 1A 00 18 00 12 00 15 00 15 00 15 00 12 00 15 00 15 00 15 00 15 00 19 00 15 00 00 00 50 00 01 00 1A 00 5D 00 00 00 00 21 00 00 00 00
0x2D00 09 00 00 00 01 01 11 01 00 00 00 00 00 00 00 00 00 00 00 00 08 00 08 00 08 00 00 00 00 00 00 00 00 00 00 00 00 00 00 00 01 00 00 00 00 00 11 00 2A 08 00 00 1A 00 00 00 00 00 00 00
0x2D3C 00 00 00 00 00 00 00 00 00 00 00 00 00 00 00 00 00 00 00 00 0E 00 0E 00 0E 00 0E 00 0E 00 0E 00 0E 00 0E 00 0E 00 0E 00 0E 00 0E 00 0E 00 0E 00 0E 00 0E 00 0E 00 0E 00 0E 00 0E 00
0x2D78 0E 00 0E 00 0E 00 0E 00 0E 00 0E 00 0E 00 0E 00 0E 00 0E 00 0E 00 0E 00 0E 00 0E 00 0E 00 0E 00 0E 00 0E 00 0E 00 0E 00 50 00 00 00 4B 00 01 00 B1 00 30 00 00 00 00 00 00 00 00 00
0x2DB4 00 00 00 00 00 00 00 00 00 00 00 00 00 00 00 00 00 00 00 00 00 00 00 00 00 00 00 00 00 00 00 00 00 00 00 00 00 00 00 00 00 00 00 00 00 00 00 00 00 00 00 00 00 00 00 00 00 00 00 00
0x2DF0 00 00 00 00 00 00 00 00 00 00 00 00 00 00 00 00 00 00 00 00 00 00 00 00 00 00 00 00 00 00 00 00 00 00 00 00 00 00 00 00 00 00 00 00 00 00 00 00 00 00 00 00 00 00 00 00 00 00 00 00
0x2E2C 00 00 00 00 00 00 00 00 00 00 00 00 00 00 00 00 00 00 00 00 00 00 00 00 00 00 00 00 00 00 00 00 00 00 00 00 00 00 00 00 00 00 00 00 00 00 00 00 00 00 00 00 00 00 00 00 00 00 00 00
0x2E68 00 00 00 00 00 00 00 00 00 00 00 00 00 00 00 00 00 00 00 00 00 00 00 00 00 00 00 00 00 00 00 00 00 00 00 00 00 00 00 00 00 00 00 00 00 00 00 00 00 00 00 00 00 00 00 00 00 00 00 00
0x2EA4 00 00 00 00 00 00 00 00 00 00 00 00 00 00 00 00 00 00 00 00 00 00 00 00 00 00 00 00 00 00 00 00 00 00 00 00 00 00 00 00 00 00 00 00 00 00 00 00 00 00 00 00 00 00 00 00 00 00 00 00
0x2EE0 00 00 00 00 00 00 00 00 00 00 00 00 00 00 00 00 00 00 00 00 00 00 00 00 00 00 00 00 00 00 00 00 00 00 00 00 00 00 00 00 00 00 00 00 00 00 00 00 00 00 00 00 00 00 00 00 00 00 00 00
0x2F1C 00 00 00 00 00 00 00 00 00 00 00 00 00 00 00 00 00 00 00 00 00 00 00 00 00 00 00 00 00 00 00 00 00 00 00 00 00 00 00 00 00 00 00 00 00 00 00 00 00 00 00 00 00 00 00 00 00 00 00 00
0x2F58 00 00 00 00 00 00 00 00 00 00 00 00 00 00 00 00 00 00 00 00 00 00 00 00 00 00 00 00 00 00 00 00 00 00 00 00 00 00 00 00 00 00 00 00 00 00 00 00 00 00 00 00 00 00 00 00 00 00 00 00
0x2F94 00 00 00 00 00 00 00 00 00 00 00 00 00 00 00 00 00 00 00 00 00 00 00 00 00 00 00 00 00 00 00 00 00 00 00 00 00 00 00 00 00 00 00 00 00 00 00 00 00 00 00 00 00 00 00 00 00 00 00 00
0x2FD0 00 00 00 00 00 00 00 00 00 00 00 00 00 00 00 00 00 00 00 00 00 00 00 00 00 00 00 00 00 00 00 00 00 00 00 00 00 00 00 00 00 00 00 00 00 00 00 00 00 00 00 00 00 00 00 00 00 00 00 00
0x300C 00 00 00 00 00 00 00 00 00 00 00 00 00 00 00 00 00 00 00 00 00 00 00 00 00 00 00 00 00 00 00 00 00 00 00 00 00 00 00 00 00 00 00 00 00 00 00 00 00 00 00 00 00 00 00 00 00 00 00 00
0x3048 00 00 00 00 00 00 00 00 00 00 00 00 00 00 00 00 00 00 00 00 00 00 00 00 00 00 00 00 00 00 00 00 00 00 00 00 00 00 00 00 00 00 00 00 00 00 00 00 00 00 00 00 00 00 00 00 03 03 0F BE
0x3084 04 04 00 00 2C 2C 00 00 02 00 00 00 01 01 01 00 00 00 00 00 00 00 00 00 01 01 01 00 C0 B0 00 00 00 00 00 00 00 00 00 00 00 00 00 00 00 08 00 04 3F FF 00 01 00 00 00 05 41 B8 00 00
0x30C0 00 00 00 00 00 00 00 00 00 00 00 00 00 00 00 00 00 00 00 00 00 00 00 00 00 00 00 00 00 00 00 00 00 00 00 00 00 00 00 00 00 00 00 00 00 00 00 00 CC 00 00 00 00 00 00 00 00 00 00 00
0x30FC 00 00 00 00 00 00 00 00 00 00 00 00 00 00 00 00 00 00 00 00 00 00 00 00 00 00 00 00 00 00 00 00 00 00 00 00 00 00 00 00 00 00 00 00 00 00 00 00 00 00 00 00 00 00 00 00 00 00 00 00
0x3138 00 00 00 00 00 00 00 00 00 01 00 00 00 40 FF 43 00 00 00 00 00 00 00 00 00 40 FF 43 00 00 01 00 00 00 00 00 00 00 00 00 00 00 00 00 00 00 00 00 00 00 00 00 00 00 00 00 00 00 00 00
0x3174 00 00 00 00 00 00 00 00 00 00 00 00 00 00 00 00 00 00 00 00 00 00 00 00 00 00 00 00 00 00 00 00 00 00 00 00 00 00 00 00 00 00 00 00 00 00 00 00 00 00 00 00 00 00 00 00 00 00 00 00
0x31B0 00 00 00 00 00 00 00 00 00 00 00 00 00 00 00 00 00 00 00 00 00 00 00 00 00 00 00 00 00 00 00 00 00 00 00 00 00 00 00 00 00 00 00 00 00 00 00 00 00 00 00 00 00 00 00 00 00 00 00 00
0x31EC 00 00 00 00 00 00 00 00 00 00 00 00 00 00 00 00 00 00 00 00 00 00 00 00 00 00 00 00 00 00 00 00 00 00 00 00 00 00 00 00 00 00 00 00 00 00 00 00 00 00 00 00 00 00 00 00 00 00 00 00
0x3228 00 00 00 00 00 00 00 00 00 00 00 00 00 00 00 00 00 00 00 00 00 00 00 00 00 00 00 00 00 00 00 00 00 00 00 00 00 00 00 00 00 00 00 00 00 00 00 00 00 00 00 00 00 00 00 00 00 00 00 00
0x3264 00 00 00 00 00 00 00 00 00 00 00 00 00 00 00 00 00 00 00 00 00 00 00 00 00 00 00 00 00 00 00 00 00 00 00 00 00 00 00 00 00 00 00 00 00 00 00 00 00 00 00 00 00 00 00 00 00 00 00 00
0x32A0 00 00 00 00 00 00 00 00 00 00 00 00 00 00 00 00 00 00 00 00 00 00 00 00 00 00 00 00 00 00 00 00 00 00 00 00 00 00 00 00 00 00 00 00 00 00 00 00 00 00 00 00 00 00 00 00 00 00 00 00
0x32DC 00 00 00 00 00 00 00 00 00 00 00 00 00 00 00 00 00 00 00 00 00 00 00 00 00 00 00 00 00 00 00 00 00 00 00 00 00 00 00 00 00 00 00 00 00 00 00 00 00 00 00 00 00 00 00 00 00 00 00 00
0x3318 00 00 00 00 00 00 00 00 00 00 00 00 00 00 00 00 00 00 00 00 00 00 00 00 00 00 00 00 00 00 00 00 00 00 00 00 00 00 00 00 00 00 00 00 00 00 00 00 00 00 00 00 00 00 00 00 00 00 00 00
0x3354 00 00 00 00 00 00 00 00 00 00 00 00 00 00 00 00 00 00 00 00 00 00 00 00 00 00 00 00 00 00 00 00 00 00 00 00 00 00 00 00 00 00 00 00 00 00 00 00 00 00 00 00 00 00 00 00 00 00 00 00
0x3390 00 00 00 00 00 00 00 00 00 00 00 00 00 00 00 00 00 00 00 00 00 00 00 00 00 00 00 00 00 00 00 00 00 00 00 00 00 00 00 00 00 00 00 00 00 00 00 00 00 00 00 00 00 00 00 00 00 00 00 00
0x33CC 00 00 00 00 00 00 00 00 00 00 00 00 00 00 00 00 00 00 00 00 00 00 00 00 00 00 00 00 00 00 00 00 00 00 00 00 00 00 00 00 00 00 00 00 00 00 00 00 00 00 00 00 00 00 00 00 00 00 00 00
0x3408 00 00 00 00 00 00 00 00 00 00 00 00 00 00 00 00 00 00 00 00 00 00 00 00 01 00 0A 00 00 00 00 00 00 00 00 00 55 55 55 55 00 00 00 00 00 00 00 00 00 00 00 00 00 00 00 00 00 00 00 00
0x3444 00 00 00 00 00 00 00 00 00 00 00 00 00 00 00 00 00 00 00 00 00 00 01 00 00 00 00 00 00 00 00 00 00 00 00 00 00 00 00 00 00 00 00 00 00 00 00 00 00 00 00 00 00 00 00 00 00 00 00 00
0x3480 00 00 01 00 00 00 00 00 00 00 00 00 00 00 00 00 00 00 00 00 00 00 00 00 00 00 00 00 00 00 00 00 00 00 00 00 00 00 00 00 00 00 00 00 00 00 00 00 00 00 00 00 00 00 00 00 00 00 00 00
0x34BC 00 00 00 00 00 00 00 00 00 00 00 00 00 00 00 00 00 00 00 00 00 00 00 00 00 00 00 00 00 00 00 00 00 00 00 00 00 00 00 00 00 00 00 00 00 00 00 00 00 00 00 00 00 00 00 00 00 00 00 00
0x34F8 00 00 00 00 00 00 00 00 00 00 00 00 00 00 00 00 00 00 00 00 00 00 00 00 00 00 00 00 00 00 00 00 00 00 00 00 00 00 00 00 00 00 00 00 00 00 00 00 00 00 00 00 00 00 00 00 00 00 00 00
0x3534 00 00 00 00 00 00 00 00 00 00 00 00 00 00 00 00 00 00 00 00 00 00 00 00 00 00 00 00 00 00 00 00 00 00 00 00 00 00 00 00 00 00 00 00 00 00 00 00 00 00 00 00 00 00 00 00 00 00 00 00
0x3570 00 00 00 00 00 00 00 00 00 00 00 00 00 00 00 00 00 00 00 00 00 00 00 00 00 00 00 00 00 00 00 00 00 00 00 00 00 00 00 00 00 00 00 00 00 00 00 00 00 00 00 00 00 00 00 00 00 00 00 00
0x35AC 00 00 00 00 00 00 00 00 00 00 00 00 00 00 00 00 00 00 00 00 00 00 00 00 00 00 00 00 00 00 00 00 00 00 00 00 00 00 00 00 00 00 00 00 00 00 00 00 00 00 00 00 00 00 00 00 00 00 00 00
0x35E8 00 00 00 00 00 00 00 00 00 00 00 00 00 00 00 00 00 00 00 00 00 00 00 00 00 00 00 00 00 00 00 00 00 00 00 00 00 00 00 00 00 00 00 00 00 00 00 00 00 00 00 00 00 00 00 00 00 00 00 00
0x3624 00 00 00 00 00 00 00 00 00 00 00 00 00 00 00 00 00 00 00 00 00 00 00 00 00 00 00 00 00 00 00 00 00 00 00 00 00 00 00 00 00 00 00 00 00 00 00 00 00 00 00 00 00 00 00 00 00 00 00 00
0x3660 00 00 00 00 00 00 00 00 00 00 00 00 00 00 00 00 00 00 00 00 00 00 00 00 00 00 00 00 00 00 00 00 00 00 00 00 00 00 00 00 00 00 00 00 00 00 00 00 00 00 00 00 00 00 00 00 00 00 00 00
0x369C 00 00 00 00 00 00 00 00 00 00 00 00 00 00 00 00 00 00 00 00 00 00 00 00 00 00 00 00 00 00 00 00 00 00 00 00 00 00 00 00 00 00 00 00 00 00 00 00 00 00 00 00 00 00 00 00 00 00 00 00
0x36D8 00 00 00 00 00 00 00 00 00 00 00 00 00 00 00 00 00 00 00 00 00 00 00 00 00 00 00 00 00 00 00 00 00 00 00 00 00 00 00 00 00 00 00 00 00 00 00 00 00 00 00 00 00 00 00 00 00 00 00 00
0x3714 00 00 00 00 00 00 00 00 00 00 00 00 00 00 00 00 00 00 00 00 00 00 00 00 00 00 00 00 00 00 00 00 00 00 00 00 00 00 00 00 00 00 00 00 00 00 00 00 00 00 00 00 00 00 00 00 00 00 00 00
0x3750 00 00 00 00 00 00 00 00 00 00 00 00 00 00 00 00 00 00 00 00 00 00 00 00 00 00 00 00 00 00 00 00 00 00 00 00 00 00 00 00 00 00 00 00 00 00 00 00 00 00 00 00 00 00 00 00 00 00 00 00
0x378C 00 00 00 00 00 00 00 00 00 00 00 00 00 00 00 00 00 00 00 00 00 00 00 00 00 00 00 00 00 00 00 00 00 00 00 00 00 00 00 00 00 00 00 00 00 00 00 00 00 00 00 00 00 00 00 00 00 00 00 00
0x37C8 00 00 00 00 00 00 00 00 00 00 00 00 00 00 00 00 00 00 00 00 00 00 00 00 00 00 00 00 00 00 00 00 00 00 00 00 00 00 00 00 00 00 00 00 00 00 00 00 00 00 00 00 00 00 00 00 00 01 3F 00
0x3804 01 00 00 00 00 00 00 00 00 00 00 00 00 01 01 00 00 00 00 00 00 00 00 00 00 00 00 00 B8 95 00 00 C0 A3 00 00 C0 A3 00 00 C0 A3 00 00 AE 7F 38 89 38 3A 32 2C 2E 36 34 30 24 2A 26 1A
0x3840 32 34 36 2C 2E 30 28 14 10 0E 0C 08 44 3C 28 0A 02 06 00 04 39 3B 33 2D 2F 37 35 31 25 2B 27 1B 21 23 1D 1F 17 19 13 15 11 0F 0D 09 45 3D 29 0B 03 07 01 05 40 41 42 43 44 45 46 47
0x387C 48 49 4A 4B 4C 4D 4E 4F 00 00 00 00 00 00 00 00 00 00 00 00 00 00 00 00 00 00 00 00 00 00 00 00 00 00 00 00 00 00 00 00 01 00 00 00 00 00 00 00 0B 00 00 00 C0 A3 00 00 E0 47 00 00
0x38B8 00 00 00 00 00 00 00 00 32 00 00 00 3F 00 04 00 01 00 00 00 00 00 00 00 10 00 02 00 00 80 40 00 00 88 80 00 10 32 00 00 00 01 10 00 10 00 00 01 00 90 00 00 04 03 04 00 00 00 00 00
0x38F4 00 00 00 00 00 00 00 00 00 00 00 00 00 00 00 00 00 00 00 00 00 00 00 00 00 00 00 00 00 00 00 00 00 00 00 00 00 00 00 00 00 00 00 00 00 00 00 00 00 00 00 00 00 00 00 00 00 00 00 00
0x3930 00 00 00 00 00 00 00 00 00 00 00 00 00 00 00 00 00 00 00 00 00 00 00 00 00 00 00 00 00 00 00 00 00 00 00 00 00 00 00 00 00 00 00 00 00 00 00 00 00 00 00 00 00 00 00 00 00 00 00 00
0x396C 00 00 00 00 00 00 00 00 00 00 00 00 00 00 00 00 00 00 00 00 00 00 00 00 00 00 00 00 00 00 00 00 00 00 00 00 00 00 00 00 00 00 00 00 00 00 00 00 00 00 00 00 00 00 00 00 00 00 00 00
0x39A8 00 00 00 00 00 00 00 00 00 00 00 00 00 00 00 00 00 00 00 00 00 00 00 00 00 00 00 00 00 00 00 00 00 00 00 00 00 00 00 00 00 00 00 00 00 00 00 00 00 00 00 00 00 00 00 00 00 00 00 00
0x39E4 00 00 00 00 00 00 00 00 00 00 00 00 00 00 00 00 00 00 00 00 00 00 00 00 00 00 00 00 00 00 00 00 00 00 00 00 00 00 00 00 00 00 00 00 00 00 00 00 00 00 00 00 00 00 00 00 00 00 00 00
0x3A20 00 00 00 00 00 00 00 00 00 00 00 00 00 00 00 00 00 00 00 00 00 00 00 00 00 00 00 00 00 00 00 00 00 00 00 00 00 00 00 00 00 00 00 00 00 00 00 00 00 00 00 00 00 00 00 00 00 00 00 00
0x3A5C 00 00 00 00 00 00 00 00 00 00 00 00 00 00 00 00 00 00 00 00 00 00 00 00 00 00 00 00 00 00 00 00 00 00 00 00 00 00 00 00 00 00 00 00 00 00 00 00 00 00 00 00 00 00 00 00 00 00 00 00
0x3A98 00 00 00 00 00 00 00 00 00 00 00 00 00 00 00 00 00 00 00 00 00 00 00 00 00 00 00 00 00 00 00 00 00 00 00 00 00 00 00 00 00 00 00 00 00 00 00 00 00 00 00 00 00 00 00 00 00 00 00 00
0x3AD4 00 00 00 00 00 00 00 00 00 00 00 00 00 00 00 00 00 00 00 00 00 00 00 00 00 00 00 00 00 00 00 00 00 00 00 00 00 00 00 00 00 00 00 00 00 00 00 00 00 00 00 00 00 00 00 00 00 00 00 00
0x3B10 00 00 00 00 00 00 00 00 00 00 00 00 00 00 00 00 00 00 00 00 00 00 00 00 00 00 00 00 00 00 00 00 00 00 00 00 00 00 00 00 00 00 00 00 00 00 00 00 00 00 00 00 00 00 00 00 00 00 00 00
0x3B4C 00 00 00 00 00 00 00 00 00 00 00 00 00 00 00 00 00 00 00 00 00 00 00 00 00 00 00 00 00 00 00 00 00 00 00 00 00 00 00 00 00 00 00 00 00 00 00 00 00 00 00 00 00 00 00 00 00 00 00 00
0x3B88 00 00 00 00 00 00 00 00 00 00 00 00 00 00 00 00 00 00 00 00 00 00 00 00 00 00 00 00 00 00 00 00 00 00 00 00 00 00 00 00 00 00 00 00 00 00 00 00 00 00 00 00 00 00 00 00 00 00 00 00
0x3BC4 00 00 00 00 00 00 00 00 00 00 00 00 00 00 00 00 00 00 00 00 00 00 00 00 00 00 00 00 00 00 00 00 00 00 00 00 00 00 00 00 00 00 00 00 00 00 00 00 00 00 00 00 00 00 00 00 00 00 00 00
0x3C00 00 00 00 00 00 00 00 00 00 00 00 00 00 00 00 00 00 00 00 00 00 00 00 00 00 00 00 00 00 00 00 00 01 00 0A 00 00 00 00 00 00 00 00 00 00 00 00 00 55 55 55 55 00 00 00 00 00 00 00 00
0x3C3C 00 00 00 00 00 00 00 00 00 00 00 00 00 00 00 00 00 00 00 00 00 00 00 00 00 00 00 00 00 00 01 00 00 00 00 00 00 00 00 00 00 00 00 00 00 00 00 00 00 00 01 00 00 00 00 00 00 00 00 00
0x3C78 00 00 00 00 00 00 00 00 00 00 01 00 00 00 00 00 00 00 00 00 00 00 00 00 00 00 00 00 00 00 00 00 00 00 00 00 00 00 00 00 00 00 00 00 00 00 00 00 00 00 00 00 00 00 00 00 00 00 00 00
0x3CB4 00 00 00 00 00 00 00 00 00 00 00 00 00 00 00 00 00 00 00 00 00 00 00 00 00 00 00 00 00 00 00 00 00 00 00 00 00 00 00 00 00 00 00 00 00 00 00 00 00 00 00 00 00 00 00 00 00 00 00 00
0x3CF0 00 00 00 00 00 00 00 00 00 00 00 00 00 00 00 00 00 00 00 00 00 00 00 00 00 00 00 00 00 00 00 00 00 00 00 00 00 00 00 00 00 00 00 00 00 00 00 00 00 00 00 00 00 00 00 00 00 00 00 00
0x3D2C 00 00 00 00 00 00 00 00 00 00 00 00 00 00 00 00 00 00 00 00 00 00 00 00 00 00 00 00 00 00 00 00 00 00 00 00 00 00 00 00 00 00 00 00 00 00 00 00 00 00 00 00 00 00 00 00 00 00 00 00
0x3D68 00 00 00 00 00 00 00 00 00 00 00 00 00 00 00 00 00 00 00 00 00 00 00 00 00 00 00 00 00 00 00 00 00 00 00 00 00 00 00 00 00 00 00 00 00 00 00 00 00 00 00 00 00 00 00 00 00 00 00 00
0x3DA4 00 00 00 00 00 00 00 00 00 00 00 00 00 00 00 00 00 00 00 00 00 00 00 00 00 00 00 00 00 00 00 00 00 00 00 00 00 00 00 00 00 00 00 00 00 00 00 00 00 00 00 00 00 00 00 00 00 00 00 00
0x3DE0 00 00 00 00 00 00 00 00 00 00 00 00 00 00 00 00 00 00 00 00 00 00 00 00 00 00 00 00 00 00 00 00 00 00 00 00 00 00 00 00 00 00 00 00 00 00 00 00 00 00 00 00 00 00 00 00 00 00 00 00
0x3E1C 00 00 00 00 00 00 00 00 00 00 00 00 00 00 00 00 00 00 00 00 00 00 00 00 00 00 00 00 00 00 00 00 00 00 00 00 00 00 00 00 00 00 00 00 00 00 00 00 00 00 00 00 00 00 00 00 00 00 00 00
0x3E58 00 00 00 00 00 00 00 00 00 00 00 00 00 00 00 00 00 00 00 00 00 00 00 00 00 00 00 00 00 00 00 00 00 00 00 00 00 00 00 00 00 00 00 00 00 00 00 00 00 00 00 00 00 00 00 00 00 00 00 00
0x3E94 00 00 00 00 00 00 00 00 00 00 00 00 00 00 00 00 00 00 00 00 00 00 00 00 00 00 00 00 00 00 00 00 00 00 00 00 00 00 00 00 00 00 00 00 00 00 00 00 00 00 00 00 00 00 00 00 00 00 00 00
0x3ED0 00 00 00 00 00 00 00 00 00 00 00 00 00 00 00 00 00 00 00 00 00 00 00 00 00 00 00 00 00 00 00 00 00 00 00 00 00 00 00 00 00 00 00 00 00 00 00 00 00 00 00 00 00 00 00 00 00 00 00 00
0x3F0C 00 00 00 00 00 00 00 00 00 00 00 00 00 00 00 00 00 00 00 00 00 00 00 00 00 00 00 00 00 00 00 00 00 00 00 00 00 00 00 00 00 00 00 00 00 00 00 00 00 00 00 00 00 00 00 00 00 00 00 00
0x3F48 00 00 00 00 00 00 00 00 00 00 00 00 00 00 00 00 00 00 00 00 00 00 00 00 00 00 00 00 00 00 00 00 00 00 00 00 00 00 00 00 00 00 00 00 00 00 00 00 00 00 00 00 00 00 00 00 00 00 00 00
0x3F84 00 00 00 00 00 00 00 00 00 00 00 00 00 00 00 00 00 00 00 00 00 00 00 00 00 00 00 00 00 00 00 00 00 00 00 00 00 00 00 00 00 00 00 00 00 00 00 00 00 00 00 00 00 00 00 00 00 00 00 00
0x3FC0 00 00 00 00 00 00 00 00 00 00 00 00 00 00 00 00 00 00 00 00 00 00 00 00 00 00 00 00 00 00 00 00 00 00 00 00 00 00 00 00 00 00 00 00 00 00 00 00 00 00 00 00 00 00 00 00 00 00 00 00
0x3FFC 00 00 00 00 B1 E5 E0 A7 DC CC 9C F4 A2 71 41 D3 97 DE 41 C8 D5 64 3E 32 00 00 87 00 53 4C 45 59 00 00 4F 54 38 37 00 06 00 00 39 36 02 1C 00 00 04 00 05 03 75 03 00 00 E1 C3 A7 65
0x4038 13 20 00 00 28 00 0F A0 05 19 13 88 00 F0 00 14 00 00 00 00 00 00 40 41 14 00 0C 41 54 00 05 41 60 00 10 41 70 00 08 41 80 10 00 42 80 04 C0 86 B8 8E 38 80 78 00 66 7F 88 80 00 7F
0x4074 10 00 0A 7D D0 00 00 00 00 00 00 00 00 00 00 00 00 00 00 00 00 00 00 00 00 00 00 00 00 00 00 00 00 1C 01 08 00 15 54 00 00 00 00 00 00 00 00 00 00 00 00 00 00 00 00 00 00 00 00 00
0x40B0 00 00 00 00 00 00 00 00 00 00 00 00 00 00 00 00 00 00 00 00 00 00 00 00 00 00 00 00 00 00 00 00 00 00 00 00 00 00 00 00 00 00 00 00 00 00 00 00 00 00 00 00 00 00 00 00 00 00 00 00
0x40EC 00 00 00 00 00 00 00 00 00 00 00 00 00 00 00 00 00 00 00 00 00 00 00 00 00 00 00 00 00 00 00 00 00 00 00 00 00 00 00 00 FF FF FF FF FF FF FF FF FF FF FF FF FF FF FF FF FF FF FF FF
0x4128 FF FF FF FF FF FF FF FF FF FF FF FF FF FF FF FF FF FF FF FF FF FF FF FF FF FF FF FF FF FF FF FF FF FF FF FF FF FF FF FF FF FF FF FF 00 00 00 00 00 00 00 00 00 00 00 00 FF FF FF FF
0x4164 FF FF FF FF FF FF FF FF FF FF FF FF FF FF FF FF FF FF FF FF FF FF FF FF FF FF FF FF 00 00 00 00 00 00 00 D9 74 AE 5D F2 C4 9B A3 C8 3E 6B 62 E3 93 48 C2 01 0B 52 54 68 F2 68 9D AF
0x41A0 65 52 CE 9B 3F 9E 80 0F 1B 97 09 7D C6 08 A6 CE 96 84 4D 3A E2 3F D6 CB B5 2E BA 11 1F DF 49 37 70 81 2F 83 34 C5 61 2A B0 0E 2D B1 A6 80 DB 1A 7D DD 9E 1D A4 D5 C7 90 15 F3 9D 8B
0x41DC 12 B1 8C 49 12 95 D9 B8 EC 90 C5 1B B4 C8 ED BB A1 9C 7E C4 65 6B BB 32 7B DC C4 21 77 71 46 0B 29 BE E2 8E 40 45 67 76 93 63 60 48 3B D8 B0 29 D8 71 F5 53 06 A4 9A 55 89 06 9E E9
0x4218 92 28 4E BD 75 9E 77 CB 01 5D 44 3B 08 5A B2 0C 22 0F 0D 91 57 D7 F0 FD 7C 7C EA 05 A1 2A AE AD D7 9B 0C 46 26 14 B7 24 4A 1D 77 7B 0B 6D A3 F8 D5 E8 C1 03 E1 CF C5 2E 78 6C D7 34
0x4254 FF 91 20 0F B8 85 73 40 6F 7F 17 C0 E8 0A 98 61 2B 69 70 4B 40 8B BE B6 44 D6 0A 44 77 A1 7C 18 B3 0A 77 02 BA 6F D8 32 57 4B 1A CA C6 72 8E B4 44 A2 9A 56 C1 1F 47 28 9D 2B 28 82
0x4290 84 85 3A 1E 79 F7 67 FB 35 2D 3B 9B 12 E1 49 65 4F 9F 69 A1 A3 8B E8 E4 71 01 0E FE 55 AF F2 2E 3C 97 61 21 80 07 C7 6D 87 A4 05 B5 1F 8D 20 97 18 6E 4D 15 E9 BB EE 57 B5 6E A2 4B
0x42CC 47 F2 C3 BB 30 65 08 93 78 14 C5 5A FD 25 C6 42 48 2C 97 07 D7 49 63 85 C7 A8 1A 20 0A 70 13 D4 91 CE 91 53 A0 49 E9 F7 FF F3 1F E2 52 F7 01 33 FF 59 C3 58 9A D5 72 5A 8B D7 45 BE
0x4308 18 D1 79 47 64 33 CE 76 C4 DF E1 8A 6D 4B F3 CD 8C 11 D7 62 EA 9D DB 15 A9 E4 05 8F 56 A3 1C 67 6C 7D 8A 60 24 D3 CB 55 29 0F 1C F0 56 7C D7 4F 66 98 F4 69 BD 13 5D 67 0B 61 4C A8
0x4344 7E F0 6D B6 36 23 E2 F1 E2 4F 4F DB E3 5C 53 27 43 F6 96 AC 8D 32 88 11 33 B7 23 53 D7 7A 05 3F 83 B5 0D DD 04 E9 E3 DB 3D 86 6D AE 47 4B 43 7A 79 DC 24 47 CA 1D 99 5F D2 CD F4 17
0x4380 BB EA 7D 77 D0 16 0F C7 BA 2C 47 FC DE B8 FE A4 C8 BE DB DF 20 63 DB 75 E6 EF 5F 39 5A C3 D3 2A 78 36 94 CB C0 7D CE 52 02 1F D6 3C 12 C1 31 65 6B C2 4A 09 37 2A DD FF 99 6C DE CE
0x43BC 54 92 60 9D EF 06 13 64 6F F0 DF 4E 2A 7E 29 FD B5 86 02 FA 14 35 A4 F8 1E D7 F8 F8 B2 F2 EF E6 D9 6C E8 5D 5C 78 A8 38 5D 78 AD 0E F6 C3 55 6C 92 2A A3 16 25 F9 00 A3 CD CC F5 FD
0x43F8 FC BF 90 4D EE F7 C5 8F E7 EE D8 0B DF 96 58 4A 32 C1 C7 DB C8 4E 48 9B DF E4 D7 3C D4 62 72 AD D5 8F 97 DF 7E DF 39 2D 3C 6F 3C F8 62 53 08 55 52 A5 B0 D2 68 7D EC 56 FA D1 2B D3
0x4434 85 27 C0 E4 CD BD 9E 18 F3 5D 32 97 B9 7B 7D EA B5 91 76 3B 8D D7 95 AB C7 A7 86 12 A2 4C B5 C3 8B EF 99 07 AA D9 85 D5 2F 3D CC CE D7 29 86 66 35 A0 37 8B 6F AE 53 FA 79 FB 59 B0
0x4470 3F FD 0E D2 79 04 23 A9 C6 E9 E6 00 AD 72 16 16 B7 CF 19 A8 BB DF 44 00 DF 61 81 9C 72 F5 70 69 DA C9 AF 4E 55 F5 FA 04 10 59 AB 55 D7 DF D2 92 B7 5F 63 05 9B CE C1 68 8F AB 79 30
0x44AC 0F 33 10 18 5E B0 FC A2 FB E4 1C CF 3F ED 97 0A A1 2E 4A 9E FF DD 43 20 B7 E8 14 39 24 FF 07 F0 C8 7B 70 32 E2 96 08 24 AF F0 49 15 8B CF 55 DA EA 8C 98 38 30 C9 CA 9A 3F 14 B4 09
0x44E8 3C CE 61 D0 66 4F C9 54 47 55 49 E0 5A D2 C0 04 9A AB D8 AA B2 9F 0A F8 4E DE 00 44 71 8D B2 21 8B CE 49 48 33 EF 53 2E D3 9D 84 03 EB 8A DB 82 FE 15 44 78 22 BA 19 9B 90 7B 64 69
0x4524 2A BD 6F 50 FE AB 0E 05 A7 EB 20 90 8F 73 A8 C4 C1 3A D5 AB C1 84 BB C4 73 9A 30 4B 22 CB 49 24 37 A5 BA 02 DB 92 8E CF AD D2 AA 24 9F 13 5E 00 D3 3B E7 6D 26 67 2E C1 58 1E 44 50
0x4560 77 26 77 31 77 31 77 31 77 2E 77 23 77 23 77 15 76 FC 77 42 77 3C 77 07 77 1C 76 FC 77 04 77 0A 77 0A 77 1C 77 38 77 4D 77 54 77 54 77 5B 77 23 76 66 76 4E 76 8A 77 00 76 FC 76 F9
0x459C 76 E2 77 69 76 63 76 4A 76 2B 76 3C 76 2E 76 10 76 20 76 3C 75 FF 76 3C 76 2B 76 02 76 02 76 10 76 0A 75 FF 76 14 76 20 76 40 76 4E 76 4A 76 60 76 58 76 4A 75 61 75 27 75 61 75 E2
0x45D8 75 F8 76 32 76 36 76 8A 76 E9 76 BF 76 D4 76 DB 76 D4 76 C6 76 C6 76 D0 76 AB 76 E9 76 BF 76 C0 76 BC 76 C7 76 BC 76 BC 76 BC 76 D4 76 E2 76 F8 77 07 76 F8 77 04 76 E9 76 10 75 E3
0x4614 76 2E 76 B2 76 C7 76 C7 76 86 77 15 75 EE 75 E3 75 D6 75 E1 75 DE 75 D0 75 D0 75 D3 75 A7 75 E2 75 E1 75 AC 75 C5 75 A7 75 96 75 A4 75 AC 75 D0 75 DE 75 FC 75 FC 75 FF 76 0D 75 E2
0x4650 75 0E 74 D0 75 04 75 92 75 A8 75 D6 75 EA 76 39 76 96 76 8E 76 7C 76 82 76 8A 76 78 76 71 76 6A 76 55 76 8E 76 7C 76 60 76 5C 76 58 76 55 76 60 76 60 76 71 76 86 76 A4 76 B2 76 B6
0x468C 76 B6 76 9A 75 D3 75 8E 75 CC 76 55 76 60 76 86 76 96 76 C6 75 FF 75 FC 75 E3 75 FF 75 F4 75 D6 75 E2 75 F1 75 B7 75 EA 75 EA 75 BA 75 C8 75 CC 75 99 75 92 75 B7 75 E1 75 E6 76 10
0x46C8 76 06 76 14 76 14 75 EA 75 0B 74 EF 75 16 75 B0 75 B7 75 E6 75 FC 76 4E 76 C3 76 B6 76 A0 76 B2 76 B9 76 A0 76 A0 76 B6 76 7F 76 BC 76 AE 76 86 76 92 76 78 76 78 76 7F 76 8A 76 A0
0x4704 76 B6 76 C6 76 CA 76 CA 76 CD 76 BC 75 E6 75 C5 75 FF 76 82 76 86 76 B2 76 AE 76 F4 75 CC 75 6F 75 B0 75 CC 75 B4 75 B0 75 AC 75 99 75 88 75 C8 75 A4 75 96 75 8E 75 96 75 56 75 5A
0x4740 75 80 75 9C 75 B7 75 D0 75 E1 75 E1 75 E2 75 BE 74 E4 74 B8 74 FD 75 7D 75 92 75 6F 75 45 75 E2 76 F0 76 DE 76 E2 76 EC 76 E2 76 CA 76 D4 76 E2 76 C4 76 E2 76 DE 76 C7 76 C3 76 C7
0x477C 76 B6 76 BF 76 CA 76 D0 76 F0 76 FC 77 15 77 4D 77 31 76 FC 76 2E 76 14 76 32 76 C0 76 C2 76 D8 76 F0 77 34 76 24 75 F8 76 1C 76 28 76 0A 76 06 76 06 76 20 75 E1 76 1D 76 0A 75 EE
0x47B8 75 FC 75 E6 75 C5 75 CC 75 E6 75 FF 76 18 76 2E 76 3C 76 3C 76 32 76 18 75 48 75 0B 75 4C 75 DA 75 EE 75 E1 75 92 76 55 76 8E 76 71 76 5C 76 86 76 7C 76 66 76 66 76 6E 76 47 76 7C
0x47F4 76 58 76 2E 76 24 76 32 76 2B 76 28 76 32 76 52 76 66 76 5C 76 96 76 A8 76 AB 76 82 75 99 75 72 75 B7 76 36 76 4E 76 66 76 6E 76 C4 76 74 76 66 76 55 76 63 76 5C 76 55 76 63 76 5C
0x4830 76 32 76 7F 76 71 76 4A 76 47 76 39 76 14 76 10 76 28 76 47 76 60 76 7F 76 78 76 82 76 8E 76 6A 75 8B 75 50 75 A0 76 2B 76 4E 76 63 76 66 76 B9 76 4A 76 32 76 28 76 2B 76 36 76 14
0x486C 75 F8 76 06 75 F8 76 2B 76 1C 75 F8 75 F8 75 E6 75 D6 75 EA 75 EE 76 14 76 28 76 52 76 44 76 55 76 71 76 44 75 68 75 2E 75 5A 75 DE 76 0D 76 0D 76 2B 76 6A 76 AE 76 78 76 7C 76 96
0x48A8 76 8D 76 78 76 7F 76 7C 76 5C 76 A0 76 82 76 55 76 60 76 55 76 24 76 14 76 44 76 6A 76 8A 76 A4 76 96 76 A0 76 AB 76 8A 75 A8 75 72 75 AC 76 3C 76 55 76 82 76 92 76 C6 75 D3 75 AC
0x48E4 75 AC 75 BE 75 BA 75 6F 75 45 75 8B 75 5A 75 C8 75 B4 75 8B 75 8E 75 7A 75 76 75 6F 75 7D 75 9C 75 B4 75 DA 75 D6 75 E1 75 FF 75 E1 74 F2 74 8B 74 B5 75 20 75 92 75 A0 75 BE 75 FC
0x4920 76 86 76 63 76 55 76 55 76 55 76 4E 76 55 76 58 76 32 76 71 76 58 76 39 76 4A 76 2E 76 14 76 1C 76 24 76 4A 76 6A 76 74 76 74 76 7C 76 7C 76 58 75 7A 75 48 75 84 76 0A 76 2B 76 55
0x495C 76 5C 76 AE 75 CC 75 BA 75 B4 75 CC 75 C5 75 37 75 37 75 9C 75 72 75 D0 75 B7 75 99 75 9C 75 76 75 76 75 72 75 76 75 92 75 AC 75 CC 75 6F 75 6F 75 E2 75 D0 74 F6 74 92 74 92 75 53
0x4998 75 99 75 AC 75 C5 75 FF 76 20 76 1B 76 0D 76 14 76 14 75 EA 75 EA 75 F4 75 D6 76 10 75 F1 75 E2 75 E1 75 E2 75 CC 75 C5 75 DA 75 F4 76 0A 76 1C 76 2E 76 32 76 32 76 18 75 35 74 FA
0x49D4 75 27 75 BE 75 E1 76 06 76 10 76 5C 75 72 75 5A 75 64 75 72 75 4C 75 0B 75 36 75 5E 75 36 75 6F 75 5A 75 42 75 42 75 36 75 19 75 24 75 27 75 32 75 5A 75 80 75 45 75 12 75 80 75 6C
0x4A10 74 92 74 64 74 84 75 24 75 36 75 64 75 61 75 A8 76 5C 76 4A 76 32 76 40 76 36 76 1C 76 2B 76 24 76 0A 76 4A 76 39 76 06 76 10 76 06 76 06 76 10 76 02 76 1C 76 44 76 55 76 55 76 60
0x4A4C 76 58 76 3C 75 64 75 24 75 5A 75 F4 76 0A 76 2E 76 40 76 92 94 7D D4 DD 97 D2 8F 4B 7F DB 0B DB 11 A6 A0 D5 BF 25 A1 E8 3D CF 9F 8E D3 96 5C F0 DA BA 15 8A 56 BD 40 14 84 83 C7 04
0x4A88 B9 39 63 95 9B CD 90 ED 6F FD 5A DD 0B F2 00 B4 3D AB 8E 4F E6 3E D9 24 A4 5F 48 D0 49 58 F8 72 51 27 20 E0 EA 11 46 44 47 AC B3 9D 63 55 F2 00 7F D2 87 96 7C BD 55 C4 73 84 32 04
0x4AC4 F2 3F 42 85 FB FF 69 33 FA B4 1E CC 33 E8 4A 9E 89 D7 30 18 DD A8 1A 8B C1 EB C3 62 4B F7 B4 58 D1 C9 16 61 DE F5 04 D6 8B DB 37 5E D7 BE 1A 81 F2 4E AD 13 B3 63 75 7A C3 BE 5D F2
0x4B00 5E F4 14 30 31 25 A7 87 39 3D 36 3D 16 D1 42 FE 3E 62 1F 71 EE D5 7B 34 85 95 F6 73 B2 6C 36 AB 19 0B AB 13 D4 6A 16 DB 69 B9 14 0E FF 9F D3 18 49 BC E6 67 BB F1 BA D9 A8 2F BC A8
0x4B3C 35 B8 18 AA DD E9 6E 13 45 53 B7 AE 62 6A 48 4D E6 65 18 25 D6 E3 4D E7 71 9B A4 7C 27 21 C2 45 DB 8C 0D 3A 39 6C E8 B1 AC 5D 49 41 D0 EB 82 05 09 12 6A 9A C3 BB 19 01 E3 0C BF C5
0x4B78 CB E7 C3 16 B1 F7 E1 4B 29 3A 05 14 EF 19 10 F1 66 A6 66 5D 49 E7 72 2F 74 A7 D2 72 E1 1F 05 93 5D 73 65 01 6A 9E 2B 97 BC 6F 74 6D 55 CC 1C 81 98 DF 06 AD A5 2B 53 00 F0 2B 66 3A
0x4BB4 D1 BA B7 89 DF 67 19 81 92 85 30 89 72 BF A6 E8 FF 5B C0 A4 E4 1F 34 76 F8 D6 56 89 F6 FE 12 34 1A C7 C5 60 3B FA 72 B8 EF 05 83 97 A8 7F 21 29 5D 1C 02 0B 55 D1 80 26 5F A0 F8 A0
0x4BF0 FD E3 60 A6 7B 81 0D 00 43 06 11 D6 CF 53 34 59 E4 73 2D 10 0F D2 D5 B3 77 6A 12 32 F2 B1 06 00 6C 85 21 34 AE DE 14 99 ED D8 85 BF 91 83 BC A1 42 AD 0C 62 7C 37 58 88 2A 0B 08 6E
0x4C2C 2F 5E 40 27 76 AD 37 BF E5 1F 2D FF B7 1A 53 0E AC 14 84 40 77 31 77 31 77 34 77 2A 77 2A 77 0E 77 18 77 2E 76 FC 77 31 77 2E 77 0E 77 18 77 00 76 FC 77 04 77 00 77 20 77 38 77 46
0x4C68 77 4D 77 46 77 46 77 31 76 71 76 58 76 78 76 F8 77 07 76 F9 76 E9 77 62 76 E6 76 C0 76 D4 76 DB 76 D0 76 C7 76 CD 76 D4 76 B2 76 E2 76 C2 76 C4 76 C4 76 C7 76 B9 76 C3 76 C7 76 CA
0x4CA4 76 DE 77 04 77 07 76 FC 76 FC 76 DE 76 1C 75 DE 76 2B 76 AE 76 C3 76 B9 76 8D 77 00 76 96 76 8E 76 78 76 82 76 7C 76 66 76 74 76 7C 76 4E 76 9A 76 6E 76 60 76 66 76 58 76 55 76 58
0x4CE0 76 5C 76 6E 76 8E 76 A8 76 AB 76 B6 76 AE 76 96 75 C8 75 96 75 D3 76 4E 76 5C 76 86 76 86 76 BF 76 BF 76 A8 76 A4 76 BC 76 C0 76 AE 76 A8 76 B6 76 7F 76 C0 76 A4 76 86 76 9A 76 7F
0x4D1C 76 82 76 82 76 8A 76 9A 76 B6 76 C2 76 CA 76 D0 76 C2 76 C4 75 EA 75 C5 76 06 76 86 76 92 76 B2 76 B6 77 04 76 EC 76 D8 76 D8 76 D8 76 DE 76 D8 76 D0 76 CD 76 B6 76 E6 76 D4 76 C0
0x4D58 76 C4 76 AE 76 BC 76 BC 76 B9 76 C2 76 E9 76 F0 77 04 77 15 77 15 76 EC 76 24 75 FC 76 2B 76 BC 76 C3 76 D8 76 DE 77 31 76 86 76 63 76 58 76 86 76 6E 76 55 76 60 76 5C 76 40 76 66
0x4D94 76 52 76 36 76 24 76 36 76 1C 76 2B 76 32 76 55 76 63 76 55 76 9D 76 9D 76 9D 76 7F 75 A0 75 76 75 B7 76 39 76 55 76 60 76 6E 76 C0 76 2E 76 20 76 1C 76 2E 76 2B 76 06 75 EA 75 E3
0x4DD0 75 EE 76 28 76 24 75 EE 75 EA 75 E6 75 D3 75 E6 75 E1 75 FF 76 28 76 39 76 36 76 4E 76 44 76 28 75 5A 75 27 75 50 75 DE 75 FC 76 24 76 18 76 58 75 C8 75 A4 75 A0 75 C5 75 BA 75 6F
0x4E0C 75 27 75 6F 75 61 75 C2 75 B0 75 84 75 8B 75 7A 75 5E 75 64 75 68 75 8E 75 B4 75 D0 75 D3 75 C5 75 DE 75 B7 74 F6 74 8B 74 A7 75 12 75 88 75 A0 75 BE 75 F8 75 D3 75 BA 75 B7 75 C8
0x4E48 75 C8 75 45 75 37 75 AC 75 76 75 DE 75 C5 75 A0 75 A4 75 8B 75 80 75 88 75 8E 75 BE 75 FF 75 EA 75 8B 75 6F 75 E2 75 F1 74 FD 74 A0 74 AE 75 6F 75 9C 75 BA 75 C8 76 02 75 7A 75 6C
0x4E84 75 6C 75 68 75 4C 75 0B 75 35 75 61 75 3A 75 76 75 5E 75 42 75 4C 75 2E 75 19 75 32 75 24 75 3E 75 4C 75 7D 75 3E 75 12 75 72 75 64 74 9C 74 68 74 84 75 19 75 3E 75 5A 75 6C 75 AC
0x4EC0 76 82 76 6E 76 5C 76 7F 76 58 76 55 76 66 76 6A 76 32 76 7C 76 6A 76 40 76 55 76 2B 76 0D 76 0A 76 20 76 3C 76 63 76 78 76 78 76 8A 76 86 76 6A 75 8B 75 5A 75 AC 76 32 76 44 76 6A
0x4EFC 76 66 76 C0 76 A4 76 7C 76 7C 76 8F 76 8D 76 82 76 8A 76 8D 76 55 76 92 76 7F 76 63 76 6E 76 44 76 1C 76 0A 76 4E 76 63 76 8E 76 A4 76 8E 76 A8 76 A0 76 8A 75 A8 75 7D 75 A7 76 3C
0x4F38 76 66 76 78 76 82 76 D0 76 82 76 63 76 58 76 55 76 52 76 55 76 52 76 60 76 1D 76 71 76 55 76 36 76 3C 76 28 76 0D 76 14 76 24 76 3C 76 60 76 71 76 82 76 78 76 7C 76 55 75 7A 75 48
0x4F74 75 80 76 0A 76 28 76 55 76 60 76 B9 76 28 76 1B 76 0D 76 1D 76 18 75 EA 75 F4 75 FF 75 DE 76 20 75 F8 75 E1 75 E3 75 E1 75 D0 75 D6 75 DA 75 F4 76 10 76 24 76 2E 76 2B 76 32 76 10
0x4FB0 75 36 74 FD 75 36 75 BA 75 E1 75 FC 76 14 76 6E 76 63 76 4A 76 32 76 4A 76 36 76 0D 76 24 76 36 76 02 76 4A 76 3C 76 0A 76 0D 76 10 76 06 76 02 76 10 76 1D 76 3C 76 55 76 52 76 5C
0x4FEC 76 5C 76 4A 75 64 75 27 75 5E 75 E3 75 FF 76 2E 76 4A 76 92 75 FC 75 EA 75 DA 75 E6 75 E3 75 C2 75 D3 75 E6 75 AC 75 EE 75 DA 75 B7 75 B7 75 B4 75 A4 75 A7 75 BA 75 D3 75 E2 75 FF
0x5028 75 F1 76 0D 76 0A 75 E1 75 0B 74 C8 75 04 75 8E 75 BA 75 D6 75 E3 76 39 75 FF 75 F8 75 E6 75 F8 75 E6 75 CC 75 E3 75 EE 75 B0 75 EA 75 EA 75 C8 75 C8 75 BA 75 99 75 99 75 B0 75 D6
0x5064 75 F1 76 10 76 10 76 10 76 1C 75 F1 75 0B 74 DA 75 16 75 9C 75 C5 75 E6 76 06 76 55 75 C8 75 7D 75 B4 75 BE 75 C5 75 B0 75 BA 75 A4 75 84 75 C2 75 AC 75 80 75 8E 75 96 75 5E 75 61
0x50A0 75 72 75 A4 75 BE 75 D6 75 E1 75 E2 75 E1 75 C2 74 E4 74 B2 74 F6 75 80 75 92 75 7D 75 53 75 E3 76 24 75 E3 76 14 76 2E 76 14 75 F8 76 02 76 14 75 E1 76 24 76 0A 75 F4 75 F4 75 EA
0x50DC 75 D3 75 CC 75 EA 76 02 76 18 76 24 76 3C 76 36 76 3C 76 28 75 45 75 12 75 48 75 E1 75 EE 75 E1 75 92 76 47 7C 49 6D 07 8D CF 03 34 D7 00 D4 2E 8E 5A 62 F4 56 61 01 A6 F6 18 85 A8
0x5118 DE 6A 02 14 FC 44 2B B8 94 3F 66 A2 74 18 B6 6E 95 C3 43 2A F7 95 B9 2B 0F 9B 18 31 A7 A7 AA E9 7C 8D 3C A8 F7 CB 5A 88 A5 CF 6A 39 78 4F 0F 28 98 76 92 FE D6 DE A8 D0 27 31 0B D1
0x5154 F4 3A 98 2F 5F BB 60 18 BC 00 4A 42 A8 D8 7E 6A 2A CD 1C A8 87 D5 9D A2 F5 93 DD 11 53 51 1B 02 A4 8B 94 9C BB 7C EC B4 C2 EC 8A 6A 30 86 24 21 FC 96 24 5C 18 60 8A CC 17 6D EB B0
0x5190 78 13 89 E0 DA FF 41 52 C0 AA 99 06 CC D0 02 B4 E1 AA 2C CA 7A 76 5C A0 BA 60 BD C8 F1 8B 8A 7B E3 6B 42 F0 91 3B A5 BF CE A8 2A D3 6D D0 7A 81 C4 23 34 87 E8 6E B4 FA 31 65 60 D1
0x51CC 2C 83 3B E4 CE 2F 1A 60 CA 5E C2 85 F6 84 82 02 9E E6 BF F0 79 B7 56 F8 F4 FD 20 BD 2C BF EF 41 29 EA 4C 90 0F B7 42 E9 D1 FC 17 0D DA DD C1 1E 0B DE B1 E1 34 AE 16 8C 62 4C 4E 8B
0x5208 28 71 D6 F2 68 4E 6E 71 23 7F 40 2E 7F 68 A2 EA DF 4C 54 10 96 AC A0 11 3D D5 81 91 96 C6 24 89 DF 1D 0B 62 C2 0A E0 93 7A B4 92 0A 1F FC E6 DC 8E 6E 0B D6 63 33 99 F2 30 69 FC 30
0x5244 DE 9F E3 7E 0A 41 20 6A B4 76 0E B4 91 EF FE 0C EB B0 A3 63 7E B7 11 BB F2 67 74 19 99 95 C1 89 73 D8 E6 4A D8 EA 2D 85 9F C6 7A A6 32 BC 8D 87 51 AB EA 4D 91 75 26 DC 45 D2 64 FF
0x5280 80 AA BE EB AA BE EB AA BE EB AA BE EB 0A 00 19 08 0C 03 15 13 88 01 00 01 00 02 80 B2 9D 8C 80 76 6B 18 1C 20 25 29 2E 33 8C 8C 18 04 01 20 02 00 00 01 02 00 06 00 06 03 00 5A 01
0x52BC 01 01 21 00 5A 00 AC 01 27 47 C8 AD BF 35 00 0E 1B 89 66 59 61 1F 16 F7 E7 1F 26 39 C1 70 88 07 09 12 13 03 05 11 13 0C 0D 0D 0F 09 0A 08 09 FF FF FF FF FF FF FF FF FF FF FF FF FF
0x52F8 FF FF FF FF FF FF FF FF FF FF FF FF FF FF FF FF FF FF FF FF FF FF FF FF FF FF FF FF FF FF FF 00 04 5E 08 80 00 00 00 00 2F FF FF 13 88 09 05 05 00 14 05 00 96 04 B2 9D 8C 80 76 6B
0x5334 1C 20 25 29 2E 03 2D 2E 2F 30 31 32 33 34 35 36 FF FF FF FF FF FF FF FF FF FF FF FF FF FF FF FF 37 38 39 3A 3B 3C 3D 3E 3F FF FF FF FF FF FF FF FF FF FF FF FF FF FF FF FF FF 1C 1D
0x5370 19 16 17 1B 1A 18 12 15 13 0D 10 11 0E 0F 0B 0C 09 0A 08 07 06 04 22 1E 14 05 01 03 00 02 FF FF FF FF FF FF FF FF FF FF FF FF FF FF FF FF FF FF 27 26 25 23 24 22 20 21 1F 1C 1E 1D
0x53AC 19 1A 1B 16 17 18 14 FF FF FF FF FF FF FF FF FF FF FF FF FF FF FF FF FF FF FF FF FF FF FF FF FF FF FF FF FF FF FF 00 01 01 02 73 14 3C A2 D5 8B F3 A3 C0 01 08 00 E9 FF EC 00 35 00
0x53E8 35 B4 01 18 00 00 00 00 00 00 00 01 01 01 01 00 00 00 00 00 00 00 00 76 B9 83 6C CD 6A B1 31 98 D4 8C E6 5D 4D 3A 7C 4A 2D FF 78 51 DB 65 22 A9 B9 F7 FC 3C FC 67 94 78 95 B8 10 36
0x5424 08 64 00 5A 00 78 05 05 01 00 FB 16 3B 11 00 0A 9F 09 70 0B 3D 06 70 0D 06 18 DC 17 13 29 4E 1D 99 54 3C 10 5E 6E F8 E3 A6 FD AA 02 14 03 9B 02 72 03 E8 02 8A 00 03 12 DA 1B C8 9D
0x5460 9C 8F 00 49 6A 47 0D B8 87 FE 82 AA 6F EE 5D 06 08 14 16 03 05 11 13 08 09 15 16 04 05 0B 0D 00 00 19 1A 0A 0C 09 0B 0F 11 08 0A FF FF FF FF FF FF FF FF FF FF FF FF FF FF FF FF FF
0x549C FF FF FF FF FF FF FF FF FF FF FF FF FF FF FF 57 4A 59 32 67 2A 26 83 38 D7 2D 39 81 FD 23 1C 11 25 15 02 2D 40 6D 1F DC 82 CE 07 10 EC 57 4A 58 32 66 31 2E BC 5C 08 93 E4 B5 CC 8C
0x54D8 1B 13 24 16 02 25 37 8C DF 0E D3 7C F6 EF 1D 00 DA 00 00 00 00 00 00 00 00 00 00 00 00 00 00 00 00 00 00 00 00 00 00 00 00 00 00 00 00 00 00 00 00 00 00 00 00 00 00 00 00 00 00 00
0x5514 00 00 00 00 00 00 00 00 00 00 00 00 00 00 00 00 00 00 00 00 00 00 00 00 00 00 00 00 00 00 00 FF FF FF FF FF FF FF FF FF FF FF FF FF FF FF FF FF FF FF FF FF FF FF FF FF FF FF FF FF
0x5550 00 AA 00 5A 00 AC 01 27 47 C8 AD BF 35 00 0E 1B 89 66 59 61 1F 16 F7 E7 1F 26 39 C1 70 88 00 00 00 00 01 00 78 24 30 1C 09 60 00 50 00 90 00 C0 05 01 01 01 03 02 00 02 00 00 FF FF
0x558C FF FF FF FF FF FF FF FF FF FF FF FF FF FF FF FF FF FF FF FF FF FF FF FF FF FF 00 00 FF FF FF FF FF FF FF FF FF FF FF FF FF FF FF FF FF FF FF FF FF FF FF FF FF FF FF FF 02 01 02 01
0x55C8 02 02 01 02 01 02 16 17 86 D9 01 00 00 00 01 01 00 00 00 01 23 FA 61 A3 14 71 48 93 20 22 04 01 20 01 13 88 0A 09 05 00 00 13 20 04 22 22 22 01 11 11 44 00 3F FF FF 00 00 01 01 02
0x5604 01 05 18 34 13 88 00 30 02 11 00 80 00 A0 00 C0 02 02 0C 00 80 02 00 00 00 00 00 00 00 00 00 00 00 00 00 00 00 00 00 00 00 00 00 00 00 00 00 F3 F0 B7 1B C5 F4 A2 05 2C 0F 25 43 2C
0x5640 60 19 67 33 6D 18 DC 17 13 13 D2 86 63 2D A8 86 1F AA B6 03 D7 36 A5 2F 89 08 AA 0B 16 11 B3 0B 1B 00 0E 12 DA 1B C8 D7 D9 BC 15 1F 21 AA 7A 8C EF 0F AC F2 EC 72 81 00 00 00 01 01
0x567C 00 00 4B 94 FD D4 E8 08 66 9D 28 06 28 12 28 1C FF FF FF FF FF FF FF FF FF FF FF FF FF FF FF FF FF FF FF FF FF FF FF FF FF FF FF FF FF FF FF FF FF FF FF FF FF FF FF FF FF FF FF FF
0x56B8 FF FF FF FF FF FF FF FF FF FF FF FF FF FF FF FF FF FF FF FF FF FF FF FF FF FF FF FF FF FF FF FF FF FF FF FF FF FF FF FF 0A 13 09 FC 09 EB 09 83 0B 16 0B 16 12 66 11 B3 11 B3 0B 09
0x56F4 0B 1B 0B 6B 00 04 00 0E 00 0E 12 DA 12 DA 12 DA 1B C8 1B C8 1B C8 5D 24 B7 72 C4 AB 59 FF F8 5A 19 43 0D 54 AB 37 31 8C 2B F5 B9 71 33 F8 95 03 7B CB 3D 02 0E 87 8A 4E 3F D4 21 74
0x5730 AF EA F8 D0 01 BE AD AF 5D 6E E9 AA 00 00 00 00 64 00 FF FF FF FF FF FF FF 01 F0 00 FF FF 08 00 00 00 00 00 00 00 00 00 00 00 00 00 00 00 FF A0 A0 00 08 00 00 00 05 32 00 96 01 2C
0x576C 1A 20 2A 32 00 00 02 00 80 DF 38 00 00 00 00 00 02 00 00 8F 50 01 2C 01 2C 00 49 00 22 00 33 00 5D 6B 06 00 00 00 00 00 00 00 00 00 00 00 00 00 00 06 00 00 00 00 00 00 00 00 00 00
0x57A8 00 00 00 00 01 16 00 00 00 00 00 00 00 00 00 00 00 00 00 00 00 00 00 00 00 00 00 00 00 00 00 00 00 00 08 10 10 08 08 08 10 4C 07 0D 0D 3B 82 0E 9C B1 00 00 00 00 00 00 00 FF FF FF
0x57E4 FF FF FF FF FF FF FF FF FF FF FF FF 00 00 24 00 3C FF FA 00 07 00 00 00 00 00 00 00 00 00 00 00 00 00 00 00 00 00 00 00 00 00 00 00 00 00 00 00 00 00 00 00 00 00 00 00 00 00 00 00
0x5820 00 00 00 00 00 00 00 00 00 00 00 00 00 00 00 00 00 00 00 00 00 00 00 00 00 00 00 00 00 00 00 00 00 00 00 00 00 00 00 00 00 00 00 00 00 00 00 00 00 00 00 00 00 00 00 00 00 00 00 00
0x585C 00 00 00 00 00 00 00 00 00 00 00 00 00 00 00 00 00 00 00 00 00 EB AE 14 5D 56 A0 02 A2 21 8A 57 F2 37 4B 97 25 FC FF 01 BE B8 00 00 00 2A 00 0F 00 19 00 36 9E A6 70 D9 B5 FB EA BF
0x5898 FF 02 00 15 00 03 02 4D 01 32 00 00 44 44 06 0C 06 0C 07 0D 07 0D 03 07 03 07 03 07 03 07 B0 40 01 E9 01 00 00 00 00 00 00 00 00 26 00 00 00 00 00 00 00 00 00 00 00 00 00 00 00 00
0x58D4 00 00 00 00 00 00 00 00 00 00 00 00 00 00 00 00 00 00 00 00 00 00 00 00 00 00 00 00 00 00 00 00 00 00 00 00 00 00 00 00 00 00 00 00 00 00 00 00 00 00 00 00 00 00 00 00 00 00 00 00
0x5910 00 00 00 00 00 00 5D 5C 3D 05 00 00 00 00 FE 4B 24 00 3C 00 3C 00 32 00 32 00 00 00 00 00 00 00 D2 02 02 00 B4 13 00 32 7F 10 7F 88 80 00 00 00 8E D9 B6 4A 94 A7 41 72 95 02 00 00
0x594C 00 00 00 00 00 64 00 50 00 01 00 74 00 1A 00 68 00 15 00 5D 00 5D 00 70 00 70 00 70 00 70 00 70 00 70 00 70 00 70 00 70 00 70 00 70 00 70 00 70 00 70 00 70 00 70 00 70 00 70 00 70
0x5988 00 70 00 70 00 67 00 67 00 67 00 6A 00 67 00 67 00 67 00 67 00 64 00 67 00 67 00 67 00 67 00 67 00 67 00 67 00 6A 00 6C 00 6E 00 15 00 13 00 15 00 14 00 15 00 13 00 15 00 15 00 15
0x59C4 00 15 00 15 00 15 00 15 00 15 00 15 00 15 00 15 00 15 00 15 00 15 00 12 00 15 00 17 00 16 00 15 00 17 00 15 00 16 00 1A 00 18 00 12 00 15 00 15 00 15 00 12 00 15 00 15 00 15 00 15
0x5A00 00 19 DA 6D 01 02 04 00 21 0B B8 00 2F 0B B8 37 37 37 37 37 37 11 02 72 D8 00 00 00 00 00 00 00 00 00 00 00 00 00 00 00 00 00 00 00 00 00 00 00 00 00 00 00 00 00 00 00 00 00 00 00
0x5A3C 00 02 07 01 00 00 05 40 15 00 02 80 0A 00 00 00 CF 00 03 FF 00 00 00 0F 80 00 00 00 3C AA A0 00 00 00 00 00 2A 00 00 00 00 00 00 00 00 09 E1 0D 10 07 61 0C 19 08 50 00 00 00 00 00
0x5A78 D8 7F 20 C2 ED 1E D6 9E 8F 99 9A E4 68 96 0E 01 62 01 C7 02 35 03 82 03 AD 00 00 00 00 00 D0 E3 9D C6 F6 E0 F8 AD 2A 74 EF 74 16 23 FE 00 00 00 00 00 00 00 00 00 00 00 00 00 00 00
0x5AB4 29 FA 04 0D 2A C7 00 00 00 00 00 00 00 1C 18 01 00 00 00 00 00 00 00 00 00 00 00 00 00 00 00 00 00 00 00 00 00 00 00 2F 7D FC 00 40 00 00 85 10 58 0C 00 01 00 02 00 50 3C 1E 3C B6
0x5AF0 89 00 04 60 01 30 00 12 07 03 E8 23 00 A1 00 A4 56 30 18 61 00 00 00 00 3C 61 7A 22 53 D8 01 26 CE 39 CA 5E 0B 01 07 C4 EF AC 06 FC 7D 26 1D FD DC A7 C2 87 A1 2B B3 4E D2 D8 B7 8D
0x5B2C 23 37 03 22 22 22 00 01 02 02 1C 2B 1C 2B 08 21 6F DD A2 24 EC 7B 75 1E 14 61 A8 00 00 00 00 0C 01 00 1E 14 61 A8 64 14 02 01 90 00 00 00 00 00 00 00 00 00 00 02 05 0D 64 00 00 00
0x5B68 00 00 02 06 7D 11 6E 00 50 14 00 16 80 00 A0 16 80 00 A0 00 00 00 00 00 00 00 00 00 50 00 4B 00 01 00 A6 00 B1 00 5A 00 50 00 30 00 30 00 46 00 46 00 46 00 46 00 46 00 46 00 46 00
0x5BA4 46 00 46 00 46 00 46 00 46 00 46 00 46 00 46 00 46 00 46 00 46 00 46 00 46 00 46 00 46 00 46 00 46 00 46 00 46 00 46 00 46 00 46 00 46 00 46 00 46 00 46 00 46 00 46 00 46 00 46 00
0x5BE0 46 00 46 00 46 00 0E 00 0E 00 0E 00 0E 00 0E 00 0E 00 0E 00 0E 00 0E 00 0E 00 0E 00 0E 00 0E 00 0E 00 0E 00 0E 00 0E 00 0E 00 0E 00 0E 00 0E 00 0E 00 0E 00 0E 00 0E 00 0E 00 0E 00
0x5C1C 0E 00 0E 00 0E 00 0E 00 0E 00 0E 00 0E 00 0E 00 0E 00 0E 00 0E 00 0E 00 0E 7C 23 00 00 00 1D 8F 68 68 48 28 08 00 00 15 95 00 15 01 09 00 00 06 00 00 00 01 00 00 36 0A 02 0E 10 03
0x5C58 03 00 0F E6 00 00 03 03 00 00 00 00 00 00 00 00 00 00 00 00 00 03 03 00 00 00 00 00 00 00 00 00 00 00 00 00 00 13 00 1F 0B BE 09 92 0B 3D 06 70 0D 06 42 C5 76 28 05 15 68 67 18 0A
0x5C94 A2 27 B6 01 64 7C D9 F3 E5 A6 03 B0 04 55 03 E8 02 8A 00 03 55 B9 23 BD 1E 41 7A 90 ED 48 F5 77 E0 D6 AC 97 ED 6D 00 63 FF 20 01 00 5C 94 5C 00 3C 00 00 01 3A FE 78 9A 87 65 03 00
0x5CD0 20 00 00 00 07 00 01 06 00 00 00 93 55 5A 00 00 00 00 13 01 00 AA 00 8E 00 02 00 01 00 00 00 0C 00 16 00 2A 00 50 02 80 06 40 0B 80 11 80 00 0C 00 16 00 2A 00 50 02 80 06 40 0B 80
0x5D0C 11 80 03 01 00 01 00 00 00 00 00 00 00 00 00 A0 00 01 02 25 03 B5 13 B5 00 01 02 25 03 B5 13 B5 13 B5 1F FF 1F FF 1F FF 00 00 00 00 00 00 00 00 06 0B 15 28 0A 19 2E 46 06 0B 15 28
0x5D48 0A 19 2E 46 28 5A 14 5A 14 02 C8 50 0A C8 FA 00 8C 0A 00 64 CC 01 B3 35 08 3C 1E 3C 3C 03 E8 14 00 00 00 00 00 00 00 00 00 40 00 00 00 00 00 00 00 00 01 00 00 15 B0 C0 B1 C3 6C 20
0x5D84 20 01 44 44 06 0C 06 0C 07 0D 07 0D 03 07 03 07 03 07 03 07 00 00 00 00 B1 00 00 78 00 50 00 78 00 50 00 28 02 79 00 00 00 00 00 00 66 22 49 82 F4 BD 30 1B 6F CC 35 55 66 EC E3 B4
0x5DC0 E4 0E B1 1D 00 28 00 32 00 19 00 36 50 D3 E6 7E B5 A9 CB B9 0C 01 00 1E 14 61 A8 64 14 02 01 90 00 00 5C 00 05 00 04 00 00 00 00 00 00 00 00 00 00 00 00 00 00 00 00 00 00 00 00 00
0x5DFC 00 00 00 00 00 00 55 0C 50 00 C7 80 08 03 50 28 28 41 10 32 0D 19 14 08 0A 0C 1E 28 0A 01 05 03 00 00 00 E9 00 00 B1 2E 9C 5B 8A D2 37 BF 10 AF FE AD C9 4A BA 5B 5F F1 15 CE 41 00
0x5E38 00 07 2B 1C 19 10 33 27 C6 01 E9 02 13 01 3B 01 02 02 03 00 00 01 03 E8 00 00 00 00 00 00 00 78 00 06 8C 64 32 C8 78 05 14 4B 4B 00 45 60 07 00 00 09 60 7F 31 08 06 02 45 06 05 08
0x5E74 04 06 0F 04 9E 10 48 30 92 3C B0 48 79 AA E5 79 00 00 3A 87 00 01 2C 00 00 64 00 01 5A 00 00 64 00 00 00 00 00 00 00 00 36 95 00 00 36 95 00 00 00 00 00 00 31 51 00 00 31 51 00 27
0x5EB0 E5 FF FF 40 CD 9E 67 87 00 01 11 40 09 C5 00 00 00 00 00 00 00 00 00 00 00 00 10 10 10 20 00 00 00 00 00 00 00 00 00 00 00 00 03 35 33 00 00 00 00 00 00 01 8C 64 C8 78 00 00 00 00
0x5EEC B6 BF 46 00 00 12 14 03 05 64 68 48 28 08 00 64 46 B7 00 00 7F 10 80 00 00 00 00 3C 00 3C 00 01 00 E0 00 1F 1B 0B DE 09 C5 0D 21 0A D6 0D 06 4D 6C BE A4 29 4E 04 39 04 7F 00 6F 01
0x5F28 4C 00 03 59 F0 AC 34 9D 9C 5C 5D 5D 58 00 00 00 00 05 03 28 28 28 28 28 28 01 35 BC 00 7F 00 02 58 00 C8 63 C4 DE 05 3C 2A 23 10 93 07 FD 29 66 AE 3A 15 2A E0 6A 69 06 CB 63 14 32
0x5F64 00 00 00 B0 A2 B2 C6 01 00 57 20 C3 74 00 00 20 32 02 00 8C 00 64 00 00 00 72 A0 B7 2B 03 10 08 10 04 20 10 40 40 02 00 00 00 00 00 00 01 00 00 01 01 01 02 FD AF 01 02 03 EE 48 4A
0x5FA0 BD F1 BA FC 7C A7 64 18 BB 12 EE FB 9D 77 03 28 F4 BE 11 8F D6 D9 01 29 F8 3C 18 6A 0A F4 60 9F 3C 3A 06 1F C2 59 2D 88 F1 7F 71 2B DD F1 09 1A 17 6D DE 4C 8C D9 EB A6 4F DB 10 B7
0x5FDC 57 88 1E B9 73 76 46 A0 6E 3D 5D 22 43 CB B4 09 FE F7 D5 D4 2C 14 F7 85 F6 17 4A 14 6A 88 5C 52 89 FD 98 13 03 E1 1D 0C 8E 6F 77 A0 C3 07 C6 25 6B 0C 81 E0 31 9F 03 00 F7 84 B2 31
0x6018 D3 4E 60 98 66 5D D0 09 EF B6 A4 35 38 D1 30 31 2C 1F 28 9E DD 9B 08 01 E4 38 44 06 5D 11 14 0E 7F 7D 8C 48 9D 67 9D A9 AF 67 5C 0C 54 DE 42 44 DA 5C 68 06 89 3F 0D B0 7C 01 90 44
0x6054 58 EA 2C 60 A3 99 BA 81 7B FE 9C 08 78 63 79 01 55 4F C4 12 EA 2D 31 AC 51 E6 08 8B B3 AE 08 EE 0D 75 E0 4D C8 FA D3 86 E7 04 F1 2C D7 2B 35 6D A2 EB 31 54 AB 70 3A D4 BA CC 84 93
0x6090 DA B5 15 84 D0 E3 15 F9 E8 8E 38 86 69 0E C7 2E 65 7B A1 33 9F 17 3C 19 BA E8 02 9E 5C 66 70 F6 96 DF D4 85 14 7D 90 99 5C A7 5E 60 05 86 98 F6 4E 2B 45 84 0D 61 4A B0 C8 D1 E0 01
0x60CC 91 B7 FA 01 99 B7 19 9D 7A 4A B0 48 A6 19 CD 8A 02 80 11 B1 F0 7C C5 63 5E F0 00 5B D7 3E 84 C6 B2 6B 11 BB 0F 75 50 E8 D2 7C 91 47 B6 70 0F 69 2D AF F2 C4 FD 96 02 08 37 14 69 20
0x6108 B2 69 76 77 97 26 10 89 FA E5 78 FE 0F 5B DB 3C BB 39 0A E8 8A F0 27 C3 6C F5 43 74 FD 3B F1 44 3F DF 90 A4 B7 8A 35 28 B3 3A 4E 4C 9A F7 90 C3 8D 6F 07 C6 E7 95 82 D3 EC C1 00 44
0x6144 C0 6A C0 2C 85 B3 78 88 49 DD 40 B5 D5 40 5C 68 BE 49 E5 AE 58 67 B1 22 B6 94 D8 09 C0 6D 56 A9 3D 93 F5 58 6A 70 24 7F AD 0F F1 D9 BA D8 15 1C 96 77 8D F7 6D 4E C6 80 FE A5 E5 20
0x6180 0E B2 A0 23 1E C9 DC 86 FE A7 7E 80 A1 00 2A 88 66 2C D2 92 30 FC 84 51 0E 50 C0 14 98 E1 44 7D 26 7E D6 0A BB 3B CE 60 CB 23 1B 06 9C 0D 75 4E DC 11 89 16 5C 4D 1A 85 9A F0 68 38
0x61BC 86 B7 96 10 67 9C 90 C3 E9 EB 09 3A D0 89 C3 8A A8 78 03 37 8A B9 32 46 65 66 DD F3 88 F7 1A F3 41 4A 06 75 FE 63 03 18 29 8B 66 30 63 9E E5 3B C7 EE C2 9D D2 1D C3 6E B9 DE 14 6F
0x61F8 1F 55 03 0B 1B 0C BA FC 51 5C 7B B1 43 D7 61 04 C9 0B 21 F5 AB 17 48 54 98 64 C1 4D 67 CA 9E B7 DF E1 F6 07 51 0F 8A 35 57 F7 83 50 D4 0B 48 35 71 BE 2D 03 A2 BA BC EC B2 C8 C9 85
0x6234 CF F2 D3 41 B3 55 B1 69 1F FE C7 43 8C 18 E1 8A 2A E9 F6 85 77 74 88 A5 5A D6 97 28 C1 5C 42 C0 E4 85 58 5E 01 49 29 05 ED 43 D0 22 1C 77 81 3A ED DF 02 16 D8 E3 9A 75 80 39 2F 59
0x6270 71 3C 03 CB A3 DA 09 07 0F 91 9F 73 AE EB FB 3D 28 9A 04 BF 21 76 57 27 2C EE 04 A0 97 BB B1 98 A8 81 98 C5 F3 C7 54 88 3B EF 69 56 8D 06 4F B5 8C 5B E6 CC 7E 97 B5 EF 33 A8 B6 63
0x62AC 59 B5 57 23 82 74 1E 51 2F 82 50 50 ED F9 CA AE 41 8A F9 B9 D8 0D 2E E9 CF CF 72 41 F0 4F 14 78 19 6C 5C 5C D1 67 04 EE E6 DC 5B CE 9F DE 3B EA 2B 55 AC 24 E3 CA C4 37 16 77 97 3D
0x62E8 07 45 60 1F 05 86 78 1A 5E 8F 85 ED CD F1 18 43 51 59 88 CE FE 82 68 D0 A4 97 EF 13 27 A3 4C 22 78 4D 9D EC 7B 8A C7 73 CD BD 2C 7C 10 05 0E 1D 72 3D CB 27 F3 BE DB 76 1C 9F 2B 90
0x6324 AF 52 A6 59 61 E6 CE 3C 76 39 1D C1 9F 9C CC 30 4F 72 EA 8E 69 0A 0E 68 4F E8 01 29 53 6A 18 AA D6 A3 82 5F D0 9B 86 E4 FE 72 B0 11 10 D9 D5 81 3F 22 DE 73 D5 DB DF 02 DE 5B AD 71
0x6360 CF 26 2C 79 2E D4 B0 F9 8D 68 78 63 C3 1C C2 00 50 1C 9B 84 7D AF 02 33 6E E8 E3 38 B7 26 3E 85 02 71 AC F9 3B 58 B1 88 BE 0D FC 24 EA 2F 11 F9 F7 B7 7C 38 5B 11 03 D3 13 CF F0 C7
0x639C 29 48 A4 93 7E D3 64 B1 5E DE A0 F7 FC B8 BD 29 3D 53 40 62 72 13 B3 8A A4 CB E2 B1 3F 7E 6D 19 C9 B2 D2 F9 D5 8B 3D 65 6E 4B 13 15 F0 07 BA 70 4A D4 DB 10 CB A7 21 4A FB 36 7B 60
0x63D8 D5 5D 56 67 54 71 E0 43 E7 F6 FE 7D AB 75 10 89 60 A7 8B E1 BD 3E 6C 04 97 B7 66 1E E0 DB 77 66 BD 37 5B D1 03 6A E1 B0 CE B1 70 9A 3C 4A ED 7B 56 5E FC ED 66 C7 40 C5 7D EE 06 B6
0x6414 F3 75 C4 36 FB DF 23 0B AF C8 53 53 7F EB B1 0D 46 E1 DF 11 7B DF 70 2C FA 2F 6C 8B ED 4E 3B 25 6E FB BC 2A 4F 17 2A FA A9 84 E2 1C F9 B9 52 F3 7B B7 D8 3E 29 1D EC 30 E9 E5 CE 30
0x6450 2F F4 96 32 68 A5 66 1A 33 5D D0 60 BF 08 C5 21 AF F4 89 02 EE FC 71 57 21 83 53 81 4F 3B D1 4B D0 FB 9D 73 61 AE 42 4E 38 BE 23 13 FE BF DF F9 A8 EE 54 04 23 E0 98 55 53 13 F4 ED
0x648C FC E8 77 1F F7 17 7E 10 94 E5 36 80 28 8D 40 4C 8D BD 55 37 4F F5 B7 5A 53 EE 43 E1 74 D6 5E 67 BB D8 36 74 EF B1 AE 02 A5 DE BF 98 61 3C 18 DC 5F 7F 6A F8 12 66 49 4C 2D 65 3A 05
0x64C8 F6 A9 CA 66 36 93 78 C3 B4 EC 38 F2 65 3C 46 3D 2E 78 65 DA 11 C9 17 0B B7 CC AF 2C A6 AF 29 52 B8 44 F3 A6 D6 49 4C 0A 7E 33 31 BF AF 0C 97 3F 9F 3C 99 4B FE DE 58 D8 66 DB 10 9D
0x6504 FD CA 70 AA E6 68 1E 10 FC DE C4 AD 9B 3D 86 3D 32 EE 60 C5 DA 5B 4D 9E 3D 50 13 3D 0F 94 44 02 AD 4F 2B 2D DF 3D F3 B0 35 7E 7C 6A 67 80 AE 15 C7 88 94 75 FB 4F 98 8D E0 B8 D7 70
0x6540 6C E2 80 88 63 BB B2 7B 98 4A 2A F2 3C BF 4A 57 8D 75 9E F8 C0 3B 6F 31 0D 5F 54 7F BF 79 32 9C 9D 20 DB 81 EC 56 D2 1D EB BE 07 40 EA EC 79 CF 73 E6 10 60 CF 3A 78 F4 7B 7D C5 AB
0x657C E1 98 72 DA B8 05 FC A1 47 42 B8 D6 62 BB 3A F5 6C 59 6B FC F9 1E 42 AC FE 59 57 94 95 78 9C D7 BD 97 E5 D8 B2 DC 2E D0 FF 36 02 C5 EE EF A5 15 D5 D8 16 C5 AC E9 21 31 32 F5 97 54
0x65B8 22 44 70 6A C3 A9 F6 9B A4 F1 CC 3D A0 AC A4 A6 D8 DF FA 18 81 45 AC 8E C6 57 8A 03 DE 4C C1 FC F8 36 14 22 A8 32 5E 52 85 D6 7A 86 3E EE A6 B8 8D 35 81 0B 7E 8B CC EC 6E F5 B2 43
0x65F4 47 75 C0 94 75 72 1B 9E 64 54 D4 A7 20 D2 FA 8C 3C 7B 4E 4C B6 17 3C 8F 49 C7 2B E5 CD A6 34 52 76 1A 82 AE EA 2A 6E 0B B6 31 C0 2C 2D A4 22 36 2F CA 27 24 F5 DE 90 AC AE B6 2C 8D
0x6630 D7 9A 87 7D 5B 9D 00 66 7C F5 69 50 FD 46 BB 8F 13 45 65 0F F4 AE 01 18 B3 50 BB 95 A3 E4 62 0A B6 13 C7 A4 3D 25 84 A4 A0 05 F0 03 87 E1 22 A3 63 F2 95 14 CE 5C 4F C0 86 55 08 27
0x666C E6 1B 38 50 9E D3 AF D9 13 8E 1E D4 25 1B 80 CE 9F ED 95 A0 A2 17 0C 14 E0 04 47 A6 B2 E7 99 FB E7 B7 00 DD 78 4D AC 3C 55 EA 63 94 8C E5 FD 41 87 3F 68 86 63 FD 26 81 7D 5A 9A BC
0x66A8 5E A9 6A 17 3B D6 C3 2E B3 BF A3 18 72 6F 1D 17 8F 2B CB 38 67 45 69 50 FF 99 95 84 39 33 20 2F D5 9C 53 0A FA 96 0C 63 78 D4 6B 64 FC C2 E0 F0 89 53 18 4E 58 29 28 1A 68 1D 19 64
0x66E4 D4 9D 3E D4 49 BE A3 F4 B6 E4 98 42 C7 BD D7 EC C3 23 B1 C7 BD 0A C4 99 F6 D7 7F F3 4B 67 82 C8 0C 06 16 B2 43 2A C8 E8 50 2F B1 B5 3C 0F F5 A1 A5 C4 E2 66 FF C1 6C 68 2A DD 88 44
0x6720 32 B6 45 38 D3 6A F4 3C 63 44 67 39 F6 21 D7 23 87 AE 25 30 FA 8F BC 8D EF 33 8A 2C 22 4E A3 D4 59 AC 1A 2A 72 E1 4A 8C 6F FF 8B F9 DB 45 B0 B5 F4 8E 8E 6B 32 61 32 85 E8 CD 40 2B
0x675C 6C BB 8A 86 D7 CC 10 24 B5 AF F4 9B 3F B9 57 5D B9 D3 1B 3D BD 94 95 16 E5 CC FC 0D D7 76 AA A6 63 2F 9C A4 84 EE 94 59 D9 93 44 D0 5A 6F 86 D7 6E AC 60 8D 93 FB 59 8C 9B 74 99 10
0x6798 C6 D2 CD C7 20 B1 2B 9B 04 18 21 ED A7 DF 68 20 FC 89 58 1E CF DF 61 AA 81 5A 76 CB 5F F6 8A F1 AB 3F 3A E9 EF E3 05 33 98 2A 74 D6 13 AA 00 13 5B 0E 35 1F 43 F2 84 49 8C 1E C6 0C
0x67D4 05 2F 3A FE F2 42 37 C4 19 4F 5A 40 B1 3E 14 DD 4E EE A6 5E 18 72 23 E9 86 A9 99 CC 48 61 42 28 B1 8D 6E 98 F6 DF 75 87 84 EB 0C 52 F5 B6 64 17 51 2E 6F 00 E5 8E F0 A0 E7 F1 0F 08
0x6810 AD D0 A4 26 84 16 0F 06 DA F5 D3 5D E9 C6 A7 74 25 1D 96 CF D3 73 3D A6 91 5B 0F FD 6B D4 E3 26 0E 7E D5 B0 5E 9D A6 1F 8E B5 12 FF 45 C4 36 AB AF 52 65 44 85 94 C8 CB CF B5 58 94
0x684C EA B9 4A 7C 7D D3 1B D9 29 0B 7A 69 FF 3D 95 EC 1B 1B C5 C3 5A 0C 16 BA E9 67 FB A4 49 3F 1A 62 BC 89 9D 13 F2 77 29 17 4F 57 1F 82 A9 72 25 D8 78 33 4E 93 A4 13 F4 96 03 7D FE C6
0x6888 09 50 53 7A 1E 81 59 70 E3 A3 6A 25 13 86 08 FA 56 BF C6 F7 32 69 A0 CB F1 05 9C 33 C7 3B 70 E3 2E A7 83 21 94 44 87 19 F9 EA 23 21 FC A5 03 F7 A9 0C D6 CC 3C 7B B0 92 70 CE A7 56
0x68C4 07 30 1A 45 47 D0 51 F1 3F A2 09 45 2F 22 C3 2E 21 E7 8E 49 2E 21 67 24 EF 0B 69 0C DC 75 67 33 8B 0A B7 81 EB 8D 90 C5 53 8B C1 2A 4A F4 9C F5 E1 75 94 A6 56 CE E2 04 1F 4F 89 68
0x6900 D4 AB B8 79 76 49 5E 02 84 9C AE EC 4C 36 2B 7C FE E6 50 8B 17 97 1A 0E F6 74 B7 65 EE D6 59 D6 62 B5 FE B3 11 16 77 30 11 DD 47 A4 9F 0F 3A 59 0A BA 62 30 2A EF FC 46 E0 46 BA 75
0x693C 9E E0 C5 29 5C 71 0B 8D E0 69 01 2F 55 9C 3E DC 86 47 BD 39 CD BC 8E 40 CC 7E 80 C6 E9 54 70 7F 4A 1F 8A D4 B6 BF 0C 80 DD 57 28 C3 B1 A9 00 D1 8A A2 15 72 3D D0 53 5E F1 D8 3B 89
0x6978 E2 7D D4 17 62 2F FC 50 FB 64 27 41 83 4B A1 70 9B 1E FC 51 57 66 29 92 A2 AD F0 14 9C 2F CC 75 F9 30 14 AC 6A 13 AF 04 67 7C 5C 08 63 EB 00 66 16 91 3B 10 24 7A 8C 80 E7 AE 08 92
0x69B4 61 CB E7 13 64 9C 43 83 2A 3B FA 8E A2 BE 59 4D 1B 8F 0E 52 0A 6A A6 8D CF F5 8E 04 CE FB 05 BD F1 78 12 E3 A7 85 F0 72 3A 6C AD BC E3 F0 64 F9 E2 EC 37 C4 E5 A9 78 9F 3B B5 8A F8
0x69F0 ED D4 38 30 83 1D 6D CA EF 24 80 01 5B 9F 55 80 C6 1E 8D 8C 7A 9B CE 49 DF EB 5A F0 89 15 34 B6 C9 59 0C C3 2F 92 44 22 AF 0D E6 05 2D E6 6E 34 F5 23 B8 C0 22 79 88 AB 2E D6 E0 11
0x6A2C 34 B7 CC 0C 8F 86 80 1B 8E EE 39 97 EF F5 11 E9 77 67 73 1A EA BD EA B1 A0 E7 B6 20 7F 7B C3 39 A8 21 63 AB C3 E6 2B C0 64 A0 60 70 5D D5 37 55 3E 33 26 07 F7 F9 1E 4A F9 72 8D C8
0x6A68 A8 BA 61 B5 79 FF 81 4C FC 9F E5 4F DE C7 7A 99 4F 96 55 8A D5 96 E1 3A DD 93 58 68 7B 17 3B 96 FF 7F 8F 3E 6A DD 62 80 F6 B1 ED 96 DB 5F 47 81 66 3E 14 4C 97 DA 38 BA A8 3A 72 4A
0x6AA4 4F A2 10 B8 9F 47 D7 0B C5 EF 68 AE A1 E7 A0 D1 0D 39 18 B4 8A 44 04 A8 4F 9E 5B F2 DA 97 08 99 10 1E 50 C5 E1 B9 1D 4F A2 D0 F4 82 A4 E6 40 9D 8B C6 25 3C E3 1C DE 94 8C DC A9 D2
0x6AE0 5D B3 3B 36 E2 6A 6B C2 91 EB 99 10 D3 66 60 60 FC B7 9C 68 85 B3 68 1B 4D 35 92 B3 C6 D4 C3 54 E0 F1 84 83 9F DA BE 2A EA EF 1C 61 E9 34 24 E9 2E 7C 00 D4 BC 37 A1 68 E3 4A 21 B0
0x6B1C 6E 66 8E BC B0 E9 6C 05 36 6A 77 94 C2 75 47 88 6F 99 52 02 99 A7 41 C3 9E CC ED D1 99 5D D3 C0 FC 9C 20 02 B9 EF 05 37 E4 B1 70 0E 8D 29 67 1E 4E F6 7C E1 6D ED C8 D3 E8 33 70 20
0x6B58 99 6B A6 8B 5C 1D 12 EA 73 D1 C7 84 AF 8B 52 05 C1 35 6D DC E1 B9 5F 30 5B B0 50 81 31 76 30 00 0D FC F3 0E C8 88 70 92 20 9C B2 70 16 9E 8B 00 FD FB 1E 83 0B 6D ED 3E 9D 58 03 08
0x6B94 EE 14 C9 07 9F E8 CE 7F 6E 0E D8 0E 4B 9F FC D6 7F F9 02 36 1F 8D D1 E5 C2 F5 90 58 DF D9 33 95 EB E9 76 37 7D FB 45 4B AA E7 19 72 A4 5F CA 7A 90 69 A0 22 2C 35 34 28 12 8F 95 06
0x6BD0 9C 18 C2 95 B0 8C 92 50 FA 1B 14 A7 F1 3E D0 57 E3 C7 C7 46 4C 5F 85 3E 7F 1D 25 C5 B3 B7 46 93 6F B4 9F 25 DC 6B A1 3C E9 2C C8 27 E7 61 9F 8F 79 5F 2A 20 AE 81 11 D2 E7 23 87 2C
0x6C0C E9 E2 A4 6B 1F 3A 80 97 9B 40 2E 04 A4 C9 74 D9 6C AA 3D EC 00 00 00 00 00 00 00 00 00 00 00 00 00 00 00 00 00 00 00 00 00 00 00 00 00 00 00 00 00 00 00 00 00 00 00 00 00 00 00 00
0x6C48 00 02 00 0C 00 0A 00 0A 00 03 00 06 00 08 00 0A 00 06 00 09 00 0A 00 07 00 09 00 09 00 0B 00 08 00 00 00 01 00 07 00 04 00 06 00 05 00 07 00 02 00 02 00 03 00 06 00 04 00 04 00 02
0x6C84 00 00 00 00 00 00 00 00 00 00 00 00 00 00 00 00 00 00 00 00 00 00 00 00 00 00 00 00 00 00 00 00 00 00 00 00 00 00 00 00 00 00 00 00 00 00 00 00 00 00 00 00 00 00 00 00 00 00 00 00
0x6CC0 00 00 00 00 00 00 00 00 00 00 00 00 00 00 00 00 00 00 00 00 00 00 00 00 00 00 00 00 00 00 00 00 00 00 00 00 00 00 00 00 00 00 00 00 00 00 00 00 00 00 00 00 00 00 00 00 00 00 00 00
0x6CFC 00 10 00 11 00 10 00 10 00 16 00 13 00 15 00 13 00 14 00 13 00 0E 00 00 00 00 00 0A 00 11 00 15 00 14 00 11 00 0F 00 14 00 12 00 14 00 11 00 10 00 0A 00 09 00 08 00 0B 00 08 00 03
0x6D38 00 00 00 00 00 00 00 00 00 00 00 00 00 00 00 00 00 00 00 00 00 00 00 00 00 00 00 00 00 00 00 00 00 00 00 00 00 00 00 00 00 00 00 00 00 00 00 00 00 00 00 00 00 00 00 00 00 00 00 00
0x6D74 00 00 00 00 00 00 00 00 00 00 00 00 00 00 00 00 00 00 00 00 00 00 00 00 00 00 00 00 00 00 00 00 00 00 00 00 00 00 00 00 00 00 00 00 00 00 00 00 00 00 00 00 00 00 00 00 00 00 00 00
0x6DB0 00 00 00 00 00 00 00 00 00 00 00 00 00 00 00 00 00 00 00 00 00 00 00 00 00 00 00 00 00 00 00 00 00 00 00 00 00 00 00 00 00 00 00 00 00 00 00 00 00 00 00 00 00 00 00 00 00 00 00 00
0x6DEC 00 08 00 07 00 04 00 00 00 07 00 09 00 0B 00 08 00 09 00 08 00 07 00 06 00 05 00 06 00 09 00 09 00 04 00 07 00 06 00 05 00 03 00 03 00 03 00 04 00 03 00 03 00 05 00 06 00 05 00 06
0x6E28 00 03 00 03 00 04 00 03 00 01 00 00 00 0A 00 0C 00 0A 00 08 00 07 00 07 00 05 00 07 00 07 00 06 00 04 00 00 00 08 00 09 00 08 00 05 00 05 00 04 00 01 00 0E 00 0F 00 0F 00 10 00 0E
0x6E64 00 00 00 00 00 00 00 00 00 00 00 00 00 00 00 00 00 00 00 00 00 00 00 00 00 00 00 00 00 00 00 00 00 00 00 00 00 00 00 00 00 00 00 00 00 00 00 00 00 00 00 00 00 00 00 00 00 00 00 00
0x6EA0 00 00 00 00 00 00 00 00 00 00 00 00 00 00 00 00 00 00 00 00 00 00 00 00 00 00 00 00 00 00 00 00 00 00 00 00 00 00 00 00 00 00 00 00 00 00 00 00 00 00 00 00 00 00 00 00 00 00 00 00
0x6EDC 00 00 00 00 00 00 00 00 00 00 00 00 00 00 00 00 00 00 00 00 00 00 00 00 00 00 00 00 00 00 00 00 00 00 00 00 00 00 00 00 00 00 00 00 00 00 00 00 00 00 00 00 00 00 00 00 00 00 00 00
0x6F18 00 00 00 00 00 00 00 00 00 00 00 00 00 00 00 00 00 00 00 00 00 00 00 00 00 00 00 00 00 00 00 00 00 00 00 00 00 00 00 00 00 00 00 00 00 00 00 00 00 00 00 00 00 00 00 00 00 00 00 00
0x6F54 00 00 00 00 00 00 00 00 00 00 00 00 00 00 00 00 00 00 00 00 00 00 00 00 00 00 00 00 00 00 00 00 00 00 00 00 00 00 00 00 00 00 00 00 00 00 00 00 00 00 00 00 00 00 00 00 00 00 00 00
0x6F90 00 05 00 03 00 06 00 08 00 07 00 05 00 05 00 01 00 04 00 05 00 05 00 04 00 03 00 06 00 02 00 00 00 09 00 09 00 0C 00 08 00 08 00 0A 00 07 00 09 00 07 00 08 00 09 00 08 00 08 00 06
0x6FCC 00 03 00 04 00 01 00 01 00 00 00 09 00 0A 00 0D 00 0B 00 09 00 0B 00 0C 00 00 00 02 00 05 00 0B 00 0D 00 09 00 09 00 09 00 05 00 06 00 0A 00 05 00 0F 00 11 00 11 00 12 00 11 00 0F
0x7008 00 00 00 00 00 00 00 00 00 00 00 00 00 00 00 00 00 00 00 00 00 00 00 00 00 00 00 00 00 00 00 00 00 00 00 00 00 00 00 00 00 00 00 00 00 00 00 00 00 00 00 00 00 00 00 00 00 00 00 00
0x7044 00 00 00 00 00 00 00 00 00 00 00 00 00 00 00 00 00 00 00 00 00 00 00 00 00 00 00 00 00 00 00 00 00 00 00 00 00 00 00 00 00 00 00 00 00 00 00 00 00 00 00 00 00 00 00 00 00 00 00 00
0x7080 00 00 00 00 00 00 00 00 00 00 00 00 00 00 00 00 00 00 00 00 00 00 00 00 00 00 00 00 00 00 00 00 00 00 00 00 00 00 00 00 00 00 00 00 00 00 00 00 00 00 00 00 00 00 00 00 00 00 00 00
0x70BC 00 00 00 00 00 00 00 00 00 00 00 00 00 00 00 00 00 00 00 00 00 00 00 00 00 00 00 00 00 00 00 00 00 00 00 00 AA AB 6A A4 F5 3C E0 2E 3D 4F E5 93 FF A9 01 E7 1D F9 A0 F4 96 DE A3 69
0x70F8 36 97 92 26 E2 A9 89 03 9C 8B 0A 54 5A AA 66 32 DB A8 12 81 8A EB 8C 58 12 C9 08 28 7B 93 0D F5 13 ED C8 26 27 F7 B3 CF D2 29 AB 87 DA F1 71 6A 37 F3 2B 2A 34 7E 74 D9 FE 78 E9 0B
0x7134 CD 51 C8 24 7D FD C3 BC 72 D3 4B A3 97 F3 78 3A D6 EA AA 6C 62 72 34 C5 3A D0 56 CD 23 4C 21 9C 31 BA 0E 0D 0C 94 F6 CD DC EE 62 E3 65 0F C7 C6 DE 36 89 74 FF FB 88 64 19 D6 13 A7
0x7170 15 93 E3 5E 65 2D 4F 2B 8A 4D 29 F1 81 CB 4C DF A0 85 46 1B 3D 8D ED 52 4A 29 02 44 B9 B7 0E 36 F6 35 28 5F 6B 5D 62 E4 09 88 9D D1 6E 49 4A 45 CB DF 23 7D 17 57 93 52 DB 9C AB 11
0x71AC 79 4D 0A C0 37 D8 C8 C0 F9 9A 2F 8E 4E C6 01 10 DE 99 41 54 A8 71 62 89 97 3D E6 46 F3 9E 96 48 23 D0 8E AB DB 92 2A 63 5C 84 F4 B7 5E 12 6B 3F 29 40 15 4A F9 D4 A1 98 B6 9E 05 63
0x71E8 9B 9A 09 41 7D D4 AD 59 C2 D3 28 E4 F9 51 27 48 DA C8 D4 13 E1 18 20 E2 51 AB C2 3E F8 75 8E 0B 06 6C 36 0E E6 98 F0 06 F1 8B B4 03 33 F8 74 77 98 36 CD A0 BA D5 1B 5E 47 E3 F0 25
0x7224 22 52 CC 1C 98 A8 16 90 68 7F AE 40 B8 2B 04 88 D7 D2 8A ED C1 9A 5F 4A C7 59 3D F5 9E FD 96 1E E5 74 C9 9D EE E6 3D AA 49 39 4E EA 1C 99 4E 8B 16 0E 0A BF 6E 9B EC 57 9D 5C 4D 7E
0x7260 00 02 00 00 00 01 00 00 00 01 00 01 00 01 00 02 00 02 00 01 00 01 00 02 00 01 00 01 00 01 00 01 00 00 00 02 00 01 00 01 00 01 00 00 00 02 00 01 00 01 00 00 00 01 00 01 00 01 00 01
0x729C 00 01 00 01 00 00 00 00 00 00 00 00 00 00 00 00 00 00 00 00 00 00 00 00 00 00 00 00 00 00 00 00 00 00 00 00 00 00 00 00 00 00 DD 2D D7 C3 BB DD FF CF 36 AD 59 DB B5 48 CF 44 B5 27
0x72D8 00 01 00 01 00 01 00 00 00 01 00 01 00 02 00 02 00 02 00 01 00 02 00 01 00 03 00 01 00 01 00 01 00 01 00 01 00 01 00 00 00 02 00 01 00 01 00 01 00 00 00 01 00 02 00 03 00 02 00 02
0x7314 00 00 00 01 00 01 00 01 00 00 00 01 00 00 00 01 00 02 00 02 00 01 00 01 00 00 00 01 00 01 00 01 00 01 00 01 00 01 00 00 00 01 00 02 00 00 00 01 00 01 00 01 00 01 00 00 00 01 00 01
0x7350 00 01 00 02 00 02 00 01 8F EE 2F 3D C3 C3 80 A2 AE 76 46 FA 33 53 09 81 07 7B B7 0B 91 13 2C 89 49 E6 08 04 AF F8 1F 1A D7 F5 58 10 7E E9 66 EA 3E C3 E1 AB 5E A7 B3 16 9E F9 51 A4
0x738C E7 8F 25 55 EA 60 D1 EA 18 DE 02 77 6D 22 CF 3C E5 B7 DC A5 F5 D9 C4 A8 B4 A3 08 E0 77 BE 34 61 B7 98 20 92 15 71 73 2A B5 44 65 E7 9F 5F 12 D4 15 C5 B0 2F 54 D8 38 06 AD 5E 34 1E
0x73C8 DF 18 EA 99 F9 8F 42 2A 1E 8E 1E B2 82 C7 61 E8 42 E3 02 1C D4 A2 28 08 CF 29 5B 42 D4 06 4A 80 7F E3 06 84 C5 C4 8C 4D 10 39 99 AA BB CE 50 52 8E 7B 0E 73 AE 57 C3 D4 70 8B 7E 04
0x7404 CD CE D9 96 0C AD EC C9 0D 28 B2 25 B2 FD 6C D4 95 6C 14 81 F9 1E 04 6F 87 A0 91 2F 99 ED 6F AB 64 4D 18 1A 74 E5 A4 BA D7 57 F1 83 C6 FC A4 73 3E 20 F3 06 AD 5B 3C 89 33 62 86 41
0x7440 5A 9E BC 1B 9F 8E 65 52 FA E5 98 54 F1 9C 6E 43 7A B7 2B B0 D1 AC 16 28 CB 2C AC 4C 29 C1 CC 03 59 76 CF C6 05 6D 10 11 F6 87 6F D3 D3 D1 2D CB DA EB 60 17 37 0A DA BC B5 43 98 8C
0x747C 4B 77 62 D4 0B BE E6 2E CE F2 D1 19 EB F2 CD 92 41 3C B4 92 65 FD F0 1A 9F 66 F1 82 DE 49 97 97 D9 90 B2 21 5F 0F 22 21 E7 6A 68 42 A1 67 65 D1 89 85 A2 21 07 F1 2E 40 FD 3C 15 C3
0x74B8 C9 CD 81 34 6D DA 9A DD 19 C2 E5 97 BD E3 F8 5E FE 59 ED D6 BF 18 DB CB BB 37 40 57 DB 50 DA 20 A8 7A 1C 48 2F D6 C5 16 C5 A2 9A 18 9E 41 9C C3 C5 EF 3A 40 76 FB 12 D0 8F 92 06 8E
0x74F4 FB 04 F4 59 89 CF 48 3C 23 21 C9 DE F4 BD 86 30 83 EB 0F 5A 22 79 88 3C 6D FB 00 8C 55 B4 73 20 95 CA F6 D9 EB F7 A8 7D BD F3 40 66 E5 47 50 B0 EE B4 C3 82 F3 EC C5 91 4D C7 BA 0B
0x7530 EF D1 74 00 ED E9 96 03 AB EB 3A 7A 5E F3 9A 86 E7 DE 3F 90 5A 8D 80 E9 D9 DB C9 C9 9F 59 6D 02 DE A9 82 33 28 E3 D8 81 63 96 55 0E 93 9F 01 44 7C 17 62 D2 74 DD 54 4F E8 18 AC A6
0x756C BB C9 BB 40 AF DB 49 83 31 69 86 CD 87 2A 19 9B 36 52 48 D1 3E 3E E9 BA A5 0C 50 B7 A5 A1 4A D0 D1 D7 12 40 74 38 0B C2 88 B5 22 8D 32 70 95 10 B4 77 2E 5B 10 DC 31 F2 A7 5F 76 3B
0x75A8 78 A3 EE E1 E5 FC 61 14 63 46 00 CF CE 17 BA 64 E2 02 A4 A2 CB CA A0 BB DA F2 CC A2 C0 58 50 6F B5 98 D8 61 E8 8B F8 EE 36 E5 45 2F 05 2C 6F 74 34 6E CC 61 FA 8B 11 45 EB 79 A1 9A
0x75E4 BC FC 8F 9A A6 DC A3 00 8C CF E1 3F 60 BA 21 C3 D4 7E B2 FB 51 A7 62 0D 90 9E 82 34 5A 89 9A 22 C5 BE 7A 13 91 04 B1 8C DA 2F E0 9C FE E9 41 03 BF 69 F8 B3 4E 7C 79 20 35 AB 3D FA
0x7620 6E 3C 63 14 89 F2 0C 84 5F F4 0A 05 9F CF 01 DE D2 9B EA 59 91 B8 3A 94 07 6F 26 20 EC D3 84 BF BB 14 1E 23 67 5D 16 AC 8F E1 8D 80 B8 39 59 E2 89 CF 58 3E C8 7F 02 5E D6 33 46 D0
0x765C 14 62 46 83 B6 CB 25 00 DB BD AC E8 AF 30 20 32 D7 FD 3D 1A FE 33 ED A0 AE E8 D0 F5 73 C7 60 00 AA D9 FB CA DD C9 0E 1E AC BB 8C 7A 5D AB 99 88 51 67 0E 0C D8 AB 57 75 CF 13 9A 04
0x7698 05 4B 04 FC 05 95 05 9E 05 A2 05 92 05 7E 05 8B 05 9D 05 97 05 87 05 86 05 7F 05 74 05 7E 05 95 05 80 05 7A 05 75 05 86 05 67 05 79 05 7A 05 7D 05 91 05 98 05 81 05 92 05 A1 04 F5
0x76D4 04 64 05 33 05 6E 04 D9 05 AA 05 C3 05 C7 05 A4 05 82 05 90 05 A2 05 9F 05 90 05 A0 05 96 05 9C 05 A3 05 BC 05 A9 05 B7 05 A0 05 AC 05 7E 05 A3 05 9B 05 92 05 94 05 A1 05 A8 05 A7
0x7710 05 CD 05 1E 04 42 05 46 05 A8 05 A3 05 CE 05 BA 05 C5 05 AF 05 A8 05 B5 05 AF 05 A2 05 A2 05 AF 05 A4 05 A9 05 AD 05 C5 05 B1 05 BF 05 AD 05 BB 05 91 05 A0 05 A3 05 A5 05 B4 05 C3
0x774C 05 BB 05 C4 05 DF 05 C0 05 94 05 90 05 A1 05 98 05 AD 05 A4 05 BE 05 B8 05 A8 05 B8 05 C1 05 B5 05 B5 05 BB 05 A1 05 AD 05 A8 05 C1 05 B1 05 B5 05 80 05 9F 05 7D 05 6F 04 FF 05 65
0x7788 05 A9 05 B4 05 B4 05 C0 05 C1 05 9B 05 93 05 88 05 9C 05 96 05 AD 05 9E 05 99 05 91 05 90 05 A3 05 B4 05 AC 05 B0 05 A1 05 75 05 96 05 8B 05 A9 05 94 05 96 05 74 05 6D 05 68 05 84
0x77C4 05 7E 05 88 05 9F 05 B5 05 A4 05 9E 05 95 05 82 05 86 05 86 05 9B 05 75 05 AA 05 A2 05 9B 05 9D 05 94 05 A9 05 C8 05 B7 05 A7 05 74 05 3B 05 87 05 8E 05 A0 05 84 05 98 05 63 05 48
0x7800 05 8A 05 97 05 91 05 A1 05 C3 05 CE 05 CD 05 C3 05 B9 05 91 05 94 05 90 05 8E 05 7C 05 AC 05 98 05 9E 05 80 05 24 05 4A 05 BF 05 BC 05 B0 05 97 05 84 05 8D 05 84 05 92 05 7C 05 84
0x783C 05 68 05 A5 05 8D 05 A1 05 97 05 AE 05 CC 05 C1 05 87 05 8D 05 C5 05 99 05 84 05 81 05 95 05 7B 05 9E 05 98 05 A3 05 18 04 97 05 3F 05 8E 05 CB 05 CE 05 C8 05 A0 05 8E 05 88 05 94
0x7878 05 7F 05 84 05 82 05 BB 05 61 05 46 05 99 05 CB 05 CF 05 4B 04 FD 04 F2 05 CD 05 B3 05 94 05 A8 05 94 05 87 05 B0 05 A1 05 85 04 B3 04 C6 05 8D 05 A9 05 D7 05 DB 05 E1 05 B0 05 91
0x78B4 05 8A 05 94 05 80 05 74 05 7D 05 B4 04 BF 04 7B 05 4F 05 D1 05 C3 05 40 04 BB 05 37 05 CE 05 B8 05 A3 05 99 05 96 05 81 05 B4 05 9E 05 3E 04 FE 05 4D 05 B8 05 F6 05 EB 05 CA 05 DC
0x78F0 05 C7 05 9E 05 88 05 88 05 8A 05 6E 05 6A 05 BA 04 E9 04 90 05 61 05 CA 05 DF 05 68 05 14 05 D3 05 D8 05 B6 05 A9 05 97 05 E7 05 DE 06 09 05 EF 05 D8 05 D9 06 04 06 0D 06 28 06 30
0x792C 06 01 06 14 06 0B 05 CF 05 8B 05 76 05 C7 05 DD 05 D6 06 05 05 79 05 8C 05 D7 06 00 06 46 06 00 05 E7 06 14 06 1A 05 F3 05 E1 05 E2 05 F3 05 EA 06 07 06 0A 06 2A 06 1A 06 18 06 16
0x7968 06 2A 06 37 06 02 06 14 05 F7 05 D7 05 61 05 53 05 C2 05 F2 05 E4 06 12 05 A7 05 CD 05 CE 05 FE 06 0A 06 19 05 FF 05 FB 06 06 05 EB 05 E8 05 EA 05 E8 05 E8 06 23 05 FA 06 07 06 01
0x79A4 05 F3 06 01 06 0E 06 0A 05 EB 05 E7 05 F4 05 E9 05 CD 05 E3 05 FA 06 10 05 FD 05 FC 05 BC 05 BA 05 BF 05 DB 05 F3 05 EE 05 DF 05 E1 05 E1 05 CE 05 CE 05 D7 05 F7 06 04 06 2F 06 06
0x79E0 06 0D 05 ED 05 E2 05 DD 05 F1 05 F2 05 DF 05 DD 05 D4 05 DF 05 E1 05 E8 06 10 06 0C 05 E3 05 ED 05 C7 05 C8 05 CE 05 EE 06 05 05 FA 05 E6 05 EE 05 F5 05 E4 05 EA 05 F3 06 09 06 11
0x7A1C 06 34 05 FC 06 01 05 EF 05 D3 05 DA 05 F3 05 E9 05 E3 05 E3 05 E1 05 E2 05 F1 06 05 06 06 06 07 05 E3 05 EF 05 C8 05 C8 05 CB 05 ED 06 01 05 FA 05 E1 05 ED 05 FC 05 ED 05 ED 05 F0
0x7A58 06 38 06 3B 06 58 06 35 06 2F 06 19 06 09 06 1A 06 2C 06 2A 06 27 06 20 06 18 06 19 05 FB 06 00 06 34 06 28 06 05 06 15 05 F4 05 FB 06 06 06 2B 06 02 05 F6 05 CF 05 D9 05 F5 05 EB
0x7A94 05 F3 05 E5 06 27 06 2D 06 4F 06 20 06 24 06 10 06 05 06 1C 06 34 06 30 06 28 06 18 06 12 06 11 05 D0 05 BA 06 17 06 20 05 F0 06 06 05 E3 05 FB 06 0B 06 1E 05 E9 05 EE 05 D1 05 DF
0x7AD0 06 01 05 E1 05 D4 05 DB 05 CE 05 05 05 CF 06 0D 06 04 05 F0 05 E1 05 F6 06 1F 06 22 06 08 06 14 05 FD 05 FE 05 A0 05 9B 05 EE 05 FD 05 DC 05 E5 05 D6 05 F5 05 FF 05 FD 05 D4 05 E1
0x7B0C 05 CA 05 DA 05 FB 04 DF 04 43 05 2E 05 AF 05 28 05 BC 05 DE 05 D4 05 D4 05 C6 05 E1 05 F3 05 FF 05 F9 05 F0 05 E6 05 ED 05 A7 05 BA 05 E3 05 E5 05 B7 05 D2 05 BF 05 C8 05 C8 05 E8
0x7B48 05 D6 05 DE 05 CB 05 C4 05 E3 04 CC 04 1A 05 28 05 6C 37 28 FD D2 11 14 14 A3 C4 20 B5 83 35 6A C3 D6 12 A2 79 FE 03 BA B1 C7 33 EE 66 4B 3A A0 9B 5A D2 E9 65 9F 72 C7 0F FA B7 15
0x7B84 83 2C 58 46 FB 2B B8 C6 9C 7A 70 CD D6 E0 83 06 D9 29 A2 14 86 4D DC 11 1D 90 A7 61 88 6D 92 01 27 3A 43 DD 25 FC 2A 23 49 6D E1 44 E8 D2 18 ED 78 3B 16 26 63 FE 9E B3 E7 F9 1A 21
0x7BC0 FE 7E C5 32 27 EB BE 08 AE 81 DD 06 8C 36 11 64 1E 65 8C 5C A5 0A 31 72 AD F8 F1 E7 30 38 C9 22 C3 AA 8E AD 10 0B BC 38 B5 F3 87 5A 87 51 98 04 92 C5 A8 D0 57 5D 64 D5 76 DE C2 31
0x7BFC F4 F2 1D 5D 98 87 CA CB DF E0 68 08 96 91 10 96 F7 44 6C FC 84 F6 7E 5B 28 B5 01 AC C8 75 6F 03 72 C6 16 44 1D BB FB 90 DF 83 77 CB B4 1E 4D 47 7D F1 9E 08 3B 7B B9 D2 A5 64 02 8F
0x7C38 B3 38 16 0B F0 18 06 D5 80 E7 52 09 D6 4B F0 D2 75 A9 1B D5 3D 85 28 9F 0A 10 03 1D 25 FB FB 98 AE 66 09 A4 15 92 13 00 71 FF 10 37 5D E7 85 85 FA 8A AA A4 35 FE 84 4E E5 57 D7 94
0x7C74 96 63 20 0F 0B 8D 9A C1 DB 93 3E 10 CC 6A 14 9F D9 A9 0E 64 71 61 89 81 18 4A E4 49 01 40 60 83 C3 82 C8 C0 2C C5 88 12 A9 1F 28 B7 E0 5D 77 02 3C 42 74 52 FE 6F 78 14 B6 94 90 A6
0x7CB0 16 D7 0B 5A 37 F5 14 D1 AB B2 0F 50 8A 17 55 AE 80 B1 EA A7 3F 11 C3 98 AE 1B AA 57 8A 92 AB 20 07 79 91 3E 7A 2E D5 77 00 6F 00 69 00 50 00 48 00 54 00 65 00 4D 00 91 00 AA 00 8F
0x7CEC 00 61 00 67 00 59 00 54 00 4D 00 53 00 53 00 6C 00 8A 00 00 00 00 00 00 00 00 00 00 00 00 00 00 00 00 00 00 00 00 00 00 00 00 00 00 00 00 00 00 00 00 00 00 00 00 00 00 00 00 00 00
0x7D28 18 33 13 88 02 20 00 07 00 07 00 07 00 07 00 07 00 07 00 07 00 07 00 07 00 07 00 07 00 07 00 07 00 07 00 07 00 07 00 07 00 07 00 07 00 07 00 07 00 07 00 07 00 07 00 07 00 07 00 07
0x7D64 00 07 00 00 00 00 00 00 00 00 00 00 00 00 00 00 00 00 00 00 00 00 00 00 00 00 00 00 00 00 00 00 00 00 00 00 00 00 00 00 00 00 00 00 00 00 00 00 00 00 00 00 00 00 00 00 00 00 00 00
0x7DA0 00 00 00 00 00 00 00 00 00 00 00 00 00 00 00 00 00 00 00 00 00 00 00 00 00 00 00 00 00 00 00 00 00 00 00 00 00 00 00 00 00 00 00 00 00 00 00 00 00 00 00 00 00 02 00 01 00 01 00 01
0x7DDC 00 00 00 01 00 00 00 01 00 00 00 01 00 01 00 01 00 00 00 01 00 01 00 00 00 01 00 00 00 03 00 07 00 04 00 01 00 01 00 01 00 01 00 01 00 01 00 01 00 02 00 01 00 00 00 02 00 02 00 02
0x7E18 00 02 00 01 00 01 00 01 00 01 00 03 00 01 00 01 00 08 00 11 00 0B 00 02 00 01 00 01 00 00 00 01 00 01 00 04 00 05 00 02 00 01 00 00 00 01 00 01 00 03 00 00 00 00 00 01 00 01 00 02
0x7E54 00 01 00 00 00 02 00 01 00 01 00 00 00 01 00 01 00 03 00 01 00 02 00 02 00 01 00 02 FB 70 CD 1F A0 DD 35 AF FB FB 8D 93 4C 0F A1 9A 8E ED 2C 88 74 91 31 E3 40 5F 37 3B 4A E5 00 AD
0x7E90 61 A4 C9 3E C3 FF 15 8C E8 EF C7 16 0E 5B 13 80 DA 71 11 50 E8 4C 0A 54 3E 5F C8 AF EC C6 AA C2 50 6A 71 A0 F5 6E A0 24 CB BA 1D 07 C2 9A 00 FD 57 65 0D 5B 72 FA 40 51 11 D0 05 5D
0x7ECC 12 CD 02 33 34 6F 06 5E 47 9C 03 83 ED 9F FD 8E 48 6A 04 A7 76 DD FA 12 7C 5D 38 0C 97 59 B6 55 AB FC D3 20 CC 35 86 B1 F3 14 9C 2E D0 56 76 ED 4E A5 60 18 B6 6B F0 AC 82 2D 85 1A
0x7F08 45 9B F6 96 1C 44 74 CF 0E 53 0F AF 0E 53 10 C5 11 90 11 4C 11 81 11 6C 0F B8 10 74 10 6B 13 2B 11 13 11 8D 11 E9 11 D7 12 7A 13 31 10 D4 18 A7 19 49 1A 28 1A 6A 1B 10 1A 70 1B E2
0x7F44 1C 0E 1C 3E 1B 63 1B 3C 1A 88 18 C9 18 CB 17 E7 17 7A 16 94 16 10 17 71 18 3D 19 54 19 3B 18 95 16 F3 15 FE 14 32 15 DD 16 0F 18 75 17 71 15 DF 18 A2 68 C1 8B AC B4 70 D5 B6 DF 83
0x7F80 66 73 06 2E A2 BF 0A 04 0E 4C 0F A9 0E 4F 10 C4 11 90 11 4A 11 84 11 6C 0F B9 10 74 10 68 13 24 11 15 11 89 11 EA 11 D3 12 7C 13 37 10 DB 18 C7 19 6A 1A 52 1A 90 1B 40 1A 9C 1C 0C
0x7FBC 1C 39 1C 6E 1B 94 1B 6A 1A BD 18 FE 18 FC 18 16 17 AB 16 C7 16 43 17 A6 18 75 19 8D 19 71 18 CB 17 2B 16 2E 14 63 16 0D 16 46 18 AC 17 A8 16 10 18 D3 B8 20 9B FB 7A DA 08 D3 60 87
0x7FF8 BF AF 7F 75 35 D4 5A 00 FF FA FF F9 FF FC FF FE 00 00 FF FE 00 01 00 00 00 00 FF FE FF FD FF FC 00 03 FF FE 00 03 00 00 00 02 00 04 00 08 00 22 00 24 00 2A 00 28 00 2F 00 2E 00 2E
0x8034 FF FA FF F9 FF FA 00 00 00 03 FF F2 00 04 00 00 00 02 00 06 00 03 00 06 00 07 FF FD 00 06 00 02 00 09 FF FE 00 01 00 05 00 0B 00 06 00 09 00 04 00 02 99 40 87 C3 40 36 8E CB 5B 44
0x8070 3E CE 4C 44 7D BD 50 CA 05 73 05 23 05 C1 05 C6 05 CB 05 BA 05 A7 05 B7 05 C4 05 C1 05 AD 05 AD 05 A5 05 9D 05 A5 05 BC 05 AA 05 A2 05 9D 05 AF 05 90 05 A3 05 A4 05 A9 05 BC 05 C6
0x80AC 05 AD 05 BF 05 CE 05 18 04 7F 05 59 05 95 04 F8 05 D2 05 E8 05 EE 05 CA 05 A8 05 B3 05 C5 05 C6 05 B4 05 C4 05 B9 05 C1 05 CB 05 E2 05 CF 05 E2 05 CB 05 D6 05 A8 05 CE 05 C6 05 BB
0x80E8 05 BE 05 CB 05 D0 05 D1 05 F7 05 44 04 58 05 6D 05 CE 05 CD 05 F9 05 DD 05 EF 05 D8 05 CD 05 D9 05 D7 05 C8 05 CC 05 D8 05 C8 05 D1 05 D2 05 EE 05 DE 05 EA 05 DC 05 E5 05 BB 05 D1
0x8124 05 D3 05 D6 05 E5 05 EE 05 E6 05 F0 06 0A 05 EA 05 B9 05 B9 05 C5 05 C0 05 D8 05 CA 05 E9 05 DF 05 CF 05 DD 05 E9 05 DD 05 DC 05 E5 05 C6 05 D3 05 CC 05 EE 05 DF 05 E6 05 B0 05 D0
0x8160 05 AA 05 B7 05 B4 05 B9 05 D1 05 DD 05 DD 05 EA 05 E9 05 C3 05 BC 05 B1 05 C0 05 BE 05 DA 05 C1 05 C1 05 B8 05 B5 05 C8 05 DA 05 D1 05 D4 05 C6 05 99 05 BA 05 AD 05 D2 05 BE 05 BC
0x819C 05 99 05 92 05 92 05 AD 05 A5 05 AE 05 C7 05 DC 05 CE 05 C8 05 C1 05 AE 05 AD 05 B0 05 C1 05 98 05 D2 05 C7 05 C3 05 C4 05 B9 05 CF 05 EE 05 DE 05 CD 05 98 05 5B 05 AF 05 AE 05 C8
0x81D8 05 AB 05 BB 05 88 05 69 05 B0 05 C5 05 B9 05 C8 05 ED 05 F5 05 F7 05 F0 05 E4 05 BA 05 B8 05 B5 05 B6 05 A1 05 D1 05 BE 05 C6 05 A5 05 41 05 67 05 E5 05 E5 05 D9 05 BC 05 A7 05 B0
0x8214 05 A3 05 B8 05 A2 05 A8 05 8E 05 CD 05 B8 05 CD 05 C4 05 DB 05 F5 05 ED 05 AC 05 B6 05 F0 05 C1 05 AE 05 A9 05 BE 05 A3 05 C5 05 C1 05 CB 05 39 04 A9 05 5E 05 B4 05 F4 05 F3 05 ED
0x8250 05 C7 05 B3 05 AB 05 B9 05 A4 05 AB 05 A7 05 E3 05 88 05 6B 05 C4 05 F5 05 F9 05 69 05 18 05 08 05 F9 05 DD 05 BE 05 CF 05 B9 05 AC 05 DA 05 C8 05 AB 04 C4 04 D8 05 AE 05 CC 05 FD
0x828C 05 FF 06 06 05 D7 05 B4 05 AB 05 BB 05 A4 05 94 05 9F 05 D8 04 D5 04 8F 05 71 05 FA 05 EB 05 5E 04 D5 05 55 05 F9 05 E5 05 CD 05 BF 05 BA 05 A9 05 DF 05 C2 05 5E 05 18 05 69 05 DD
0x82C8 06 1F 06 15 05 F0 06 04 05 ED 05 C4 05 AA 05 AC 05 AE 05 8E 05 8B 05 E1 05 04 04 A4 05 84 05 F0 06 0A 05 8A 05 39 05 FB 06 00 05 E2 05 CF 05 BF 06 0D 06 04 06 30 06 16 05 FE 05 FD
0x8304 06 29 06 3B 06 4F 06 54 06 29 06 39 06 30 05 F7 05 AA 05 96 05 ED 05 FE 05 FE 06 28 05 98 05 B1 05 FB 06 25 06 6E 06 28 06 0E 06 3A 06 45 06 1C 06 08 06 0C 06 18 06 11 06 2D 06 2F
0x8340 06 57 06 43 06 3F 06 3B 06 53 06 5E 06 28 06 37 06 1C 05 FB 05 7B 05 6A 05 E4 06 16 06 0B 06 36 05 C8 05 F5 05 F2 06 24 06 34 06 43 06 25 06 22 06 2B 06 13 06 12 06 16 06 12 06 0E
0x837C 06 4A 06 21 06 2D 06 29 06 1C 06 29 06 37 06 36 06 11 06 10 06 1C 06 10 05 F1 06 0A 06 20 06 3A 06 27 06 23 05 E4 05 E3 05 E8 06 02 06 20 06 19 06 09 06 09 06 0B 05 FA 05 F9 06 04
0x83B8 06 23 06 2D 06 5B 06 2E 06 36 06 12 06 08 06 07 06 13 06 19 06 01 06 02 05 F9 06 04 06 07 06 0A 06 35 06 35 06 09 06 12 05 EE 05 EE 05 F4 06 16 06 2D 06 23 06 10 06 15 06 20 06 0E
0x83F4 06 13 06 1D 06 33 06 38 06 5B 06 22 06 25 06 11 05 F7 05 FF 06 15 06 0D 06 05 06 01 05 FF 06 05 06 13 06 27 06 2C 06 2A 06 06 06 12 05 EB 05 EA 05 EF 06 12 06 28 06 22 06 06 06 0E
0x8430 06 22 06 14 06 15 06 18 06 62 06 68 06 83 06 5A 06 5A 06 3F 06 2F 06 44 06 50 06 4D 06 4C 06 46 06 3A 06 3F 06 1C 06 23 06 58 06 4D 06 2B 06 37 06 1A 06 22 06 2A 06 50 06 29 06 1A
0x846C 05 F2 06 01 06 1D 06 15 06 19 06 13 06 4B 06 52 06 74 06 46 06 48 06 34 06 2A 06 41 06 59 06 53 06 4B 06 3D 06 35 06 37 05 EF 05 D6 06 39 06 47 06 13 06 2B 06 0A 06 21 06 2F 06 43
0x84A8 06 0E 06 12 05 F6 06 04 06 27 06 08 05 FC 06 05 05 EF 05 24 05 F4 06 31 06 2A 06 15 06 06 06 19 06 44 06 48 06 2B 06 36 06 22 06 22 05 C2 05 B8 06 13 06 21 06 00 06 09 05 FA 06 1C
0x84E4 06 22 06 22 05 F7 06 06 05 F1 06 00 06 21 04 FC 04 58 05 51 05 D3 05 48 05 DF 06 05 05 F9 05 F9 05 EB 06 08 06 1A 06 24 06 1A 06 16 06 06 06 0E 05 C4 05 DC 06 08 06 07 05 DB 05 F6
0x8520 05 E2 05 F0 05 EA 06 0C 05 F9 06 01 05 EF 05 E9 06 0A 04 EC 04 2A 05 42 FB 5A CA E1 23 B7 04 F6 32 3F 00 DD 19 E6 93 46 A5 0C 97 3C 47 4D 56 43 9E 65 EB 37 6F 2C 1D 98 EB A0 B7 37
0x855C B8 97 87 4C BD AD E5 38 5D DD E4 A4 F5 91 02 C3 60 93 0C 2A C4 83 A0 D6 BD 2E 29 F0 94 F0 5F F0 BB B4 04 AE 38 D7 34 71 9E B0 C9 E2 F7 CE B2 FD 4F 67 43 56 25 A5 2B 29 83 FB 67 81
0x8598 90 5B 42 C0 26 CB 4F AB C9 5E B2 8E FA 0F 9E D3 CA 01 00 39 F7 EC 93 0C 96 8C 88 40 9D C6 8A 7F D9 C1 2A 54 D7 BD 9D A1 D5 A7 1C 50 6A CD 64 55 93 5E 1B B2 70 CF A4 14 76 CF 19 30
0x85D4 3E 3F 1F 1F 1D 34 BA 9A 3D 25 27 99 1F F1 8A 10 3B EA 01 12 E3 E9 B4 63 AF E8 9A 58 D4 3E C1 2B 29 2F B2 3F 1D EC D6 5A A2 7B 30 F1 34 02 50 B3 ED 72 99 2A D3 41 C9 13 10 D2 DD 44
0x8610 2D C5 92 B6 46 69 CC 38 1B 44 F7 4D BF 1B 03 95 DB D7 5A 0C 5B D6 FB 51 FF 47 26 95 47 F2 43 45 55 A8 0C 87 9F FC 2D C2 F4 31 FA 6A E9 A7 93 1B C6 13 FA 22 EC BC D4 24 2D 9B 70 D8
0x864C C1 5F 77 B4 D9 B7 86 3C A7 74 93 48 87 8A 00 C3 AB DD FB 8A 90 B4 C0 6E 29 B7 08 C9 F3 99 94 4A C9 A2 34 EA 6F 45 2B 7D F1 88 50 C9 38 BD 15 E4 E7 FD EE 45 6B 89 CC 55 CB DB F7 3B
0x8688 0C 43 14 EF A5 23 CD 65 43 6C BF B0 2F 58 14 E0 8F 22 6F 05 CA BA 3D 4A 80 26 31 67 FC 1C 44 31 A1 BF 30 AB 9E F6 E4 93 3F 1F 8F 78 BD BF 44 9E 05 4C 04 FC 05 93 05 A2 05 A2 05 90
0x86C4 05 7D 05 8B 05 9C 05 94 05 82 05 84 05 7E 05 73 05 7E 05 92 05 7D 05 78 05 70 05 87 05 67 05 75 05 7A 05 7E 05 90 05 9C 05 81 05 92 05 A1 04 F3 04 65 05 34 05 6E 04 D3 05 A4 05 C0
0x8700 05 C6 05 A3 05 80 05 89 05 A0 05 A0 05 8C 05 9F 05 96 05 99 05 A1 05 BA 05 A7 05 B7 05 9D 05 AC 05 7D 05 A2 05 9C 05 92 05 91 05 A0 05 A5 05 A9 05 CF 05 23 04 44 05 45 05 A4 05 A4
0x873C 05 CE 05 B9 05 C5 05 B1 05 A5 05 B4 05 AE 05 A1 05 A4 05 B3 05 A2 05 AA 05 AA 05 C8 05 B5 05 BF 05 B0 05 B9 05 93 05 A7 05 A5 05 A9 05 B8 05 C4 05 BB 05 C4 05 E1 05 C2 05 91 05 8E
0x8778 05 9F 05 98 05 B0 05 A1 05 C2 05 B8 05 A7 05 B9 05 C1 05 B7 05 B7 05 C0 05 A1 05 AF 05 A9 05 C7 05 B7 05 BB 05 89 05 A7 05 80 05 8E 05 89 05 90 05 A5 05 B4 05 B1 05 C1 05 C1 05 9B
0x87B4 05 96 05 8A 05 98 05 96 05 B0 05 99 05 9B 05 92 05 8E 05 A0 05 B3 05 AA 05 B0 05 A3 05 76 05 94 05 8C 05 AB 05 93 05 96 05 73 05 6B 05 6B 05 84 05 7E 05 88 05 9D 05 B1 05 A4 05 9F
0x87F0 05 93 05 84 05 81 05 85 05 95 05 73 05 A8 05 9E 05 9B 05 9B 05 8E 05 A8 05 C2 05 B7 05 A5 05 74 05 39 05 89 05 8A 05 A2 05 84 05 93 05 62 05 46 05 86 05 96 05 8D 05 9D 05 C0 05 C8
0x882C 05 CD 05 C5 05 BA 05 92 05 92 05 8D 05 8C 05 7C 05 AC 05 97 05 A0 05 7E 05 20 05 47 05 BF 05 C0 05 B4 05 99 05 80 05 8E 05 81 05 96 05 7E 05 82 05 68 05 A8 05 8E 05 A3 05 9C 05 B3
0x8868 05 CC 05 C3 05 86 05 8E 05 C7 05 98 05 85 05 80 05 95 05 7B 05 9D 05 97 05 A1 05 19 04 95 05 41 05 90 05 CC 05 CD 05 C5 05 9F 05 90 05 88 05 95 05 81 05 82 05 82 05 BB 05 61 05 46
0x88A4 05 98 05 CA 05 CF 05 4C 04 FD 04 F4 05 D0 05 B4 05 96 05 A7 05 93 05 82 05 AF 05 A0 05 81 04 B2 04 C6 05 8A 05 A9 05 D7 05 DD 05 E1 05 B1 05 90 05 8A 05 96 05 82 05 70 05 7E 05 AF
0x88E0 04 BF 04 79 05 4D 05 D0 05 C1 05 3A 04 B8 05 36 05 CD 05 BA 05 A3 05 96 05 93 05 84 05 B5 05 98 05 3C 04 FD 05 4B 05 B7 05 F5 05 EB 05 CB 05 DE 05 C6 05 9E 05 88 05 87 05 89 05 70
0x891C 05 6A 05 BA 04 E8 04 8D 05 63 05 C5 05 DF 05 69 05 15 05 D4 05 D7 05 B8 05 A5 05 96 05 E6 05 E1 06 07 05 EE 05 D6 05 D8 06 01 06 0D 06 28 06 30 06 04 06 15 06 0A 05 D2 05 89 05 79
0x8958 05 CA 05 DB 05 D6 06 01 05 75 05 8E 05 D6 05 FF 06 43 05 FD 05 E6 06 12 06 1A 05 F1 05 DC 05 E1 05 EF 05 E9 06 06 06 07 06 2B 06 19 06 16 06 13 06 29 06 38 06 02 06 13 05 F4 05 D4
0x8994 05 61 05 52 05 C1 05 F2 05 E6 06 11 05 A5 05 CF 05 CC 05 FD 06 0E 06 17 05 FF 05 FD 06 05 05 EB 05 E9 05 EE 05 EB 05 E9 06 23 05 F9 06 0A 06 04 05 F5 06 06 06 11 06 0D 05 ED 05 EA
0x89D0 05 F6 05 EA 05 CE 05 E8 05 FD 06 14 05 FF 05 FD 05 BF 05 BC 05 C3 05 DE 05 FA 05 F3 05 E4 05 E5 05 E3 05 D2 05 D0 05 DB 05 FC 06 06 06 35 06 08 06 11 05 ED 05 E4 05 DF 05 F0 05 F3
0x8A0C 05 E2 05 E1 05 D8 05 E1 05 E4 05 E8 06 0E 06 10 05 E6 05 ED 05 C7 05 CD 05 D0 05 EF 06 08 05 FC 05 EA 05 F2 05 F9 05 E6 05 ED 05 F5 06 0A 06 12 06 34 05 FC 05 FF 05 EE 05 D3 05 DC
0x8A48 05 F1 05 E7 05 E2 05 DD 05 DC 05 DD 05 ED 06 00 06 02 06 02 05 DF 05 EB 05 C5 05 C5 05 CB 05 E9 06 02 05 FB 05 DE 05 E8 05 FB 05 EB 05 EA 05 EE 06 37 06 3C 06 58 06 33 06 33 06 18
0x8A84 06 09 06 1C 06 29 06 27 06 24 06 21 06 16 06 18 05 FA 06 00 06 30 06 27 06 04 06 14 05 F3 05 FB 06 04 06 2A 06 01 05 F7 05 D0 05 D8 05 F4 05 EB 05 F4 05 E6 06 25 06 29 06 4A 06 1F
0x8AC0 06 22 06 11 06 02 06 1C 06 34 06 2E 06 27 06 19 06 11 06 13 05 D0 05 BB 06 18 06 21 05 F2 06 06 05 E5 05 FB 06 0B 06 1E 05 EB 05 EB 05 D1 05 DF 06 02 05 E3 05 D4 05 DD 05 CC 05 08
0x8AFC 05 CD 06 0B 06 05 05 F0 05 DD 05 F7 06 1F 06 22 06 08 06 14 05 FC 05 FC 05 A1 05 9B 05 F0 05 FC 05 DC 05 E6 05 D6 05 F9 05 FF 05 FD 05 D3 05 DE 05 CA 05 DC 05 FA 04 E1 04 43 05 2F
0x8B38 05 B3 05 27 05 BB 05 E1 05 D6 05 D2 05 CA 05 E6 05 F3 06 00 05 F7 05 F1 05 E6 05 EE 05 A8 05 B9 05 E4 05 E6 05 B6 05 D2 05 BC 05 CB 05 C6 05 E7 05 D7 05 DE 05 CF 05 C6 05 E2 04 CF
0x8B74 04 18 05 28 B9 64 43 7D 79 C6 DC F0 97 AF 50 57 36 B3 1F 25 CA 42 A4 86 23 E8 79 1B DD C3 8A BA 85 A1 14 15 D2 95 3C 2F 86 D9 BE 1A 7B C1 2B 4A AF 9D 62 3B 61 80 27 58 7E CC B4 19
0x8BB0 7A DB 44 F3 DF 2E 2D DC 2B FA 7A 01 64 0F 08 A1 81 D6 36 08 60 EE A3 52 6E 3B C3 C4 1C F7 19 BE 59 7A 4C 24 FF A7 26 4C E8 9C D9 85 5B 60 3A 32 7E 34 24 A1 01 C7 30 FC FF DD 6C 34
0x8BEC F4 95 9B E8 0E 3F EC 51 AF 63 02 3E 75 B4 C1 8E 0F FF C6 8F D7 E6 24 BC 7F DC CE 4D DD CA 81 B6 F1 FA A7 51 43 DF FB C1 13 5A 3B F4 65 7D 60 56 98 12 0C 52 7C FC 08 39 03 9F 89 44
0x8C28 3E 6B 2A 15 8B F0 80 15 D5 63 09 89 9E 3F 9A 05 BE CB E6 3F C5 A4 19 E0 79 F9 2A 96 92 8A 07 59 2C C4 3A 2D 8D E9 CC 77 7A 60 67 4D A0 F8 DE 03 28 A2 A7 08 01 FC C8 08 76 63 82 67
0x8C64 42 D4 43 29 6A 97 08 1E 93 ED 03 D5 DE 57 67 22 D9 42 56 16 9B 6F 05 B8 ED F0 85 34 69 CF F6 60 C4 EE 63 C0 CF 78 4C 08 FD EB DC C6 C5 AE 33 2C 96 CB 49 78 19 6C 7A 71 A5 B4 09 BB
0x8CA0 7E EB 34 88 9C 1A C0 34 FB 6F 55 8E F5 D6 AD 05 BE 2F C7 69 3F 51 F3 56 3F 39 42 AC EF 9E 8E 8A 7E 67 2B 49 BF 2F 5D E7 FA F4 48 46 B0 21 B0 36 ED 15 F8 40 BC 30 11 8C 39 F4 62 4E
0x8CDC 97 CC 15 2C 67 2A 75 51 66 BD 5A 88 6B F7 DA 1D F4 C5 A2 9D 33 6A 0F DC 1B 7F 0D 10 85 A9 DE F2 7E A7 4A 5F CB 55 88 56 08 97 DC E8 48 51 41 B8 B0 52 1B E0 99 02 78 58 62 FC 8B 00
0x8D18 F4 B3 86 15 CF 2A 3C 34 24 91 1A 85 5F A3 E0 0F 1D 2C 61 BB 0C 69 3E B4 E1 BD 6E D1 A6 8C DA 54 9B F7 98 08 6A FA 48 93 6C FF 3D 42 04 D3 82 AB C8 E0 4A D3 4A E5 37 03 CD DE 79 18
0x8D54 F3 6A 8A B4 BB DD 4A 6A 72 0E 33 82 89 1F 88 52 F8 E4 4C 00 56 BF 48 62 7C 52 A4 39 BB 24 C9 35 C7 21 24 4A D6 BF A5 BE C5 4A B4 12 26 E5 36 72 5A 35 B1 A5 38 92 2C 07 DF 04 16 4A
0x8D90 7A D6 26 F2 B4 AF BC 49 13 33 57 D6 A7 FB E3 99 07 E1 07 43 7F 9C 2D 00 DF A4 FF 91 B7 EB D6 53 44 67 25 AC D5 FA AC 2F 2E BF C3 9D B3 A9 C9 C0 B0 23 88 02 8F 33 E0 E2 1F 6D 2E 47
0x8DCC 60 9B 87 8B C0 3A 47 2B 73 F1 F9 DA 88 C3 CE F3 E9 0E 67 15 25 BA CF D7 5B 94 58 50 23 3D 50 DA 12 D0 0C 03 6C E8 7A 78 D3 7F A6 78 FE F5 F3 41 DC E4 DC 87 30 A8 CE 4B 34 7E CB 2E
0x8E08 54 73 D6 2B 91 FE 6B A7 B8 33 6C 20 52 40 49 AB FD F2 66 A0 6E 65 03 99 F8 DA 73 12 65 AA 8E 80 7D FC 02 41 5A FF B4 52 14 A1 D2 1B FB E4 05 45 00 00 FF FF 00 08 FF FD 00 02 00 01
0x8E44 00 2B 00 2E 00 28 00 2B 00 27 00 28 00 25 00 2A 00 27 00 29 00 2B 00 29 00 2B 00 2A 00 28 00 2B 00 28 00 28 00 2E 00 2D 00 2B 00 31 00 2C 00 24 00 1A 00 25 00 27 00 20 00 28 00 29
0x8E80 00 28 00 25 00 26 00 27 00 26 00 26 00 26 00 24 00 24 00 25 00 29 00 26 00 27 00 2B 00 2B 00 28 00 2B 00 2B 00 2A 00 29 00 2B 00 29 00 2B 00 28 00 27 00 22 00 13 00 25 00 29 00 25
0x8EBC 00 2B 00 23 00 27 00 27 00 25 00 26 00 26 00 26 00 27 00 27 00 26 00 28 00 24 00 28 00 27 00 26 00 2C 00 2A 00 27 00 2A 00 27 00 29 00 2B 00 2A 00 28 00 2B 00 28 00 28 00 25 00 26
0x8EF8 00 27 00 2A 00 28 00 27 00 27 00 27 00 27 00 26 00 27 00 26 00 25 00 24 00 25 00 24 00 27 00 23 00 27 00 2B 00 26 00 2B 00 26 00 27 00 28 00 28 00 28 00 29 00 2D 00 28 00 28 00 26
0x8F34 00 00 00 01 00 02 FF FF 00 04 00 00 FF FF FF FF 00 02 00 04 00 01 FF FF FF FA FF FE FF FE FF FC FF FD FF FF 00 02 00 00 00 00 00 02 FF FD 00 01 00 01 00 00 00 01 00 02 00 03 FF FF
0x8F70 00 07 00 03 FF FF FF FF 00 02 FF FF 00 04 FF FE 00 05 00 01 00 01 FF FF FF FE 00 01 00 00 FF FA FF F7 00 00 FF FD FF FF FF FE FF FD FF FE FF FB 00 00 00 09 00 00 FF FF 00 03 00 01
0x8FAC 00 03 00 07 00 09 00 02 FF FF FF FE 00 03 00 02 00 03 00 01 00 01 00 01 FF F9 FF F6 00 00 00 02 00 04 00 02 FF FB FF FF FF FC FF FE 00 00 FF FF FF FF FF FE 00 02 00 06 00 03 00 02
0x8FE8 00 2E 00 2D 00 26 00 2A 00 2C 00 2A 00 26 00 28 00 28 00 29 00 28 00 26 00 2B 00 20 00 12 00 1D 00 23 00 29 00 27 00 29 00 26 00 25 00 22 00 25 00 27 00 2B 00 33 00 35 00 2A 00 2A
0x9024 00 3D 00 AB 00 22 00 01 FF FA FF F3 00 07 00 06 00 04 00 04 00 04 00 04 00 07 00 06 00 06 FF F2 FF F1 FF FF 00 01 00 07 00 02 00 04 00 03 00 00 00 00 00 02 00 04 00 0F 00 23 00 15
0x9060 00 16 00 19 00 24 00 2B 00 27 00 23 00 1D 00 21 00 2C 00 2D 00 26 00 27 00 24 00 28 00 2C 00 24 00 23 00 1C 00 1D 00 26 00 2A 00 2B 00 26 00 26 00 26 00 28 00 22 00 26 00 27 00 1F
0x909C FF FD 00 06 FF F8 FF F3 FF FE 00 03 00 07 FF FF 00 00 00 04 00 05 00 07 00 02 00 04 00 03 00 02 00 02 00 01 00 02 00 01 00 03 00 07 00 05 00 00 FF FE FF FC 00 01 FF FE FF F9 FF F8
0x90D8 00 00 FF FF 00 02 00 05 FF FF FF FE FF FF 00 00 00 04 00 04 00 01 FF FF 00 01 00 03 00 03 00 00 00 02 00 03 00 02 00 02 00 03 00 04 00 04 00 03 00 05 FF FF FF FE FF FF 00 00 FF FD
0x9114 00 05 00 00 00 0C 00 0E 00 14 00 11 00 0C 00 0F 00 0C 00 0C 00 0F 00 13 00 0C 00 0D 00 10 00 10 00 10 00 10 00 27 00 28 00 2A 00 26 00 25 00 29 00 27 00 21 00 24 00 2B 00 24 00 26
0x9150 FF FD 00 01 FF FC FF FF FF FF 00 00 00 04 FF FF FF FF 00 03 00 00 FF FE 00 00 FF FE FF FF 00 01 00 01 00 02 00 00 00 01 00 02 00 02 00 08 FF FE 00 04 00 02 FF FE 00 03 FF FE 00 05
0x918C 00 23 00 23 00 22 00 25 00 26 00 23 00 25 00 25 00 24 00 27 00 24 00 24 00 26 00 27 00 26 00 28 00 28 00 25 00 27 00 28 00 28 00 2A 00 29 00 28 00 2A 00 27 00 26 00 26 00 27 00 29
0x91C8 00 28 00 27 00 26 00 26 00 24 00 29 00 29 00 29 00 28 00 28 00 27 00 28 00 27 00 25 00 27 00 2B 00 29 00 2B 00 2C 00 26 00 2C 00 2D 00 2A 00 2B 00 2B 00 2D 00 29 00 29 00 2B 00 27
0x9204 00 28 00 25 00 24 00 23 00 28 00 27 00 25 00 25 00 21 00 21 00 24 00 29 00 25 00 23 00 26 00 25 00 28 00 26 00 2A 00 24 00 25 00 26 00 27 00 28 00 27 00 2E 00 28 00 26 00 27 00 27
0x9240 00 01 FF FF 00 01 FF FF 00 01 00 01 00 02 FF FF 00 00 FF FF FF FC FF F8 FF FD 00 03 FF FB 00 02 00 01 00 02 FF FE 00 01 00 00 00 00 FF FF 00 02 00 00 00 05 00 03 00 07 00 00 FF FB
0x927C 00 03 00 05 00 03 00 01 00 07 00 04 00 03 00 04 00 00 00 02 00 03 00 03 FF FD FF FA 00 01 FF FF 00 03 FF FE 00 00 00 04 00 00 00 03 00 02 00 05 00 04 00 02 00 05 FF F8 FF F1 FF FB
0x92B8 00 00 FF FC 00 02 00 03 00 03 00 04 00 02 00 01 00 02 00 00 00 01 00 03 FF FF 00 00 FF FA 00 00 00 06 FF FF 00 07 00 01 FF FF 00 05 00 00 00 00 00 00 00 03 00 02 00 00 00 05 FF FF
0x92F4 00 12 00 18 00 00 00 00 00 00 00 00 00 00 00 00 00 00 00 00 00 00 00 00 00 00 00 00 00 00 00 00 00 00 00 00 00 00 00 00 00 00 00 00 00 00 00 00 00 00 00 00 00 00 00 00 00 00 00 00
0x9330 00 00 00 00 00 00 00 00 00 00 00 00 00 00 00 00 00 00 00 00 00 00 00 00 00 00 00 00 00 00 00 00 00 00 00 00 00 00 00 00 00 00 00 00 00 00 00 00 00 00 00 00 00 00 00 00 00 00 00 00
0x936C 00 00 00 00 00 00 00 00 00 00 00 00 00 00 00 00 00 00 00 00 00 00 00 00 00 00 00 00 00 00 00 00 00 00 00 00 00 00 00 00 00 00 00 00 00 00 00 00 00 00 00 00 00 00 00 00 00 00 00 00
0x93A8 00 00 00 00 00 00 00 00 00 00 00 00 00 00 00 00 00 00 00 00 00 00 00 00 00 00 00 00 00 00 00 00 00 00 00 00 00 00 00 00 00 00 00 00 00 00 00 00 00 00 00 00 00 00 00 00 00 00 00 00
0x93E4 00 00 00 00 00 00 00 00 00 00 00 00 00 00 00 00 00 00 00 00 00 00 00 00 00 00 00 00 00 00 00 00 00 00 00 00 00 00 00 00 00 00 00 00 00 00 00 00 00 00 00 00 00 00 00 00 00 00 00 00
0x9420 00 00 00 00 00 00 00 00 00 00 00 00 00 00 00 00 00 00 00 00 00 00 00 00 00 00 00 00 00 00 00 00 00 00 00 00 00 00 00 00 00 00 00 00 00 00 00 00 00 00 00 00 00 00 00 00 00 00 00 00
0x945C 00 00 00 00 00 00 00 00 00 00 00 00 00 00 00 00 00 00 00 00 00 00 00 00 00 00 00 00 00 00 FF FF 00 00 00 00 FF FF FF FF 00 00 FF FF FF FE 00 00 00 00 FF FF 00 00 00 00 FF FF FF FF
0x9498 FF FF FF FF 00 01 FF FF FF FE 00 00 00 00 FF FF 00 00 00 00 FF FF FF FF 00 00 00 00 FF FF FF FF FF FE FF FF 00 03 00 04 FF FD FF FD 00 00 FF FF 00 00 00 00 00 00 FF FF FF FF 00 00
0x94D4 FF FD FF FE 00 01 00 01 FF FF FF FE 00 00 00 00 FF FF 00 00 00 00 FF FF 00 00 00 01 FF FE FF FF 00 00 00 00 00 00 00 00 FF FF FF FD FF FF 00 01 00 00 FF FF 00 00 FF FF FF FE FF FF
0x9510 FE 6E FD D0 FE 82 FD CA FE B7 FE 5D FE 67 FD C6 FE 69 FD C6 FE 83 FD C8 FE 80 FD EC FE 70 FD AC FE A0 FE 1B FE 60 FD 97 FE 7E FD EC FE 89 FD D6 FE 74 FD DA FE 67 FD A0 FE A1 FE 25
0x954C FE 7A FD C4 FE 8F FD C9 FE 72 FD BE FE A1 FD DE FE 75 FD B2 FE 91 FD C6 FE 7F FD C8 FE 83 FD D7 FE 63 FD CE 00 00 00 00 00 00 00 00 00 00 00 00 00 00 00 00 00 00 00 00 00 00 00 00
0x9588 F3 9C F3 EF FF F9 FF FA F3 DE F4 2C 00 03 FF F4 F3 40 F3 99 FF F9 FF F9 F5 C6 F6 00 00 02 FF F2 F4 CF F5 12 00 00 FF F6 F5 CC F6 04 FF FF 00 00 11 63 0D 9D 00 06 FF BB 13 6C 0F 39
0x95C4 00 00 00 00 00 00 FF FF FF FF 00 00 00 00 00 01 00 00 FF FF 00 00 FF FF 00 00 FF FF FF FF FF FF 00 00 00 00 00 00 00 01 FF FF 00 00 FF FF 00 00 FF FF 00 00 00 00 00 00 FF FF 00 00
0x9600 00 00 FF FF FF FF 00 01 00 00 00 01 FF FF 00 01 FF FF FF FF FF FF 00 00 FF FF 00 00 00 00 00 00 FF FF 00 01 FF FF 00 00 FF FF FF FF 00 00 00 00 00 00 00 01 00 00 FF FF 00 00 00 00
0x963C 00 00 00 00 FF FF FF FF 00 00 FF FF FF FF FF FF 00 00 00 00 00 00 FF FF 00 00 00 00 FF FF 00 00 FF FF FF FF 00 00 FF FF FF FE FF FF FF FF 00 00 FF FF 00 00 00 00 00 00 00 00 00 00
0x9678 FE 9D FD EC FE 76 FD B5 FE 95 FD DD FE 6E FD AD FE D5 FE 4C FE 7C FD BF FE BD FE 25 FE 88 FD D1 FE 97 FD D8 FE 86 FD CB FE 9F FD EA FE 85 FD C9 FE 9F FE 17 FE 6C FD D7 00 00 00 00
0x96B4 00 00 00 00 00 00 00 00 00 00 00 00 00 00 00 00 00 00 00 00 FF FF 00 01 FF FE FF FF 00 00 00 00 00 00 00 00 00 00 00 00 00 00 00 00 00 00 00 00 00 00 00 00 00 00 00 00 00 00 00 00
0x96F0 00 00 00 00 00 00 00 00 22 01 1B 00 3E 01 04 65 A7 C3 E1 02 B5 02 1F 14 71 48 93 20 22 04 01 20 01 13 88 0A 09 05 00 00 26 E0 0D BA 41 01 00 02 00 01 00 02 00 02 00 02 00 02 00 02
0x972C 00 01 00 00 00 00 00 00 00 00 00 00 00 00 00 00 00 00 00 02 00 02 00 02 00 02 00 02 00 02 00 02 00 02 00 02 00 02 00 01 00 00 00 01 00 00 26 23 00 00 00 00 00 00 00 00 00 00 00 00
0x9768 76 A4 76 DB 76 C6 76 C4 76 C7 76 C4 76 B2 76 C4 76 BC 76 CA 76 D0 76 F8 76 FC 76 F8 76 F4 76 D8 76 14 75 E6 76 2E 76 B9 76 C0 76 C7 76 7F 77 15 76 A0 76 8E 76 71 76 78 76 82 76 66
0x97A4 00 00 00 00 00 00 00 00 00 00 00 00 00 00 00 00 00 00 00 00 00 00 00 00 00 00 00 00 00 00 00 00 00 00 00 00 00 00 00 00 00 27 00 27 00 29 00 28 00 34 00 37 00 27 00 24 00 23 00 24
0x97E0 00 25 00 25 00 26 00 26 00 24 00 25 00 25 00 23 00 22 00 00 00 00 00 00 00 00 00 00 00 00 00 00 00 00 00 00 00 00 00 00 00 00 00 00 00 00 00 00 00 00 00 00 00 00 00 00 00 00 00 00
0x981C 00 00 00 00 00 00 00 00 00 00 00 00 00 00 00 00 00 00 00 00 00 11 00 0E 00 13 00 15 00 12 00 14 00 11 00 16 00 12 00 11 00 13 00 13 00 0D 00 11 00 0C 00 0F 00 16 00 0C 00 13 00 0D
0x9858 00 0E 00 15 00 10 00 0F 00 0E 00 11 00 0C 00 12 00 14 00 0D 00 00 00 07 00 00 00 00 00 00 00 00 00 00 00 00 00 00 00 00 00 00 00 00 00 00 00 00 00 00 00 00 00 00 00 00 00 00 00 00
0x9894 00 07 00 08 00 09 00 8D 01 24 00 6D 00 0A 00 08 00 0A 00 08 00 06 00 05 00 04 00 06 00 05 00 07 00 07 00 05 00 06 00 00 00 00 00 00 00 00 00 00 00 00 00 00 00 00 00 00 00 00 00 00
0x98D0 00 00 00 00 00 00 00 00 00 00 00 00 00 00 00 00 00 00 00 00 00 00 00 00 00 00 00 00 00 00 00 00 00 00 00 00 00 00 00 00 FF F2 FF ED FF FB FF FC FF F7 FF F8 FF F7 FF EC FF F1 FF F2
0x990C 00 00 00 00 00 00 00 00 00 00 00 00 00 00 00 00 00 00 00 00 00 00 00 00 00 00 00 00 00 00 00 00 00 00 00 00 00 00 00 00 00 00 00 00 00 00 00 00 00 00 00 00 00 00 00 00 00 00 00 00
0x9948 00 00 00 00 00 00 00 00 00 00 00 00 00 00 00 00 00 00 00 00 00 00 00 00 00 00 00 00 00 04 00 03 00 00 00 00 00 00 00 00 00 00 00 00 00 00 00 00 00 00 00 00 00 00 00 00 00 00 00 00
0x9984 00 00 00 00 00 00 00 00 00 00 00 00 00 00 00 00 00 00 00 00 00 00 00 00 00 00 00 00 00 04 00 03 00 00 00 00 00 00 00 00 00 00 00 00 00 00 00 00 00 00 00 00 00 00 00 00 00 00 00 00
0x99C0 00 00 00 00 00 00 00 00 00 00 00 00 00 00 00 00 00 00 00 00 00 00 00 00 00 00 00 00 00 00 00 00 00 00 00 00 00 00 00 00 00 00 00 00 00 00 00 00 00 00 00 00 00 00 00 00 00 00 00 00
0x99FC 00 00 00 00 00 00 00 00 00 00 00 00 00 00 00 00 00 00 00 00 00 00 00 00 00 00 00 00 00 00 00 00 00 00 00 00 00 00 00 00 00 00 00 00 00 00 00 00 00 00 00 00 00 00 00 00 00 00 00 00
0x9A38 00 00 00 00 00 00 00 00 00 00 00 00 00 00 00 00 00 00 00 00 00 00 00 00 00 00 00 00 00 00 00 00 00 00 00 00 00 00 00 00 00 00 00 00 00 00 00 00 00 00 00 00 00 00 00 00 00 00 00 00
0x9A74 00 00 00 00 00 00 00 00 00 00 00 00 00 00 00 00 00 00 00 00 00 0F 00 15 00 05 00 04 00 05 00 07 00 0A 00 11 00 10 00 0F 00 08 00 0D 00 04 00 05 00 07 00 06 00 08 00 0F 00 0E 00 00
0x9AB0 00 00 00 00 00 00 00 00 00 00 00 00 00 00 00 00 00 00 00 00 00 00 00 00 00 00 00 00 00 00 00 00 00 00 00 00 00 00 00 00 00 00 00 00 00 00 00 00 00 00 00 00 00 00 00 00 00 00 00 00
0x9AEC 02 01 02 02 02 02 02 02 02 02 02 02 01 01 01 01 02 01 02 01 01 02 01 02 02 02 02 02 02 01 00 00 00 00 00 00 00 00 00 00 00 02 0A 14 00 00 00 00 00 00 00 00 00 00 00 00 00 00 00 00
0x9B28 00 00 00 00 00 00 00 00 00 00 00 00 00 00 00 00 00 00 00 00 00 00 00 00 00 00 00 00 00 00 00 00 00 00 00 00 00 00 00 00 00 00 00 00 00 00 01 01 01 01 01 01 01 01 01 01 01 01 01 01
0x9B64 75 BA 75 A4 75 80 75 BA 75 A7 75 88 75 9C 75 8B 75 5A 75 56 75 80 75 A7 75 BA 75 D6 75 E1 75 DE 75 E2 75 CC 74 EF 74 AE 74 F6 75 80 75 9C 75 8B 75 53 75 E3 76 2B 75 F8 76 14 76 32
0x9BA0 01 01 01 01 01 01 01 01 01 01 01 01 01 01 01 01 01 01 01 01 01 01 01 01 00 00 00 00 00 00 00 00 00 00 00 00 00 00 00 00 00 00 00 00 00 00 00 00 00 00 00 00 00 00 00 00 00 00 00 FF
0x9BDC FF FF FF FF FF FF FF FF FF FF FF FF FF FF FF FF FF FF FF FF FF FF FF FF FF FF FF FF FF FF FF FF FF FF FF FF FF FF FF FF FF FF FF FF FF FF FF FF FF FF FF FF FF FF FF FF FF FF FF FF
0x9C18 FF FF FF FF FF FF FF FF FF FF FF FF FF FF FF FF FF FF FF FF FF FF FF FF FF FF FF FF FF FF FF FF FF FF FF FF FF FF FF FF FF FF FF FF FF FF FF FF FF FF FF FF FF FF FF FF FF FF FF FF
0x9C54 FF FF FF FF FF FF FF FF FF FF FF FF FF FF FF FF FF FF FF FF FF FF FF FF FF FF FF FF FF FF FF FF FF FF FF FF FF FF FF FF FF FF FF FF FF FF FF FF FF FF FF FF FF FF FF FF FF FF FF FF
0x9C90 FF FF FF FF FF FF FF FF FF FF FF FF FF FF FF FF FF FF FF FF FF FF FF FF FF FF FF FF FF FF FF FF FF FF FF FF FF FF FF FF FF FF FF FF FF FF FF FF FF FF FF FF FF FF FF FF FF FF FF FF
0x9CCC FF FF FF FF FF FF FF FF FF FF FF FF FF FF FF FF FF FF FF FF FF FF FF FF FF FF FF FF FF FF FF FF FF FF FF FF FF FF FF FF FF FF FF FF FF FF FF FF FF FF FF FF FF FF FF FF FF FF FF FF
0x9D08 FF FF FF FF FF FF FF FF FF FF FF FF FF FF FF FF FF FF FF FF FF FF FF FF FF FF FF FF FF FF FF FF FF FF FF FF FF FF FF FF FF FF FF FF FF FF FF FF FF FF FF FF FF FF FF FF FF FF FF FF
0x9D44 FF FF FF FF FF FF FF FF FF FF FF FF FF FF FF FF FF FF FF FF 00 00 00 08 FF FA 00 06 FF FF FF FE 00 06 FF FE 00 04 FF FF 00 01 FF FE 00 05 FF FB 00 05 00 02 FF FC 00 02 FF FE FF FE
0x9D80 00 05 FF FD 00 00 00 00 00 00 00 03 00 06 FF FE FF F8 FF F9 00 0B FF FB 00 08 FF FF 00 02 00 00 FF FF 00 02 00 02 00 03 00 02 FF FE FF FF 00 06 FF FF 00 00 FF FF 00 03 00 02 FF FE
0x9DBC FF FF 00 06 FF FD FF FE 00 01 FF FF 00 02 00 06 FF FE FF FD FF F2 00 14 00 00 00 05 FF FB 00 07 FF FD 00 01 00 01 00 03 00 00 00 03 00 00 FF FE 00 03 00 00 00 00 00 03 00 01 00 02
0x9DF8 FF FD FF FF 00 04 FF FF FF FF 00 04 FF FD 00 00 00 05 FF FF 00 00 FF F9 00 0B 00 01 00 03 FF FD 00 07 FF FF 00 01 00 01 00 03 FF FF 00 01 FF FF FF FF 00 01 00 01 00 05 00 03 00 00
0x9E34 FF FF 00 02 FF FD 00 04 FF FE 00 00 00 02 FF FF 00 01 00 07 FF FD FF FF FF FC 00 07 FF FF 00 05 FF FB 00 05 00 00 00 00 00 04 00 00 00 00 FF FF 00 01 FF FD 00 03 FF FC 00 09 00 02
0x9E70 FF FA 00 01 00 02 FF FE 00 05 FF FE 00 00 00 02 FF FE 00 04 00 04 00 02 FF FF FF FD 00 05 FF FA 00 04 00 00 00 02 00 02 FF FE FF FF 00 05 00 01 00 00 FF FF FF FD 00 05 FF FB 00 05
0x9EAC 00 03 FF FD 00 02 FF FC 00 04 00 06 FF FB 00 02 00 06 FF FC 00 04 00 04 FF FF 00 00 FF FC 00 07 FF FB 00 03 00 00 00 00 00 01 FF FC FF FE 00 0C 00 00 00 00 FF FE FF FF 00 03 FF FD
0x9EE8 00 03 00 01 00 00 00 03 00 02 00 01 00 04 FF FE 00 01 00 01 00 02 FF FD 00 07 00 00 00 00 FF FB 00 06 FF FD 00 02 FF FE 00 04 FF FD FF F1 00 08 00 0C 00 02 FF FF 00 01 FF FB 00 02
0x9F24 FF FD 00 05 FF FE 00 03 00 01 00 04 FF FC 00 03 00 06 00 03 FF FF FF F7 FF FC FF FC 00 15 00 00 FF FB 00 07 FF FF 00 03 FF FA 00 06 FF F3 FF F9 00 12 00 04 00 03 FF FF 00 02 FF FA
0x9F60 00 02 FF FD 00 06 FF FE FF FD 00 03 00 07 FF EE 00 02 00 0D 00 09 00 01 FF FB FF FB 00 03 00 0A 00 00 FF FC 00 04 FF FF 00 05 FF FC 00 01 FF FA 00 03 00 0A 00 04 00 00 FF FC 00 01
0x9F9C FF FF 00 01 FF FC 00 06 00 01 FF F8 00 05 00 07 FF F0 FF FC 00 0E 00 0B 00 02 FF FC 00 02 00 05 00 00 00 03 FF FA 00 04 FF FF 00 04 FF FB 00 06 FF FF 00 00 00 04 00 00 FF FE 00 00
0x9FD8 FF FF 00 01 00 01 FF FA FF FC 00 0C FF FB 00 07 00 01 FF FB 00 00 00 05 00 06 00 05 FF FF FF FF 00 02 00 03 00 00 FF FC 00 04 FF FE 00 01 FF FD 00 07 FF FF FF FF 00 00 00 04 00 01
0xA014 FF FD 00 01 FF FE 00 00 FF F7 FF FA 00 0E 00 02 00 03 00 03 FF FA 00 08 FF FE 00 06 00 02 00 01 FF FE 00 04 FF FF 00 00 FF FF 00 07 FF FC 00 03 FF FD 00 02 00 03 FF FC FF FF 00 07
0xA050 00 05 FF FC 00 01 FF FE 00 04 FF FD 00 02 00 01 00 05 00 01 FF FF FF FE 00 07 FF FC 00 02 00 01 00 00 00 02 00 06 FF FF FF FF 00 00 00 07 FF FD 00 04 FF FD 00 04 FF FE FF FC 00 01
0xA08C 00 02 00 07 FF FC 00 02 FF FE 00 05 00 00 00 02 00 03 FF FF FF FF FF FF FF FF FF FF FF FF FF FF FF FF FF FF FF FF FF FF FF FF FF FF FF FF FF FF FF FF FF FF FF FF FF FF FF FF FF FF
0xA0C8 FF FF FF FF FF FF FF FF FF FF FF FF FF FF FF FF FF FF FF FF FF FF FF FF FF FF FF FF FF FF FF FF FF FF FF FF FF FF FF FF FF FF FF FF FF FF FF FF FF FF FF FF FF FF FF FF FF FF FF FF
0xA104 FF FF FF FF FF FF FF FF FF FF FF FF FF FF FF FF FF FF FF FF FF FF FF FF FF FF FF FF FF FF FF FF FF FF FF FF FF FF FF FF FF FF FF FF FF FF FF FF FF 00 00 FF FF FF FF FF FF FF FF FF
0xA140 FF FF FF FF FF FF FF FF FF FF FF FF FF FF FF FF FF FF FF FF 00 00 00 FF FF FF FF FF FF FF FF FF FF FF FF FF FF FF FF FF FF FF FF FF FF FF FF FF FF FF FF FF 00 00 00 FF FF FF FF FF
0xA17C FF FF FF FF FF FF FF FF FF FF FF FF FF FF FF FF FF FF FF FF FF FF FF FF FF FF FF FF FF FF FF FF FF FF FF FF FF FF FF FF FF FF FF FF FF FF FF FF FF FF FF FF FF FF FF FF FF FF FF FF
0xA1B8 FF FF FF FF FF FF FF FF FF FF FF FF FF FF FF FF FF FF FF FF FF FF FF FF FF FF FF FF FF FF FF FF FF FF FF FF FF FF FF FF FF FF FF FF FF FF FF FF FF FF FF FF FF FF FF FF FF FF FF FF
0xA1F4 FF FF FF FF FF FF FF FF FF FF FF FF FF FF FF FF FF FF FF FF FF FF FF FF FF FF FF FF FF FF FF FF FF FF FF FF FF FF FF FF FF FF FF FF FF FF FF FF FF FF FF FF FF FF FF FF FF FF FF FF
0xA230 FF FF FF FF FF FF FF FF FF FF FF FF FF FF FF FF FF FF FF FF FF FF FF FF FF FF FF FF FF FF FF FF FF FF FF FF FF FF FF FF FF FF FF FF FF FF FF FF FF FF FF FF FF FF FF FF FF FF FF FF
0xA26C FF FF FF FF FF FF FF FF FF FF FF FF FF FF FF FF FF FF FF FF FF FF FF FF FF FF FF FF FF FF FF FF FF FF FF FF FF FF FF FF FF FF FF FF FF FF FF FF FF FF FF FF FF FF FF FF FF FF FF FF
0xA2A8 FF FF FF FF FF FF FF FF FF FF FF FF FF FF FF FF FF FF FF FF FF FF FF FF FF FF FF FF FF FF FF FF FF FF FF FF FF FF FF FF FF FF FF FF FF FF FF FF FF FF FF FF FF FF FF FF FF FF FF FF
0xA2E4 FF FF FF FF FF FF FF FF FF FF FF FF FF FF FF FF FF FF FF FF FF FF FF FF FF FF FF FF FF FF FF FF FF FF FF FF FF FF FF FF FF FF FF FF FF FF FF FF FF FF FF FF 22 01 1B 00 3E 01 04 65
0xA320 A7 C3 E1 02 B5 02 1F 14 71 48 93 20 22 04 01 20 01 13 88 0A 09 05 00 00 13 20 04 22 22 22 01 11 11 44 00 3F FF FF 05 DD 03 64 2C 4A 4B 00 01 02 04 05 06 0C 0D 0E 0F 10 11 12 13 18
0xA35C 19 1A 1B 1C 1D 1E 28 29 03 1F 20 21 22 23 FF FF FF FF FF FF 00 02 00 06 00 01 00 04 00 02 00 05 00 03 00 01 00 00 00 02 00 01 00 04 00 02 00 07 00 06 00 08 00 06 00 05 00 02 00 01
0xA398 00 07 00 06 00 02 00 01 00 03 00 01 00 04 00 04 00 0D 00 0C 00 11 38 3D 04 64 1C 1D 19 16 17 1B 1A 18 12 15 13 0D 10 11 00 00 00 00 FF FF FF FF 00 00 00 00 00 00 00 00 00 00 00 00
0xA3D4 FF FF FF FF FF FF FF FF FF FF FF FF 00 00 00 00 00 00 00 00 00 00 00 01 FF FF FF FF FF FF FF FF 00 00 00 00 00 00 00 00 FF FF FF FF 00 00 00 00 FF FF FF FF FF FF FF FF 00 00 00 00
0xA410 FF FF FF FF 00 00 00 01 FF FF FF FF 00 00 00 00 00 00 00 00 00 00 00 00 FF FF FF FF FF FF FF FF FF FF FF FF 00 00 00 00 00 00 00 00 00 00 00 00 00 00 00 01 FF FF FF FF FF FF FF FE
0xA44C 00 00 00 00 00 00 00 01 00 00 00 00 00 00 00 00 00 00 00 00 00 00 00 01 00 00 00 01 00 00 00 01 00 00 00 00 00 00 00 00 FF FF FF FF 00 00 00 00 00 00 00 01 FF FF FF FF 00 00 00 00
0xA488 00 00 00 00 00 00 00 01 FF FF FF FF 00 00 00 01 00 00 00 00 00 00 00 00 00 00 00 00 00 00 00 02 00 00 00 01 00 00 00 01 00 00 00 00 00 00 00 01 00 00 00 01 00 00 00 01 00 00 00 01
0xA4C4 00 00 00 00 00 00 00 00 00 00 00 00 FF FF FF FF 00 00 00 00 00 00 00 00 00 00 00 00 FF FF FF FF 00 00 00 00 00 00 00 00 FF FF FF FF FF FF FF FF 00 00 00 00 00 00 00 00 00 00 00 01
0xA500 FF FF FF FF FF FF FF FF FF FF FF FF FF FF FF FF FF FF FF FF 00 00 00 00 FF FF FF FF FF FF FF FE 00 00 00 00 00 00 00 00 FF FF FF FF FF FF FF FF FF FF FF FF 00 00 00 00 FF FF FF FF
0xA53C 00 00 00 00 00 00 00 00 00 00 00 01 FF FF FF FF 00 00 00 00 FF FF FF FF 00 00 00 00 00 00 00 00 FF FF FF FF FF FF FF FF FF FF FF FE FF FF FF FF 00 00 00 00 FF FF FF FF 00 00 00 01
0xA578 00 00 00 01 FF FF FF FF FF FF FF FF FF FF FF FF FF FF FF FF FF FF FF FF FF FF FF FF 00 00 00 00 00 00 00 00 00 00 00 00 00 00 00 00 FF FF FF FF FF FF FF FE FF FF FF FF FF FF FF FF
0xA5B4 00 00 00 00 FF FF FF FF FF FF FF FF 00 00 00 00 00 00 00 00 FF FF FF FF FF FF FF FF 00 00 00 00 00 00 00 00 00 00 00 00 00 00 00 00 FF FF FF FE 00 00 00 00 00 00 00 00 FF FF FF FF
0xA5F0 00 00 00 00 FF FF FF FF FF FF FF FF 00 00 00 00 FF FF FF FF FF FF FF FF 00 00 00 00 00 00 00 01 FF FF FF FF FF FF FF FC 00 00 00 00 00 00 00 02 FF FF FF FF FF FF FF FF 00 00 00 00
0xA62C FF FF FF FF 00 00 00 00 00 00 00 00 FF FF FF FF FF FF FF FF FF FF FD 2E FF FF FB DA FF FF FD 2D FF FF FB D4 FF FF FD 41 FF FF FB E6 FF FF FD 25 FF FF FB B2 FF FF FD 31 FF FF FB C1
0xA668 FF FF FD 27 FF FF FB B1 FF FF FD 2C FF FF FB B9 FF FF FD 1D FF FF FB AA FF FF FC EF FF FF FB AB FF FF FC ED FF FF FB B7 FF FF FD 12 FF FF FB DF FF FF FD 23 FF FF FB CC FF FF FD 0B
0xA6A4 FF FF FB 9F FF FF FD 25 FF FF FB BC FF FF FD 30 FF FF FB CD FF FF FD 3C FF FF FB C6 FF FF FD 0D FF FF FB 6F FF FF FD 0B FF FF FB 75 FF FF FD 00 FF FF FB 5F FF FF FD 01 FF FF FB 5E
0xA6E0 FF FF FC EF FF FF FB 42 FF FF FC F6 FF FF FB 53 FF FF FC F6 FF FF FB 54 FF FF FC FA FF FF FB 57 FF FF FC E6 FF FF FB 49 FF FF FC ED FF FF FB 39 FF FF FD 04 FF FF FB 64 FF FF FC F3
0xA71C FF FF FB 5E FF FF FD 03 FF FF FB 70 FF FF FD 12 FF FF FB 8C FF FF FD 44 FF FF FB EB FF FF FD 4B FF FF FB F6 FF FF FD 1B FF FF FB 9E FF FF FD 0E FF FF FB 7B FF FF FD 2E FF FF FB A0
0xA758 FF FF FD 14 FF FF FB 73 FF FF FD 38 FF FF FB AF FF FF FD 24 FF FF FB 8B FF FF FD 21 FF FF FB 8A FF FF FD 06 FF FF FB 67 FF FF FC DA FF FF FB 74 FF FF FC CB FF FF FB 70 FF FF FC E2
0xA794 FF FF FB 7D FF FF FC FA FF FF FB 70 FF FF FC F9 FF FF FB 68 FF FF FD 0C FF FF FB 76 FF FF FD 0E FF FF FB 76 FF FF FD 19 FF FF FB 6D FF FF FD 1A FF FF FB C9 FF FF FD 27 FF FF FB E0
0xA7D0 FF FF FD 12 FF FF FB C8 FF FF FD 18 FF FF FB C7 FF FF FD 13 FF FF FB C2 FF FF FD 50 FF FF FC 2C FF FF FD 8E FF FF FC 96 FF FF FD 3E FF FF FC 12 FF FF FD 0E FF FF FB D6 FF FF FC FF
0xA80C FF FF FB A2 FF FF FC FB FF FF FB A4 FF FF FC FA FF FF FB AD FF FF FD 0D FF FF FB C5 FF FF FD 14 FF FF FB D7 FF FF FD 14 FF FF FB DB FF FF FD 13 FF FF FB D4 FF FF FD 1C FF FF FB E3
0xA848 FF FF FD 1C FF FF FB DD FF FF FD 24 FF FF FB DB FF FF FD 0B FF FF FB AF FF FF FD 38 FF FF FB F4 FF FF FD 47 FF FF FC 08 FF FF FD 1C FF FF FB C7 FF FF FD 01 FF FF FB A3 FF FF FC DE
0xA884 FF FF FB B7 FF FF FD 16 FF FF FC 22 FF FF FD 46 FF FF FC 57 FF FF FD 5C FF FF FC 55 FF FF FC F6 FF FF FB A4 FF FF FD 08 FF FF FB B7 FF FF FD 18 FF FF FB CB FF FF FD 1B FF FF FB B6
0xA8C0 FF FF FD 0E FF FF FB 79 FF FF FD 0B FF FF FB 7E FF FF FC ED FF FF FB 54 FF FF FD 03 FF FF FB 70 FF FF FC F7 FF FF FB 65 FF FF FC FA FF FF FB 6C FF FF FD 04 FF FF FB 73 FF FF FC FB
0xA8FC FF FF FB 62 FF FF FC EA FF FF FB 5F FF FF FC F8 FF FF FB 5C FF FF FD 05 FF FF FB 77 FF FF FD 01 FF FF FB 7D FF FF FC FC FF FF FB 72 FF FF FD 00 FF FF FB 7F FF FF FD 0A FF FF FB 95
0xA938 FF FF FD 00 FF FF FB 83 FF FF FC F6 FF FF FB 73 FF FF FC EF FF FF FB 5F FF FF FC FE FF FF FB 6C FF FF FD 04 FF FF FB 6E FF FF FD 25 FF FF FB 99 FF FF FD 25 FF FF FB 9C FF FF FD 1F
0xA974 FF FF FB 95 FF FF FD 11 FF FF FB 83 FF FF FC DE FF FF FB 85 FF FF FC DB FF FF FB 90 FF FF FC EC FF FF FB 94 FF FF FD 02 FF FF FB 87 FF FF FD 04 FF FF FB 84 FF FF FD 14 FF FF FB 8C
0xA9B0 FF FF FE 79 FF FF FD B9 FF FF FE 81 FF FF FD BC FF FF FD 3F FF FF FB AA FF FF FD 39 FF FF FB B1 FF FF FD 2F FF FF FB 9E FF FF FD 38 FF FF FB A9 FF FF FD 28 FF FF FB 91 FF FF FD 29
0xA9EC FF FF FE 5F FF FF FE A2 FF FF FE 26 FF FF FE 80 FF FF FD E9 FF FF FE 63 FF FF FD C3 FF FF FE 69 FF FF FD C6 FF FF FE 6E FF FF FD CF FF FF FE 5E FF FF FD BC FF FF FE 60 FF FF FD BB
0xAA28 FF FF FD 15 FF FF FB D7 FF FF FD 14 FF FF FB DC FF FF FD 0E FF FF FB D3 FF FF FD 1C FF FF FB E5 FF FF FD 26 FF FF FB EB FF FF FD 2C FF FF FB E6 FF FF FD 33 FF FF FB E1 FF FF FD A1
0xAA64 FF FF FC 95 FF FF FD A9 FF FF FC AB FF FF FD 44 FF FF FB FF FF FF FC FC FF FF FB 9C FF FF FC E5 FF FF FB BE FF FF FD 21 FF FF FC 2B FF FF FD 69 FF FF FC 87 FF FF FD 3F FF FF FC 1C
0xAAA0 FF FF FC F9 FF FF FB A3 FF FF FD 05 FF FF FB AF FF FF FD 15 FF FF FB C1 FF FF FD 22 FF FF FB C3 FF FF FC F8 FF FF FB 72 FF FF FC EF FF FF FB 69 FF FF FC D7 FF FF FB 4A FF FF FC EE
0xAADC FF FF FB 69 FF FF FC E9 FF FF FB 67 FF FF FC F7 FF FF FB 83 FF FF FC FC FF FF FB 89 FF FF FC FD FF FF FB 89 FF FF FC F1 FF FF FB 81 FF FF FC FA FF FF FB 7D FF FF FC FF FF FF FB 8C
0xAB18 FF FF FC F8 FF FF FB 8F FF FF FC FF FF FF FB 95 FF FF FC F7 FF FF FB 8F FF FF FC F5 FF FF FB 8E FF FF FC F3 FF FF FB 8A FF FF FC E0 FF FF FB 6B FF FF FC E5 FF FF FB 69 FF FF FC FE
0xAB54 FF FF FB 89 FF FF FD 00 FF FF FB 7F FF FF FD 11 FF FF FB 9A FF FF FD 14 FF FF FB 9A FF FF FD 0F FF FF FB 94 FF FF FC FB FF FF FB 7D FF FF FC CB FF FF FB 82 FF FF FC C8 FF FF FB 8F
0xAB90 FF FF FC DC FF FF FB 99 FF FF FC ED FF FF FB 86 FF FF FC ED FF FF FB 7F FF FF FC FD FF FF FB 87 FF FF FC FD FF FF FB 83 FF FF FD 04 FF FF FB 72 FF FF FD 13 FF FF FB D3 FF FF FD 17
0xABCC FF FF FB E3 FF FF FC FC FF FF FB BE FF FF FD 0B FF FF FB CD FF FF FD 38 FF FF FC 19 FF FF FD 52 FF FF FC 4E FF FF FD 30 FF FF FC 0D FF FF FC FE FF FF FB BC FF FF FC D4 FF FF FB 8E
0xAC08 FF FF FC E3 FF FF FB 92 FF FF FC F2 FF FF FB AD FF FF FC E1 FF FF FB A1 FF FF FC F1 FF FF FB AF FF FF FD 04 FF FF FB D3 FF FF FD 0B FF FF FB E3 FF FF FD 0D FF FF FB E7 FF FF FD 0C
0xAC44 FF FF FB E3 FF FF FD 1D FF FF FB F6 FF FF FD 31 FF FF FC 05 FF FF FD 61 FF FF FC 32 FF FF FD A1 FF FF FC A0 FF FF FD 96 FF FF FC A2 FF FF FD 2F FF FF FB FA FF FF FC F5 FF FF FB AE
0xAC80 FF FF FC CA FF FF FB B2 FF FF FD 04 FF FF FC 10 FF FF FD 35 FF FF FC 49 FF FF FC E3 FF FF FB AC FF FF FC E7 FF FF FB A4 FF FF FC FB FF FF FB BA FF FF FD 07 FF FF FB C6 FF FF FD 19
0xACBC FF FF FD D5 FF FF FE 87 FF FF FD B7 FF FF FE 88 FF FF FD BD FF FF FE 76 FF FF FD A6 FF FF FE 8B FF FF FD C3 FF FF FE 96 FF FF FD D9 FF FF FE 8D FF FF FD D0 FF FF FE 8A FF FF FD C5
0xACF8 FF FF FD 05 FF FF FB 8D FF FF FC F4 FF FF FB 7C FF FF FD 05 FF FF FB 81 FF FF FD 04 FF FF FB 87 FF FF FD 00 FF FF FB 89 FF FF FD 03 FF FF FB 8C FF FF FD 02 FF FF FB 8A FF FF FC F7
0xAD34 FF FF FB 7E FF FF FC EE FF FF FB 73 FF FF FC ED FF FF FB 6F FF FF FC EF FF FF FB 6C FF FF FD 08 FF FF FB 86 FF FF FD 02 FF FF FB 78 FF FF FD 18 FF FF FB 96 FF FF FD 19 FF FF FB 95
0xAD70 FF FF FD 18 FF FF FB 91 FF FF FD 03 FF FF FB 7A FF FF FC D5 FF FF FB 81 FF FF FC CF FF FF FB 8D FF FF FC E5 FF FF FB 9B FF FF FC F8 FF FF FB 86 FF FF FC F3 FF FF FB 76 FF FF FD 02
0xADAC FF FF FB 7E FF FF FD 01 FF FF FB 76 FF FF FD 0C FF FF FB 6F FF FF FF FF FF FF FF FF FF FF FF FF FF FF FF FF FF FF FF FF FF FF FF FF FF FF FF FF FF FF FF FF FF FF FF FF FF FF FF FF
0xADE8 FF FF FF FF FF FF FF FF FF FF FF FF FF FF FF FF FF FF FF FF FF FF FF FF FF FF FF FF FF FF FF FF FF FF FF FF FF FF FF FF FF FF FF FF FF FF FF FF FF FF FF FF FF FF FF FF FF FF FF FF
0xAE24 FF FF FF FF FF FF FF FF FF FF FF FF FF FF FF FF FF FF FF FF FF FF FF FF FF FF FF FF FF FF FF FF FF FF FF FF FF FF FF FF FF FF FF FF FF FF FF FF FF FF FF FF FF FF FF FF FF FF FF FF
0xAE60 FF FF FF FF FF FF FF FF FF FF FF FF FF FF FF FF FF FF FF FF FF FF FF FF FF FF FF FF FF FF FF FF FF FF FF FF FF FF FF FF FF FF FF FF FF FF FF FF FF FF FF FF FF FF FF FF FF FF FF FF
0xAE9C FF FF FF FF FF FF FF FF FF FF FF FF FF FF FF FF FF FF FF FF FF FF FF FF FF FF FF FF FF FF FF FF FF FF FF FF FF FF FF FF FF FF FF FF FF FF FF FF FF FF FF FF FF FF FF FF FF FF FF FF
0xAED8 FF FF FF FF FF FF FF FF FF FF FF FF FF FF FF FF FF FF FF FF FF FF FF FF FF FF FF FF FF FF FF FF FF FF FF FF FF FF FF FF FF FF FF FF FF FF FF FF FF FF FF FF FF FF FF FF FF FF FF FF
0xAF14 FF FF FF FF F2 D7 34 57 A2 BA E4 73 8C BF A0 9C C1 1A EC 88 A9 2A 83 C8 C7 FD F1 23 D8 ED AE 23 76 F6 40 49 19 44 05 03 3B E9 1A 51 36 95 8C CA 59 51 0E 9F 96 47 A0 A2 93 8C B7 46
0xAF50 91 65 92 71 B7 95 2D 84 98 11 5A 4D D7 83 A8 E6 72 D2 8A 7B FD C7 80 34 95 56 92 9E D7 97 A0 B8 67 E8 11 73 F4 34 E3 70 D5 36 90 C0 E3 EC C0 93 3F DD 59 CF BD D2 9A 99 72 5A E3 6A
0xAF8C 46 A6 CC 88 8C 23 45 A6 D4 70 3C 00 F3 6F BD E0 BE 07 77 61 71 88 02 17 60 51 9D 15 71 E5 F3 15 E2 3C 6D 4C EA 18 38 84 36 1A 96 9B BC 51 F4 6F DF FD DD 08 7F D1 9D 01 58 1B 13 71
0xAFC8 08 35 94 82 7B 0C 41 CA 8F 58 79 0A FD 78 EA 1F BD 31 55 34 64 91 F4 E1 3A C7 DB 83 43 16 96 08 B3 53 03 10 87 1E 1C FD 07 E6 B8 88 A3 C6 B7 B6 3E 23 10 E7 F2 F7 9E 57 3A 21 D3 51
0xB004 F2 65 55 8F 6E 7A 86 7B 47 ED 7B 2E 6A BF 0A 70 C8 98 8B 32 4E D6 79 22 A5 F3 72 01 88 3D 53 D1 BB 2E 84 AB B3 2F 5E C9 B4 B8 D6 AC F7 74 60 ED 6F 5C 8E 91 F3 C4 77 1B 78 43 BA CF
0xB040 01 FA 8C 26 EA FC 02 5E F6 F8 23 0B 4C 08 B3 81 8A C4 0F 88 D3 F1 AB 12 9B CD 07 74 A3 36 EC 4A 7F E0 63 70 D7 EB 0A A5 A2 3E 6F E9 E9 BE 2A 73 BA 4D 92 BB 1D 9B 00 54 1C 19 DA 6D
0xB07C D4 B9 E8 D8 00 03 01 3E 09 C8 04 2E 7A A0 83 42 44 2C 15 89 84 D4 02 42 D2 0B 96 61 B2 32 A4 B3 4A 0B 8D 47 12 35 1E 00 00 01 FE 02 02 00 03 00 2A 00 04 00 00 00 05 00 06 00 C6 27
0xB0B8 E9 01 03 02 00 00 00 00 43 00 0E 20 00 00 3C E9 01 03 02 00 00 00 00 43 00 0E 20 00 00 3C E9 01 03 02 00 00 00 00 43 00 0E 20 00 00 3C E9 01 03 02 00 00 00 00 43 00 0E 20 00 00 3C
0xB0F4 00 00 00 00 00 00 00 00 00 00 00 00 00 00 3C C7 95 0E 31 55 21 D3 B5 1E E9 0C BA EC B8 89 19 3E B3 AF 75 81 9D 53 B9 41 57 F4 6D 39 25 29 7C 87 D9 B4 98 45 7D A7 26 9C 65 3B 85 68
0xB130 89 D7 3B BD FF 14 67 F2 2B F0 2A 41 54 F0 FD 2C 66 7C F8 C0 8F 33 13 03 F1 D3 C1 0B 89 D9 1B 62 CD 51 B7 80 B8 AF 3A 10 C1 8A 5B E8 8A 56 F0 8C AA FA 35 E9 42 C4 D8 55 C3 38 CC 2B
0xB16C 53 5C 69 52 D5 C8 73 02 38 7C 73 B6 41 E7 FF 05 D8 2B 79 9A E2 34 60 8F A3 32 1F 09 78 62 BC 80 E3 0F BD 65 20 08 13 C1 E2 EE 53 2D 86 7E A7 5A C5 D3 7D 98 BE 31 48 1F FB DA AF A2
0xB1A8 A8 6A 89 D6 BF F2 D3 32 2A 9A E4 CF 17 B7 B8 F4 E1 33 08 24 8B C4 43 A5 E5 24 C2 03 01 06 FC 28 FE 84 40 CB 9A 87 0D BE 57 3C B6 70 09 88 07 97 2D 2B E3 38 34 B6 6C ED B0 F7 E5 9C
0xB1E4 F6 C2 2E 84 1B E8 B4 51 78 43 1F 28 4B 7C 2D 53 AF FC 47 70 1B 59 6F 74 43 C4 F3 47 18 53 1A A2 A1 71 C7 95 0E 31 55 21 D3 B5 1E E9 0C BA EC B8 89 19 3E B3 AF 75 81 9D 53 B9 41 57
0xB220 F4 6D 39 25 29 7C 87 D9 B4 98 45 7D A7 26 9C 65 3B 85 68 89 D7 3B BD FF 14 67 F2 2B F0 2A 41 54 F0 FD 2C 66 7C F8 C0 8F 33 13 03 F1 D3 C1 0B 89 D9 1B 62 CD 51 B7 80 B8 AF 3A 10 C1
0xB25C 8A 5B E8 8A 56 F0 8C AA FA 35 E9 42 C4 D8 55 C3 38 CC 2B 53 5C 69 52 D5 C8 73 02 38 7C 73 B6 41 E7 FF 05 D8 2B 79 9A E2 34 60 8F A3 32 1F 09 78 62 BC 80 E3 0F BD 65 20 08 13 C1 E2
0xB298 EE 53 2D 86 7E A7 5A C5 D3 7D 98 BE 31 48 1F FB DA AF A2 A8 6A 89 D6 BF F2 D3 32 2A 9A E4 CF 17 B7 B8 F4 E1 33 08 24 8B C4 43 A5 E5 24 C2 05 01 09 02 A1 01 85 01 09 01 A1 00 05 09
0xB2D4 19 01 29 02 15 00 25 01 75 01 95 02 81 02 95 06 81 03 05 01 09 30 09 31 09 38 15 81 25 7F 75 08 95 03 81 06 05 0C 0A 38 02 95 01 81 06 75 08 95 03 81 03 C0 C0 05 0D 09 05 A1 01 85
0xB310 04 05 0D 09 22 A1 02 15 00 25 01 09 47 09 42 95 02 75 01 81 02 75 01 95 02 81 03 95 01 75 04 25 0F 09 51 81 02 05 01 15 00 26 35 10 75 10 55 0E 65 13 09 30 35 00 46 13 02 95 01 81
0xB34C 02 46 3B 01 26 63 08 09 31 81 02 05 0D 09 30 75 10 26 D0 07 46 D0 07 65 21 81 02 C0 05 0D 09 22 A1 02 15 00 25 01 09 47 09 42 95 02 75 01 81 02 75 01 95 02 81 03 95 01 75 04 25 0F
0xB388 09 51 81 02 05 01 15 00 26 35 10 75 10 55 0E 65 13 09 30 35 00 46 13 02 95 01 81 02 46 3B 01 26 63 08 09 31 81 02 05 0D 09 30 75 10 26 D0 07 46 D0 07 65 21 81 02 C0 05 0D 09 22 A1
0xB3C4 02 15 00 25 01 09 47 09 42 95 02 75 01 81 02 75 01 95 02 81 03 95 01 75 04 25 0F 09 51 81 02 05 01 15 00 26 35 10 75 10 55 0E 65 13 09 30 35 00 46 13 02 95 01 81 02 46 3B 01 26 63
0xB400 08 09 31 81 02 05 0D 09 30 75 10 26 D0 07 46 D0 07 65 21 81 02 C0 05 0D 09 22 A1 02 15 00 25 01 09 47 09 42 95 02 75 01 81 02 75 01 95 02 81 03 95 01 75 04 25 0F 09 51 81 02 05 01
0xB43C 15 00 26 35 10 75 10 55 0E 65 13 09 30 35 00 46 13 02 95 01 81 02 46 3B 01 26 63 08 09 31 81 02 05 0D 09 30 75 10 26 D0 07 46 D0 07 65 21 81 02 C0 05 0D 09 22 A1 02 15 00 25 01 09
0xB478 47 09 42 95 02 75 01 81 02 75 01 95 02 81 03 95 01 75 04 25 0F 09 51 81 02 05 01 15 00 26 35 10 75 10 55 0E 65 13 09 30 35 00 46 13 02 95 01 81 02 46 3B 01 26 63 08 09 31 81 02 05
0xB4B4 0D 09 30 75 10 26 D0 07 46 D0 07 65 21 81 02 C0 05 0D 55 0C 66 01 10 47 FF FF 00 00 27 FF FF 00 00 75 10 95 01 09 56 81 02 09 54 25 7F 95 01 75 08 81 02 05 09 09 01 25 01 75 01 95
0xB4F0 01 81 02 95 07 81 03 05 0D 85 02 09 55 09 59 75 04 95 02 25 0F B1 02 85 07 09 60 75 01 95 01 15 00 25 01 B1 02 95 0F B1 03 05 0E 09 01 A1 02 09 23 85 09 15 00 15 64 75 08 95 01 B1
0xB52C 02 C0 06 00 FF 06 00 FF 85 06 09 C5 15 00 26 FF 00 75 08 96 00 01 B1 02 85 0D 09 C4 15 00 26 FF 00 75 08 95 04 B1 02 85 0C 09 C6 96 E0 02 75 08 B1 02 85 0B 09 C7 95 42 75 08 B1 02
0xB568 C0 05 0D 09 0E A1 01 85 03 09 22 A1 00 09 52 15 00 25 0A 75 08 95 02 B1 02 C0 09 22 A1 00 85 05 09 57 09 58 15 00 75 01 95 02 25 03 B1 02 95 0E B1 03 C0 C0 06 00 FF 09 01 A1 01 85
0xB5A4 0E 09 01 19 00 29 FF 15 00 25 FF 95 40 75 08 91 02 09 01 19 00 29 FF 15 00 25 FF 95 40 81 02 C0 BA E3 40 7A 17 67 3A CD 76 F9 89 D8 AC 71 52 3B 58 99 75 C8 C9 65 29 14 F5 1F 4A 72
0xB5E0 7F 9C D4 8D 5A 95 BE FC FF 71 8C C3 2C 5E 48 6A CB A8 FD 25 2D 06 65 B5 E4 57 5B 35 BC 4B 39 A4 46 86 65 C3 DA 89 4C 67 A6 E1 AC 2A 88 33 0D 5B 3B F3 46 10 E9 E1 A2 25 02 18 C8 60
0xB61C FE 2A 59 C2 44 93 67 0B 50 0B C8 CE 0C 3E 89 FD A2 99 E8 D1 4A 9E 35 50 0F B5 7A 98 B5 FD 18 9A BE 97 B5 C0 79 F9 06 CC 45 EA 4E 45 9F 77 A2 04 04 14 00 00 00 00 00 00 00 00 00 00
0xB658 00 00 00 00 00 00 00 00 00 00 00 00 00 00 00 00 00 00 00 00 00 00 00 00 00 00 00 00 00 00 00 00 00 00 00 00 00 00 00 00 00 00 00 00 00 00 00 00 00 00 00 00 00 00 00 00 00 00 00 00
0xB694 00 00 00 00 00 00 00 00 00 00 00 00 00 00 00 00 00 00 00 00 00 00 00 00 00 00 00 00 00 00 00 00 00 00 00 00 00 00 00 00 00 00 00 80 04 02 00 00 00 00 00 00 00 00 00 00 00 00 00 00
0xB6D0 00 00 00 00 00 00 00 00 00 00 00 00 00 00 00 00 00 00 00 00 00 00 00 00 00 00 00 00 00 00 00 00 00 00 00 00 00 00 00 00 00 00 00 00 00 00 00 00 2A 00 04 03 DD 0B 97 02 21 00 13 C6
0xB70C 09 79 03 21 00 00 00 00 00 00 00 00 00 00 00 00 00 00 00 00 00 00 00 00 00 00 6F 2C 02 00 00 00 00 00 00 00 00 00 00 00 00 00 00 00 00 00 00 00 00 00 00 00 00 00 00 00 00 00 00 00
0xB748 00 00 00 00 00 00 00 00 63 90 2C 9A A7 78 8D 4B 15 C1 B4 18 E4 D2 00 51 E2 42 16 F0 A6 E8 88 44 C0 E9 A2 85 13 FB 6F 18 AF 2B 04 C1 67 54 5B A0 E9 82 46 A8 5D F0 7F 08 DC 8D 33 EC
0xB784 B8 35 92 A1 BA 8E A1 BC 1F 6F 3F 43 7F 69 B0 CE A0 E7 60 9C 23 AF 0B D6 89 A5 70 1A F1 6E 20 A5 E3 10 A1 72 F6 DC 64 2F A1 59 25 67 2F F9 A0 6B 12 C5 8F C4 80 B2 8E 94 B0 B1 13 40
0xB7C0 9E 75 B8 21 8F FA D5 EB 00 00 00 00 00 00 00 00 00 00 00 00 00 00 00 00 00 00 00 00 00 00 00 00 00 00 00 00 00 00 00 00 00 00 00 00 00 00 00 00 00 00 00 00 00 00 00 00 00 00 00 00
0xB7FC 00 00 00 00 00 00 00 00 00 00 00 00 00 00 00 00 00 00 00 00 00 00 00 00 00 00 00 00 00 00 00 00 00 00 00 00 00 00 00 00 00 00 00 00 00 00 00 00 00 00 30 41 56 A7 38 7E 87 1E 71 E0
0xB838 AE 39 01 18 BD EB B7 29 06 00 06 00 43 00 0E 20 00 00 05 01 99 84 00 3C 00 00 00 00 00 00 00 00 00 00 00 00 00 00 00 00 00 00 00 00 00 00 00 00 00 00 00 00 00 00 00 00 00 00 00 00
0xB874 00 00 00 00 00 00 00 00 00 00 00 00 00 00 00 00 00 00 00 D4 EF 6E 85 EE F6 A5 2E 80 E4 13 19 53 FA DF FA 21 43 FD 91 CB 7F A6 97 C9 27 96 26 9D 9C FF 2B 84 5F A8 E9 9E 1D 20 E0 6A
0xB8B0 DF 50 00 71 48 7E C1 08 9D 90 16 B2 C6 DF 64 4E 77 EB C2 CA 47 06 0B 63 F3 56 81 20 2B 3E E0 B1 FE 72 96 B2 70 DD 86 71 F7 E3 FD 62 EC 96 38 A3 A3 7D 94 EB 69 59 2E 92 B5 DE E8 98
0xB8EC FD 58 73 38 0B 16 42 E8 87 F5 DB 12 62 BD 21 C9 0B 57 09 15 14 05 84 B9 07 65 E8 1E BD 72 44 BD A6 16 0F 46 B9 EE CE 0E EF AB 6A 3A 7F 79 9C 07 B4 F7 44 BF 98 F0 FB 8A 7A 67 F2 8C
0xB928 EF 2A A7 06 F7 FA A5 A8 EF 4B D0 30 B7 F2 D0 55 54 FF A5 17 E1 82 38 2D CF 7A D0 19 B4 92 0E 3B 09 B1 42 11 2B 2F 62 9F 3F F7 79 5D C7 3D 42 E1 F8 63 90 CF C2 F0 DC 9A 19 EA C9 B1
0xB964 C0 89 58 80 53 6D 34 C1 BC FF 88 8F A7 B1 88 F4 DC 1F 6A E1 D8 74 0B 7D E0 AD 25 85 CE 7F 1A 6A F6 71 61 66 4D 0A A2 A4 7D C8 A8 F7 87 EE 7D 34 37 67 12 B2 53 64 4F C9 78 7D 0B 52
0xB9A0 D1 46 CD 7C 07 69 57 64 E2 0C 06 9B 56 FF 5D 0D 77 EC 88 23 F6 6A C1 BC DA 25 97 96 3A 2E 38 CD 4D B7 19 58 9A EF 30 37 F4 6C 89 E7 F1 A2 D6 F3 88 35 95 CC 83 31 5D 03 40 BD 79 66
0xB9DC CA FB 49 26 08 96 80 94 37 CA E4 AD A5 3F A1 74 71 55 EA 86 47 EA 4C D5 4B 27 85 F2 2D AF 1B 34 2C C5 6B 0D BE 23 50 40 80 F5 30 CE 98 77 E1 84 31 6D 36 AC B0 77 CD 08 72 B9 D4 4A
0xBA18 D5 CF 98 03 D7 CD CE 84 C7 47 CE 80 E3 7B 40 54 CD AE F4 73 32 BE 97 63 37 63 40 B5 DD 5B 08 77 E5 5E AC E9 70 83 C1 03 9C 74 B4 97 AF E9 0E 14 F7 D5 B3 11 74 7C F0 2A A5 9A 7A A7
0xBA54 0A AF 13 7B FF 23 17 74 77 AB 31 A2 46 FB 54 91 4C 69 A3 47 ED E9 58 20 7D 17 07 7A 9E BE 7A 83 B3 76 02 62 96 83 52 74 F3 CD 08 CD FC 70 19 FB 3A F5 FB A8 2C B5 94 66 E4 27 F2 E7
0xBA90 42 02 E0 91 4F F1 A2 A0 75 B5 0D 37 DC 96 E0 4F 01 94 83 1C 6D 7F A2 63 88 67 CB D2 1F AB 13 F2 8F C5 8C 0F A1 F3 A2 7D 69 A5 AB 41 4B D6 23 80 71 EB F5 28 ED 9F 59 02 09 8E 1B 51
0xBACC 39 28 1D 30 E9 F5 5C 81 C7 47 02 E8 36 95 80 40 65 F7 15 92 34 92 4D C0 9D D8 B0 5A E6 E5 02 21 B3 E2 D4 37 BA E9 08 25 DD 61 B4 6D 35 E0 1C 81 0C DC 7B 26 9C 11 B1 41 F9 F8 A4 A6
0xBB08 7C 38 77 C8 E3 C6 3D 90 BB 1B 5A A9 48 9E 39 8C 79 EF 03 C5 A8 21 52 6D C8 5C 60 24 C6 FA 4B 43 DE A3 F0 92 9C 7D 85 01 9C 80 45 A5 96 FE 65 75 27 14 E6 12 8B D7 34 49 C2 AE D2 CE
0xBB44 8D 9D 1B A6 CD 6F 65 BC 96 62 1A C6 8B A6 40 2F 0F 65 D8 E0 34 F5 00 4B A6 02 B3 34 8D 25 11 90 CB 3E 83 36 73 F5 92 27 FE F8 B4 71 2F 23 34 E6 6F DB 30 DA 53 C4 25 A6 88 FA DB E1
0xBB80 F8 6C 2D 26 F6 03 66 37 51 EE 8C 0F AE 4E 28 D0 C0 74 28 36 E2 9A C4 9C D2 FB D6 41 08 44 81 69 A0 EC 29 9F FA E8 0B 7D 6D EF 9C 8B EC CC 84 5C 7F A7 10 2B A5 4B 21 82 01 96 CD 03
0xBBBC BE AD 43 3B 5C B9 1E 10 9E 72 42 A9 A4 D6 E8 43 04 84 E9 C7 EB 4D 08 8C A0 5C 09 C1 D7 CA 5A 6E 98 C4 32 20 89 6F B1 CE AD 61 11 A1 8B E9 CA 49 D8 D7 45 50 78 61 35 E0 4D A7 B1 D8
0xBBF8 64 59 FD 58 27 5C FB 20 D9 5D 56 17 69 73 D2 D2 3F 5D 06 D6 A1 61 64 62 95 0E 28 50 C7 7C 4C 2A 7C 08 E1 4F 49 BB 08 E2 F7 C3 A7 89 DE 2D 88 8C 8B FB 01 20 CB 36 70 81 3F EB 02 15
0xBC34 D3 29 2A 56 C7 81 A7 69 F5 FE 5C 6D F6 5F 14 1C CA 43 E8 28 EB F0 92 93 ED 77 DA 55 60 CD 62 76 CC F3 45 18 61 21 65 A5 55 0B 63 1F 8B 13 12 81 3A 33 10 15 20 80 CD 8D D8 D2 24 34
0xBC70 CE 6F FD 64 FF E9 10 96 8B F0 11 A8 15 45 FB DE 6A 75 E2 CC 59 BD A9 CC F5 61 40 09 D7 03 E4 45 91 14 E4 70 82 EC 2B 35 7B 28 34 D9 FE 89 2E A7 73 29 1A A9 D4 2C EE B2 0A CC 14 64
0xBCAC F7 EB 04 DC 14 0B 70 39 47 AE C8 9F 4F 67 91 33 D3 CD 1E A4 EE EF E2 1A BE 84 A9 D8 1F A4 2B 2B A4 2B 2B A4 2B 2C 2B A4 2B A4 2B A4 A4 2B 2B A4 2B 2C A4 2B 2C A4 2B A4 2B A4 2B A4
0xBCE8 2B 00 01 C4 FF 00 15 C0 FF 00 27 A4 A4 2B 2C 2C 2B 2B 2B 2B 2B 2B 2B A4 2B 2C A4 2B 2C 2B A4 2B 2B 2C 2C A4 2B 98 9D FF 00 01 C4 FF 00 15 C1 FF 00 40 A4 2B A4 2B A4 2B A4 2B A4 2B
0xBD24 A4 2B 2B 2C A4 2B 2B 2B 2C A4 2B 2B 2B A4 A4 2B 2C A4 2B 2B 2B 2B 2B 2B 2B 2B 2B 2B A4 2B 2B A4 2B 2B 90 1F 4A 5A 03 65 02 0C 46 32 02 03 06 FF FF FF FF FF FF FF FF FF FF FF FF FF
0xBD60 FF FF FF FF FF 0B 61 FE B9 92 13 88 20 22 AA 00 01 87 13 88 20 22 AA 00 01 87 85 57 2C 4A 4B 00 01 02 04 05 06 0C 0D 0E 0F 10 11 12 13 18 19 1A 1B 1C 1D 1E 28 29 03 1F 20 21 22 23
0xBD9C FF FF FF FF FF FF FF FF FF FF FF FF FF FF FF FF FF FF 2D 2E 2F 30 31 32 33 34 35 36 37 38 39 3A 3B 3C 3D 3E 3F FF FF FF FF FF FF FF FF FF FF FF FF FF FF FF FF FF FF FF FF FF FF FF
0xBDD8 FF FF FF FF FF FF FF FF 00 00 00 00 00 00 00 00 00 00 00 00 00 00 00 00 00 00 00 00 00 00 00 00 00 00 00 00 00 00 00 00 81 FD 88 00 8C C5 83 58 80 31 7C EB 8E 90 00 19 24 3B 00 0A
0xBE14 00 0A 00 0A 00 0A 00 0A 00 0A 00 0A 00 0A 00 0A 00 0A 00 0A 00 0A AB C5 94 A1 00 0A 00 0A 00 0A 86 30 8D 6E 00 0A B0 DE BE 06 BD B7 00 0A B3 6C 00 0A 00 0A 00 0A 00 0A 00 0A 00 0A
0xBE50 00 0A 00 0A F7 66 00 0A 00 0A 00 0A 00 0A 00 0A 00 0A 00 0A 00 0A 00 0A 00 0A 00 0A 00 0A 00 0A 00 0A FA 9A 00 0A E9 F0 00 0A 00 0A 00 0A 00 0A 00 0A 00 0A D5 35 D0 00 00 0A 00 0A
0xBE8C DB B6 00 0A 00 0A 00 0A 00 0A 00 0A 00 0A 00 0A 00 0A 00 0A 00 0A 00 0A 00 0A 00 0A 00 0A 00 0A 00 0A 00 0A 00 0A 00 0A 00 0A 00 0A 00 0A 00 0A 00 0A 00 0A 00 0A 00 0A 00 0A 00 0A
0xBEC8 00 0A 00 0A 00 0A 00 0A 00 0A 00 0A 00 0A 00 0A 00 0A 00 0A 00 0A 00 0A 00 0A 00 0A 00 0A 00 0A 00 0A 00 0A 00 0A 00 0A 00 0A 00 0A 00 0A 00 0A 00 0A 00 0A 00 0A 1D 60 6B 00 5C 6D
0xBF04 D4 F1 02 DB 76 F7 00 50 00 0A 60 00 04 40 E0 00 20 00 09 00 00 FF 00 FF 13 00 0E 00 05 00 00 7D D0 00 00 00 00 00 00 00 00 00 00 00 00 00 00 00 00 75 02 6A 3A 0F D1 00 FF 00 02 00
0xBF40 C0 00 C0 8F 1D 4D 7C 7C 2A 00 7D A0 C3 00 07 FF FF 00 7D A0 C3 65 A7 C3 E1 00 10 7E 70 02 02 03 C0 01 00 03 C0 01 00 7F 10 7D D0 00 A0 80 0F FC 3C 00 FC CF FE FF FF FF F3 01 40 00
0xBF7C E9 CC 40 AA 2F AB 90 4A D4 C9 C9 5E 00 05 15 29 74 CB 49 00 36 7E E3 81 AE 9E 01 00 00 03 FF 7F 88 03 00 0B 00 0C 00 0C 00 0C 00 0C 00 0C 00 0B 00 0B 00 0D 00 0E 00 0F 00 0F 00 0E
0xBFB8 00 0F 00 0C 00 11 00 10 00 07 00 00 05 67 84 83 DF 69 5E 6B A3 25 2E 0C DC 97 CB C2 FD 8F 4F 83 B9 7E 0E 2B DF EA A0 20 B4 EA 35 63 2B 63 56 88 14 1E E2 57 1F 6D 30 66 6D 31 16 1B
0xBFF4 07 42 06 4A 15 6A 70 19 81 FD 0E 9E 00 00 00 00 00 00 00 00 00 00 00 00 00 00 00 00 00 00 00 00 00 00 00 00 00 00 00 00 00 00 00 00 00 00 00 00 00 00 00 00 00 00 00 00 00 00 00 00
0xC030 00 00 00 00 00 00 00 00 00 00 00 00 00 00 00 00 00 00 00 00 00 00 00 00 00 00 00 00 00 00 00 00 00 00 00 00 00 00 00 00 00 00 00 00 00 00 00 00 00 00 00 00 00 00 00 00 00 00 00 00
0xC06C 00 00 00 00 00 00 00 00 00 00 00 00 00 00 00 00 00 00 00 00 00 00 00 00 00 00 00 00 00 00 00 00 00 00 00 00 00 00 00 00 00 00 00 00 00 00 00 00 00 00 00 00 00 00 00 00 00 00 00 00
0xC0A8 00 00 00 00 00 00 00 00 00 00 00 00 00 00 00 00 00 00 00 00 00 00 00 00 00 00 00 00 00 00 00 00 00 00 00 00 00 00 00 00 00 00 00 00 00 00 00 00 00 00 00 00 00 00 00 00 00 00 00 00
0xC0E4 00 00 00 00 00 00 00 00 00 00 00 00 00 00 00 00 00 00 00 00 00 00 00 00 00 00 00 00 00 00 00 00 00 00 00 00 00 00 00 00 00 00 00 00 00 00 00 00 00 00 00 00 00 00 00 00 00 00 00 00
0xC120 00 00 00 00 00 00 00 00 00 00 00 00 00 00 00 00 00 00 00 00 00 00 00 00 00 00 00 00 00 00 00 00 00 00 00 00 00 00 00 00 00 00 00 00 00 00 00 00 00 00 00 00 00 00 00 00 00 00 00 00
0xC15C 00 00 00 00 00 00 00 00 00 00 00 00 00 00 00 00 00 00 00 00 00 00 00 00 00 00 00 00 00 00 00 00 00 00 00 00 00 00 00 00 00 00 00 00 00 00 00 00 00 00 00 00 00 00 00 00 00 00 00 00
0xC198 00 00 00 00 00 00 00 00 00 00 00 00 00 00 00 00 00 00 00 00 00 00 00 00 00 00 00 00 00 00 00 00 00 00 00 00 00 00 00 00 00 00 00 00 00 00 00 00 00 00 00 00 00 00 00 00 00 00 00 00
0xC1D4 00 00 00 00 00 00 00 00 00 00 00 00 00 00 00 00 00 00 00 00 00 00 00 00 00 00 00 00 00 00 00 00 00 00 00 00 00 00 00 00 00 00 00 00 00 00 00 00 00 00 00 00 00 00 00 00 00 00 00 00
0xC210 00 00 00 00 00 00 00 00 00 00 00 00 00 00 00 00 00 00 00 00 00 00 00 00 00 00 00 00 00 00 00 00 00 00 00 00 00 00 00 00 00 00 00 00 00 00 00 00 00 00 00 00 00 00 00 00 00 00 00 00
0xC24C 00 00 00 00 00 00 00 00 00 00 00 00 00 00 00 00 00 00 00 00 00 00 00 00 00 00 00 00 00 00 00 00 00 00 00 00 00 00 00 00 00 00 00 00 00 00 00 00 00 00 00 00 00 00 00 00 00 00 00 00
0xC288 00 00 00 00 00 00 00 00 00 00 00 00 00 00 00 00 00 00 00 00 00 00 00 00 00 00 00 00 00 00 00 00 00 00 00 00 00 00 00 00 00 00 00 00 00 00 00 00 00 00 00 00 00 00 00 00 00 00 00 00
0xC2C4 00 00 00 00 00 00 00 00 00 00 00 00 00 00 00 00 00 00 00 00 00 00 00 00 00 00 00 00 00 00 00 00 00 00 00 00 00 00 00 00 00 00 00 00 00 00 00 00 00 00 00 00 00 00 00 00 00 00 00 00
0xC300 00 00 00 00 00 00 00 00 00 00 00 00 00 00 00 00 00 00 00 00 00 00 00 00 00 00 00 00 00 00 00 00 00 00 00 00 00 00 00 00 00 00 00 00 00 00 00 00 00 00 00 00 00 00 00 00 00 00 00 00
0xC33C 00 00 00 00 00 00 00 00 00 00 00 00 00 00 00 00 00 00 00 00 00 00 00 00 00 00 00 00 00 00 00 00 00 00 00 00 00 00 00 00 00 00 00 00 00 00 00 00 00 00 00 00 00 00 00 00 00 00 00 00
0xC378 00 00 00 00 00 00 00 00 00 00 00 00 00 00 00 00 00 00 00 00 00 00 00 00 00 00 00 00 00 00 00 00 00 00 00 00 00 00 00 00 00 00 00 00 00 00 00 00 00 00 00 00 00 00 00 00 00 00 00 00
0xC3B4 00 00 00 00 00 00 00 00 00 00 00 00 00 00 00 00 00 00 00 00 00 00 00 00 00 00 00 00 00 00 00 00 00 00 00 00 00 00 00 00 00 00 00 00 00 00 00 00 00 00 00 00 00 00 00 00 00 00 00 00
0xC3F0 00 00 00 00 00 00 00 00 00 00 00 00 00 00 00 00 00 00 00 00 00 00 00 00 00 00 00 00 00 00 00 00 00 00 00 00 00 00 00 00 00 00 00 00 00 00 00 00 00 00 00 00 00 00 00 00 00 00 00 00
0xC42C 00 00 00 00 00 00 00 00 00 00 00 00 00 00 00 00 00 00 00 00 00 00 00 00 00 00 00 00 00 00 00 00 00 00 00 00 00 00 00 00 00 00 00 00 00 00 00 00 00 00 00 00 00 00 00 00 00 00 00 00
0xC468 00 00 00 00 00 00 00 00 00 00 00 00 00 00 00 00 00 00 00 00 00 00 00 00 00 00 00 00 00 00 00 00 00 00 00 00 00 00 00 00 00 00 00 00 00 00 00 00 00 00 00 00 00 00 00 00 00 00 00 00
0xC4A4 00 00 00 00 00 00 00 00 00 00 00 00 00 00 00 00 00 00 00 00 00 00 00 00 00 00 00 00 00 00 00 00 00 00 00 00 00 00 00 00 00 00 00 00 00 00 00 00 00 00 00 00 00 00 00 00 00 00 00 00
0xC4E0 00 00 00 00 00 00 00 00 00 00 00 00 00 00 00 00 00 00 00 00 00 00 00 00 00 00 00 00 00 00 00 00 00 00 00 00 00 00 00 00 00 00 00 00 00 00 00 00 00 00 00 00 00 00 00 00 00 00 00 00
0xC51C 00 00 00 00 00 00 00 00 00 00 00 00 00 00 00 00 00 00 00 00 00 00 00 00 00 00 00 00 00 00 00 00 00 00 00 00 00 00 00 00 00 00 00 00 00 00 00 00 00 00 00 00 00 00 00 00 00 00 00 00
0xC558 00 00 00 00 00 00 00 00 00 00 00 00 00 00 00 00 00 00 00 00 00 00 00 00 00 00 00 00 00 00 00 00 00 00 00 00 00 00 00 00 00 00 00 00 00 00 00 00 00 00 00 00 00 00 00 00 00 00 00 00
0xC594 00 00 00 00 00 00 00 00 00 00 00 00 00 00 00 00 00 00 00 00 00 00 00 00 00 00 00 00 00 00 00 00 00 00 00 00 00 00 00 00 00 00 00 00 00 00 00 00 00 00 00 00 00 00 00 00 00 00 00 00
0xC5D0 00 00 00 00 00 00 00 00 00 00 00 00 00 00 00 00 00 00 00 00 00 00 00 00 00 00 00 00 00 00 00 00 00 00 00 00 00 00 00 00 00 00 00 00 00 00 00 00 00 00 00 00 00 00 00 00 00 00 00 00
0xC60C 00 00 00 00 00 00 00 00 00 00 00 00 00 00 00 00 00 00 00 00 00 00 00 00 00 00 00 00 00 00 00 00 00 00 00 00 00 00 00 00 00 00 00 00 00 00 00 00 00 00 00 00 00 00 00 00 00 00 00 00
0xC648 00 00 00 00 00 00 00 00 00 00 00 00 00 00 00 00 00 00 00 00 00 00 00 00 00 00 00 00 00 00 00 00 00 00 00 00 00 00 00 00 00 00 00 00 00 00 00 00 00 00 00 00 00 00 00 00 00 00 00 00
0xC684 00 00 00 00 00 00 00 00 00 00 00 00 00 00 00 00 00 00 00 00 00 00 00 00 00 00 00 00 00 00 00 00 00 00 00 00 00 00 00 00 00 00 00 00 00 00 00 00 00 00 00 00 00 00 00 00 00 00 00 00
0xC6C0 00 00 00 00 00 00 00 00 00 00 00 00 00 00 00 00 00 00 00 00 00 00 00 00 00 00 00 00 00 00 00 00 00 00 00 00 00 00 00 00 00 00 00 00 00 00 00 00 00 00 00 00 00 00 00 00 00 00 00 00
0xC6FC 00 00 00 00 00 00 00 00 00 00 00 00 00 00 00 00 00 00 00 00 00 00 00 00 00 00 00 00 00 00 00 00 00 00 00 00 00 00 00 00 00 00 00 00 00 00 00 00 00 00 00 00 00 00 00 00 00 00 00 00
0xC738 00 00 00 00 00 00 00 00 00 00 00 00 00 00 00 00 00 00 00 00 00 00 00 00 00 00 00 00 00 00 00 00 00 00 00 00 00 00 00 00 00 00 00 00 00 00 00 00 00 00 00 00 00 00 00 00 00 00 00 00
0xC774 00 00 00 00 00 00 00 00 00 00 00 00 00 00 00 00 00 00 00 00 00 00 00 00 00 00 00 00 00 00 00 00 00 00 00 00 00 00 00 00 00 00 00 00 00 00 00 00 00 00 00 00 00 00 00 00 00 00 00 00
0xC7B0 00 00 00 00 00 00 00 00 00 00 00 00 00 00 00 00 00 00 00 00 00 00 00 00 00 00 00 00 00 00 00 00 00 00 00 00 00 00 00 00 00 00 00 00 00 00 00 00 00 00 00 00 00 00 00 00 00 00 00 00
0xC7EC 00 00 00 00 00 00 00 00 00 00 00 00 00 00 00 00 00 00 00 00 00 00 00 00 00 00 00 00 00 00 00 00 00 00 00 00 00 00 00 00 00 00 00 00 00 00 00 00 00 00 00 00 00 00 00 00 00 00 00 00
0xC828 00 00 00 00 00 00 00 00 00 00 00 00 00 00 00 00 00 00 00 00 00 00 00 00 00 00 00 00 00 00 00 00 00 00 00 00 00 00 00 00 00 00 00 00 00 00 00 00 00 00 00 00 00 00 00 00 00 00 00 00
0xC864 00 00 00 00 00 00 00 00 00 00 00 00 00 00 00 00 00 00 00 00 00 00 00 00 00 00 00 00 00 00 00 00 00 00 00 00 00 00 00 00 00 00 00 00 00 00 00 00 00 00 00 00 00 00 00 00 00 00 00 00
0xC8A0 00 00 00 00 00 00 00 00 00 00 00 00 00 00 00 00 00 00 00 00 00 00 00 00 00 00 00 00 00 00 00 00 00 00 00 00 00 00 00 00 00 00 00 00 00 00 00 00 00 00 00 00 00 00 00 00 00 00 00 00
0xC8DC 00 00 00 00 00 00 00 00 00 00 00 00 00 00 00 00 00 00 00 00 00 00 00 00 00 00 00 00 00 00 00 00 00 00 00 00 00 00 00 00 00 00 00 00 00 00 00 00 00 00 00 00 00 00 00 00 00 00 00 00
0xC918 00 00 00 00 00 00 00 00 00 00 00 00 00 00 00 00 00 00 00 00 00 00 00 00 00 00 00 00 00 00 00 00 00 00 00 00 00 00 00 00 00 00 00 00 00 00 00 00 00 00 00 00 00 00 00 00 00 00 00 00
0xC954 00 00 00 00 00 00 00 00 00 00 00 00 00 00 00 00 00 00 00 00 00 00 00 00 00 00 00 00 00 00 00 00 00 00 00 00 00 00 00 00 00 00 00 00 00 00 00 00 00 00 00 00 00 00 00 00 00 00 00 00
0xC990 00 00 00 00 00 00 00 00 00 00 00 00 00 00 00 00 00 00 00 00 00 00 00 00 00 00 00 00 00 00 00 00 00 00 00 00 00 00 00 00 00 00 00 00 00 00 00 00 00 00 00 00 00 00 00 00 00 00 00 00
0xC9CC 00 00 00 00 00 00 00 00 00 00 00 00 00 00 00 00 00 00 00 00 00 00 00 00 00 00 00 00 00 00 00 00 00 00 00 00 00 00 00 00 00 00 00 00 00 00 00 00 00 00 00 00 00 00 00 00 00 00 00 00
0xCA08 00 00 00 00 00 00 00 00 00 00 00 00 00 00 00 00 00 00 00 00 00 00 00 00 00 00 00 00 00 00 00 00 00 00 00 00 00 00 00 00 00 00 00 00 00 00 00 00 00 00 00 00 00 00 00 00 00 00 00 00
0xCA44 00 00 00 00 00 00 00 00 00 00 00 00 00 00 00 00 00 00 00 00 00 00 00 00 00 00 00 00 00 00 00 00 00 00 00 00 00 00 00 00 00 00 00 00 00 00 00 00 00 00 00 00 00 00 00 00 00 00 00 00
0xCA80 00 00 00 00 00 00 00 00 00 00 00 00 00 00 00 00 00 00 00 00 00 00 00 00 00 00 00 00 00 00 00 00 00 00 00 00 00 00 00 00 00 00 00 00 00 00 00 00 00 00 00 00 00 00 00 00 00 00 00 00
0xCABC 00 00 00 00 00 00 00 00 00 00 00 00 00 00 00 00 00 00 00 00 00 00 00 00 00 00 00 00 00 00 00 00 00 00 00 00 00 00 00 00 00 00 00 00 00 00 00 00 00 00 00 00 00 00 00 00 00 00 00 00
0xCAF8 00 00 00 00 00 00 00 00 00 00 00 00 00 00 00 00 00 00 00 00 00 00 00 00 00 00 00 00 00 00 00 00 00 00 00 00 00 00 00 00 00 00 00 00 00 00 00 00 00 00 00 00 00 00 00 00 00 00 00 00
0xCB34 00 00 00 00 00 00 00 00 00 00 00 00 00 00 00 00 00 00 00 00 00 00 00 00 00 00 00 00 00 00 00 00 00 00 00 00 00 00 00 00 00 00 00 00 00 00 00 00 00 00 00 00 00 00 00 00 00 00 00 00
0xCB70 00 00 00 00 00 00 00 00 00 00 00 00 00 00 00 00 00 00 00 00 00 00 00 00 00 00 00 00 00 00 00 00 00 00 00 00 00 00 00 00 00 00 00 00 00 00 00 00 00 00 00 00 00 00 00 00 00 00 00 00
0xCBAC 00 00 00 00 00 00 00 00 00 00 00 00 00 00 00 00 00 00 00 00 00 00 00 00 00 00 00 00 00 00 00 00 00 00 00 00 00 00 00 00 00 00 00 00 00 00 00 00 00 00 00 00 00 00 00 00 00 00 00 00
0xCBE8 00 00 00 00 00 00 00 00 00 00 00 00 00 00 00 00 00 00 00 00 00 00 00 00 00 00 00 00 00 00 00 00 00 00 00 00 00 00 00 00 00 00 00 00 00 00 00 00 00 00 00 00 00 00 00 00 00 00 00 00
0xCC24 00 00 00 00 00 00 00 00 00 00 00 00 00 00 00 00 00 00 00 00 00 00 00 00 00 00 00 00 00 00 00 00 00 00 00 00 00 00 00 00 00 00 00 00 00 00 00 00 00 00 00 00 00 00 00 00 00 00 00 00
0xCC60 00 00 00 00 00 00 00 00 00 00 00 00 00 00 00 00 00 00 00 00 00 00 00 00 00 00 00 00 00 00 00 00 00 00 00 00 00 00 00 00 00 00 00 00 00 00 00 00 00 00 00 00 00 00 00 00 00 00 00 00
0xCC9C 00 00 00 00 00 00 00 00 00 00 00 00 00 00 00 00 00 00 00 00 00 00 00 00 00 00 00 00 00 00 00 00 00 00 00 00 00 00 00 00 00 00 00 00 00 00 00 00 00 00 00 00 00 00 00 00 00 00 00 00
0xCCD8 00 00 00 00 00 00 00 00 00 00 00 00 00 00 00 00 00 00 00 00 00 00 00 00 00 00 00 00 00 00 00 00 00 00 00 00 00 00 00 00 00 00 00 00 00 00 00 00 00 00 00 00 00 00 00 00 00 00 00 00
0xCD14 00 00 00 00 00 00 00 00 00 00 00 00 00 00 00 00 00 00 00 00 00 00 00 00 00 00 00 00 00 00 00 00 00 00 00 00 00 00 00 00 00 00 00 00 00 00 00 00 00 00 00 00 00 00 00 00 00 00 00 00
0xCD50 00 00 00 00 00 00 00 00 00 00 00 00 00 00 00 00 00 00 00 00 00 00 00 00 00 00 00 00 00 00 00 00 00 00 00 00 00 00 00 00 00 00 00 00 00 00 00 00 00 00 00 00 00 00 00 00 00 00 00 00
0xCD8C 00 00 00 00 00 00 00 00 00 00 00 00 00 00 00 00 00 00 00 00 00 00 00 00 00 00 00 00 00 00 00 00 00 00 00 00 00 00 00 00 00 00 00 00 00 00 00 00 00 00 00 00 00 00 00 00 00 00 00 00
0xCDC8 00 00 00 00 00 00 00 00 00 00 00 00 00 00 00 00 00 00 00 00 00 00 00 00 00 00 00 00 00 00 00 00 00 00 00 00 00 00 00 00 00 00 00 00 00 00 00 00 00 00 00 00 00 00 00 00 00 00 00 00
0xCE04 00 00 00 00 00 00 00 00 00 00 00 00 00 00 00 00 00 00 00 00 00 00 00 00 00 00 00 00 00 00 00 00 00 00 00 00 00 00 00 00 00 00 00 00 00 00 00 00 00 00 00 00 00 00 00 00 00 00 00 00
0xCE40 00 00 00 00 00 00 00 00 00 00 00 00 00 00 00 00 00 00 00 00 00 00 00 00 00 00 00 00 00 00 00 00 00 00 00 00 00 00 00 00 00 00 00 00 00 00 00 00 00 00 00 00 00 00 00 00 00 00 00 00
0xCE7C 00 00 00 00 00 00 00 00 00 00 00 00 00 00 00 00 00 00 00 00 00 00 00 00 00 00 00 00 00 00 00 00 00 00 00 00 00 00 00 00 00 00 00 00 00 00 00 00 00 00 00 00 00 00 00 00 00 00 00 00
0xCEB8 00 00 00 00 00 00 00 00 00 00 00 00 00 00 00 00 00 00 00 00 00 00 00 00 00 00 00 00 00 00 00 00 00 00 00 00 00 00 00 00 00 00 00 00 00 00 00 00 00 00 00 00 00 00 00 00 00 00 00 00
0xCEF4 00 00 00 00 00 00 00 00 00 00 00 00 00 00 00 00 00 00 00 00 00 00 00 00 00 00 00 00 00 00 00 00 00 00 00 00 00 00 00 00 00 00 00 00 00 00 00 00 00 00 00 00 00 00 00 00 00 00 00 00
0xCF30 00 00 00 00 00 00 00 00 00 00 00 00 00 00 00 00 00 00 00 00 00 00 00 00 00 00 00 00 00 00 00 00 00 00 00 00 00 00 00 00 00 00 00 00 00 00 00 00 00 00 00 00 00 00 00 00 00 00 00 00
0xCF6C 00 00 00 00 00 00 00 00 00 00 00 00 00 00 00 00 00 00 00 00 00 00 00 00 00 00 00 00 00 00 00 00 00 00 00 00 00 00 00 00 00 00 00 00 00 00 00 00 00 00 00 00 00 00 00 00 00 00 00 00
0xCFA8 00 00 00 00 00 00 00 00 00 00 00 00 00 00 00 00 00 00 00 00 00 00 00 00 00 00 00 00 00 00 00 00 00 00 00 00 00 00 00 00 00 00 00 00 00 00 00 00 00 00 00 00 00 00 00 00 00 00 00 00
0xCFE4 00 00 00 00 00 00 00 00 00 00 00 00 00 00 00 00 00 00 00 00 00 00 00 00 00 00 00 00 00 00 00 00 00 00 00 00 00 00 00 00 00 00 00 00 00 00 00 00 00 00 00 00 00 00 00 00 00 00 00 00
0xD020 00 00 00 00 00 00 00 00 00 00 00 00 00 00 00 00 00 00 00 00 00 00 00 00 00 00 00 00 00 00 00 00 00 00 00 00 00 00 00 00 00 00 00 00 00 00 00 00 00 00 00 00 00 00 00 00 00 00 00 00
0xD05C 00 00 00 00 00 00 00 00 00 00 00 00 00 00 00 00 00 00 00 00 00 00 00 00 00 00 00 00 00 00 00 00 00 00 00 00 00 00 00 00 00 00 00 00 00 00 00 00 00 00 00 00 00 00 00 00 00 00 00 00
0xD098 00 00 00 00 00 00 00 00 00 00 00 00 00 00 00 00 00 00 00 00 00 00 00 00 00 00 00 00 00 00 00 00 00 00 00 00 00 00 00 00 00 00 00 00 00 00 00 00 00 00 00 00 00 00 00 00 00 00 00 00
0xD0D4 00 00 00 00 00 00 00 00 00 00 00 00 00 00 00 00 00 00 00 00 00 00 00 00 00 00 00 00 00 00 00 00 00 00 00 00 00 00 00 00 00 00 00 00 00 00 00 00 00 00 00 00 00 00 00 00 00 00 00 00
0xD110 00 00 00 00 00 00 00 00 00 00 00 00 00 00 00 00 00 00 00 00 00 00 00 00 00 00 00 00 00 00 00 00 00 00 00 00 00 00 00 00 00 00 00 00 00 00 00 00 00 00 00 00 00 00 00 00 00 00 00 00
0xD14C 00 00 00 00 00 00 00 00 00 00 00 00 00 00 00 00 00 00 00 00 00 00 00 00 00 00 00 00 00 00 00 00 00 00 00 00 00 00 00 00 00 00 00 00 00 00 00 00 00 00 00 00 00 00 00 00 00 00 00 00
0xD188 00 00 00 00 00 00 00 00 00 00 00 00 00 00 00 00 00 00 00 00 00 00 00 00 00 00 00 00 00 00 00 00 00 00 00 00 00 00 00 00 00 00 00 00 00 00 00 00 00 00 00 00 00 00 00 00 00 00 00 00
0xD1C4 00 00 00 00 00 00 00 00 00 00 00 00 00 00 00 00 00 00 00 00 00 00 00 00 00 00 00 00 00 00 00 00 00 00 00 00 00 00 00 00 00 00 00 00 00 00 00 00 00 00 00 00 00 00 00 00 00 00 00 00
0xD200 00 00 00 00 00 00 00 00 00 00 00 00 00 00 00 00 00 00 00 00 00 00 00 00 00 00 00 00 00 00 00 00 00 00 00 00 00 00 00 00 00 00 00 00 00 00 00 00 00 00 00 00 00 00 00 00 00 00 00 00
0xD23C 00 00 00 00 00 00 00 00 00 00 00 00 00 00 00 00 00 00 00 00 00 00 00 00 00 00 00 00 00 00 00 00 00 00 00 00 00 00 00 00 00 00 00 00 00 00 00 00 00 00 00 00 00 00 00 00 00 00 00 00
0xD278 00 00 00 00 00 00 00 00 00 00 00 00 00 00 00 00 00 00 00 00 00 00 00 00 00 00 00 00 00 00 00 00 00 00 00 00 00 00 00 00 00 00 00 00 00 00 00 00 00 00 00 00 00 00 00 00 00 00 00 00
0xD2B4 00 00 00 00 00 00 00 00 00 00 00 00 00 00 00 00 00 00 00 00 00 00 00 00 00 00 00 00 00 00 00 00 00 00 00 00 00 00 00 00 00 00 00 00 00 00 00 00 00 00 00 00 00 00 00 00 00 00 00 00
0xD2F0 00 00 00 00 00 00 00 00 00 00 00 00 00 00 00 00 00 00 00 00 00 00 00 00 00 00 00 00 00 00 00 00 00 00 00 00 00 00 00 00 00 00 00 00 00 00 00 00 00 00 00 00 00 00 00 00 00 00 00 00
0xD32C 00 00 00 00 00 00 00 00 00 00 00 00 00 00 00 00 00 00 00 00 00 00 00 00 00 00 00 00 00 00 00 00 00 00 00 00 00 00 00 00 00 00 00 00 00 00 00 00 00 00 00 00 00 00 00 00 00 00 00 00
0xD368 00 00 00 00 00 00 00 00 00 00 00 00 00 00 00 00 00 00 00 00 00 00 00 00 00 00 00 00 00 00 00 00 00 00 00 00 00 00 00 00 00 00 00 00 00 00 00 00 00 00 00 00 00 00 00 00 00 00 00 00
0xD3A4 00 00 00 00 00 00 00 00 00 00 00 00 00 00 00 00 00 00 00 00 00 00 00 00 00 00 00 00 00 00 00 00 00 00 00 00 00 00 00 00 00 00 00 00 00 00 00 00 00 00 00 00 00 00 00 00 00 00 00 00
0xD3E0 00 00 00 00 00 00 00 00 00 00 00 00 00 00 00 00 00 00 00 00 00 00 00 00 00 00 00 00 00 00 00 00 00 00 00 00 00 00 00 00 00 00 00 00 00 00 00 00 00 00 00 00 00 00 00 00 00 00 00 00
0xD41C 00 00 00 00 00 00 00 00 00 00 00 00 00 00 00 00 00 00 00 00 00 00 00 00 00 00 00 00 00 00 00 00 00 00 00 00 00 00 00 00 00 00 00 00 00 00 00 00 00 00 00 00 00 00 00 00 00 00 00 00
0xD458 00 00 00 00 00 00 00 00 00 00 00 00 00 00 00 00 00 00 00 00 00 00 00 00 00 00 00 00 00 00 00 00 00 00 00 00 00 00 00 00 00 00 00 00 00 00 00 00 00 00 00 00 00 00 00 00 00 00 00 00
0xD494 00 00 00 00 00 00 00 00 00 00 00 00 00 00 00 00 00 00 00 00 00 00 00 00 00 00 00 00 00 00 00 00 00 00 00 00 00 00 00 00 00 00 00 00 00 00 00 00 00 00 00 00 00 00 00 00 00 00 00 00
0xD4D0 00 00 00 00 00 00 00 00 00 00 00 00 00 00 00 00 00 00 00 00 00 00 00 00 00 00 00 00 00 00 00 00 00 00 00 00 00 00 00 00 00 00 00 00 00 00 00 00 00 00 00 00 00 00 00 00 00 00 00 00
0xD50C 00 00 00 00 00 00 00 00 00 00 00 00 00 00 00 00 00 00 00 00 00 00 00 00 00 00 00 00 00 00 00 00 00 00 00 00 00 00 00 00 00 00 00 00 00 00 00 00 00 00 00 00 00 00 00 00 00 00 00 00
0xD548 00 00 00 00 00 00 00 00 00 00 00 00 00 00 00 00 00 00 00 00 00 00 00 00 00 00 00 00 00 00 00 00 00 00 00 00 00 00 00 00 00 00 00 00 00 00 00 00 00 00 00 00 00 00 00 00 00 00 00 00
0xD584 00 00 00 00 00 00 00 00 00 00 00 00 00 00 00 00 00 00 00 00 00 00 00 00 00 00 00 00 00 00 00 00 00 00 00 00 00 00 00 00 00 00 00 00 00 00 00 00 00 00 00 00 00 00 00 00 00 00 00 00
0xD5C0 00 00 00 00 00 00 00 00 00 00 00 00 00 00 00 00 00 00 00 00 00 00 00 00 00 00 00 00 00 00 00 00 00 00 00 00 00 00 00 00 00 00 00 00 00 00 00 00 00 00 00 00 00 00 00 00 00 00 00 00
0xD5FC 00 00 00 00 00 00 00 00 00 00 00 00 00 00 00 00 00 00 00 00 00 00 00 00 00 00 00 00 00 00 00 00 00 00 00 00 00 00 00 00 00 00 00 00 00 00 00 00 00 00 00 00 00 00 00 00 00 00 00 00
0xD638 00 00 00 00 00 00 00 00 00 00 00 00 00 00 00 00 00 00 00 00 00 00 00 00 00 00 00 00 00 00 00 00 00 00 00 00 00 00 00 00 00 00 00 00 00 00 00 00 00 00 00 00 00 00 00 00 00 00 00 00
0xD674 00 00 00 00 00 00 00 00 00 00 00 00 00 00 00 00 00 00 00 00 00 00 00 00 00 00 00 00 00 00 00 00 00 00 00 00 00 00 00 00 00 00 00 00 00 00 00 00 00 00 00 00 00 00 00 00 00 00 00 00
0xD6B0 00 00 00 00 00 00 00 00 00 00 00 00 00 00 00 00 00 00 00 00 00 00 00 00 00 00 00 00 00 00 00 00 00 00 00 00 00 00 00 00 00 00 00 00 00 00 00 00 00 00 00 00 00 00 00 00 00 00 00 00
0xD6EC 00 00 00 00 00 00 00 00 00 00 00 00 00 00 00 00 00 00 00 00 00 00 00 00 00 00 00 00 00 00 00 00 00 00 00 00 00 00 00 00 00 00 00 00 00 00 00 00 00 00 00 00 00 00 00 00 00 00 00 00
0xD728 00 00 00 00 00 00 00 00 00 00 00 00 00 00 00 00 00 00 00 00 00 00 00 00 00 00 00 00 00 00 00 00 00 00 00 00 00 00 00 00 00 00 00 00 00 00 00 00 00 00 00 00 00 00 00 00 00 00 00 00
0xD764 00 00 00 00 00 00 00 00 00 00 00 00 00 00 00 00 00 00 00 00 00 00 00 00 00 00 00 00 00 00 00 00 00 00 00 00 00 00 00 00 00 00 00 00 00 00 00 00 00 00 00 00 00 00 00 00 00 00 00 00
0xD7A0 00 00 00 00 00 00 00 00 00 00 00 00 00 00 00 00 00 00 00 00 00 00 00 00 00 00 00 00 00 00 00 00 00 00 00 00 00 00 00 00 00 00 00 00 00 00 00 00 00 00 00 00 00 00 00 00 00 00 00 00
0xD7DC 00 00 00 00 00 00 00 00 00 00 00 00 00 00 00 00 00 00 00 00 00 00 00 00 00 00 00 00 00 00 00 00 00 00 00 00 00 00 00 00 00 00 00 00 00 00 00 00 00 00 00 00 00 00 00 00 00 00 00 00
0xD818 00 00 00 00 00 00 00 00 00 00 00 00 00 00 00 00 00 00 00 00 00 00 00 00 00 00 00 00 00 00 00 00 00 00 00 00 00 00 00 00 00 00 00 00 00 00 00 00 00 00 00 00 00 00 00 00 00 00 00 00
0xD854 00 00 00 00 00 00 00 00 00 00 00 00 00 00 00 00 00 00 00 00 00 00 00 00 00 00 00 00 00 00 00 00 00 00 00 00 00 00 00 00 00 00 00 00 00 00 00 00 00 00 00 00 00 00 00 00 00 00 00 00
0xD890 00 00 00 00 00 00 00 00 00 00 00 00 00 00 00 00 00 00 00 00 00 00 00 00 00 00 00 00 00 00 00 00 00 00 00 00 00 00 00 00 00 00 00 00 00 00 00 00 00 00 00 00 00 00 00 00 00 00 00 00
0xD8CC 00 00 00 00 00 00 00 00 00 00 00 00 00 00 00 00 00 00 00 00 00 00 00 00 00 00 00 00 00 00 00 00 00 00 00 00 00 00 00 00 00 00 00 00 00 00 00 00 00 00 00 00 00 00 00 00 00 00 00 00
0xD908 00 00 00 00 00 00 00 00 00 00 00 00 00 00 00 00 00 00 00 00 00 00 00 00 00 00 00 00 00 00 00 00 00 00 00 00 00 00 00 00 00 00 00 00 00 00 00 00 00 00 00 00 00 00 00 00 00 00 00 00
0xD944 00 00 00 00 00 00 00 00 00 00 00 00 00 00 00 00 00 00 00 00 00 00 00 00 00 00 00 00 00 00 00 00 00 00 00 00 00 00 00 00 00 00 00 00 00 00 00 00 00 00 00 00 00 00 00 00 00 00 00 00
0xD980 00 00 00 00 00 00 00 00 00 00 00 00 00 00 00 00 00 00 00 00 00 00 00 00 00 00 00 00 00 00 00 00 00 00 00 00 00 00 00 00 00 00 00 00 00 00 00 00 00 00 00 00 00 00 00 00 00 00 00 00
0xD9BC 00 00 00 00 00 00 00 00 00 00 00 00 00 00 00 00 00 00 00 00 00 00 00 00 00 00 00 00 00 00 00 00 00 00 00 00 00 00 00 00 00 00 00 00 00 00 00 00 00 00 00 00 00 00 00 00 00 00 00 00
0xD9F8 00 00 00 00 00 00 00 00 00 00 00 00 00 00 00 00 00 00 00 00 00 00 00 00 00 00 00 00 00 00 00 00 00 00 00 00 00 00 00 00 00 00 00 00 00 00 00 00 00 00 00 00 00 00 00 00 00 00 00 00
0xDA34 00 00 00 00 00 00 00 00 00 00 00 00 00 00 00 00 00 00 00 00 00 00 00 00 00 00 00 00 00 00 00 00 00 00 00 00 00 00 00 00 00 00 00 00 00 00 00 00 00 00 00 00 00 00 00 00 00 00 00 00
0xDA70 00 00 00 00 00 00 00 00 00 00 00 00 00 00 00 00 00 00 00 00 00 00 00 00 00 00 00 00 00 00 00 00 00 00 00 00 00 00 00 00 00 00 00 00 00 00 00 00 00 00 00 00 00 00 00 00 00 00 00 00
0xDAAC 00 00 00 00 00 00 00 00 00 00 00 00 00 00 00 00 00 00 00 00 00 00 00 00 00 00 00 00 00 00 00 00 00 00 00 00 00 00 00 00 00 00 00 00 00 00 00 00 00 00 00 00 00 00 00 00 00 00 00 00
0xDAE8 00 00 00 00 00 00 00 00 00 00 00 00 00 00 00 00 00 00 00 00 00 00 00 00 00 00 00 00 00 00 00 00 00 00 00 00 00 00 00 00 00 00 00 00 00 00 00 00 00 00 00 00 00 00 00 00 00 00 00 00
0xDB24 00 00 00 00 00 00 00 00 00 00 00 00 00 00 00 00 00 00 00 00 00 00 00 00 00 00 00 00 00 00 00 00 00 00 00 00 00 00 00 00 00 00 00 00 00 00 00 00 00 00 00 00 00 00 00 00 00 00 00 00
0xDB60 00 00 00 00 00 00 00 00 00 00 00 00 00 00 00 00 00 00 00 00 00 00 00 00 00 00 00 00 00 00 00 00 00 00 00 00 00 00 00 00 00 00 00 00 00 00 00 00 00 00 00 00 00 00 00 00 00 00 00 00
0xDB9C 00 00 00 00 00 00 00 00 00 00 00 00 00 00 00 00 00 00 00 00 00 00 00 00 00 00 00 00 00 00 00 00 00 00 00 00 00 00 00 00 00 00 00 00 00 00 00 00 00 00 00 00 00 00 00 00 00 00 00 00
0xDBD8 00 00 00 00 00 00 00 00 00 00 00 00 00 00 00 00 00 00 00 00 00 00 00 00 00 00 00 00 00 00 00 00 00 00 00 00 00 00 00 00 00 00 00 00 00 00 00 00 00 00 00 00 00 00 00 00 00 00 00 00
0xDC14 00 00 00 00 00 00 00 00 00 00 00 00 00 00 00 00 00 00 00 00 00 00 00 00 00 00 00 00 00 00 00 00 00 00 00 00 00 00 00 00 00 00 00 00 00 00 00 00 00 00 00 00 00 00 00 00 00 00 00 00
0xDC50 00 00 00 00 00 00 00 00 00 00 00 00 00 00 00 00 00 00 00 00 00 00 00 00 00 00 00 00 00 00 00 00 00 00 00 00 00 00 00 00 00 00 00 00 00 00 00 00 00 00 00 00 00 00 00 00 00 00 00 00
0xDC8C 00 00 00 00 00 00 00 00 00 00 00 00 00 00 00 00 00 00 00 00 00 00 00 00 00 00 00 00 00 00 00 00 00 00 00 00 00 00 00 00 00 00 00 00 00 00 00 00 00 00 00 00 00 00 00 00 00 00 00 00
0xDCC8 00 00 00 00 00 00 00 00 00 00 00 00 00 00 00 00 00 00 00 00 00 00 00 00 00 00 00 00 00 00 00 00 00 00 00 00 00 00 00 00 00 00 00 00 00 00 00 00 00 00 00 00 00 00 00 00 00 00 00 00
0xDD04 00 00 00 00 00 00 00 00 00 00 00 00 00 00 00 00 00 00 00 00 00 00 00 00 00 00 00 00 00 00 00 00 00 00 00 00 00 00 00 00 00 00 00 00 00 00 00 00 00 00 00 00 00 00 00 00 00 00 00 00
0xDD40 00 00 00 00 00 00 00 00 00 00 00 00 00 00 00 00 00 00 00 00 00 00 00 00 00 00 00 00 00 00 00 00 00 00 00 00 00 00 00 00 00 00 00 00 00 00 00 00 00 00 00 00 00 00 00 00 00 00 00 00
0xDD7C 00 00 00 00 00 00 00 00 00 00 00 00 00 00 00 00 00 00 00 00 00 00 00 00 00 00 00 00 00 00 00 00 00 00 00 00 00 00 00 00 00 00 00 00 00 00 00 00 00 00 00 00 00 00 00 00 00 00 00 00
0xDDB8 00 00 00 00 00 00 00 00 00 00 00 00 00 00 00 00 00 00 00 00 00 00 00 00 00 00 00 00 00 00 00 00 00 00 00 00 00 00 00 00 00 00 00 00 00 00 00 00 00 00 00 00 00 00 00 00 00 00 00 00
0xDDF4 00 00 00 00 00 00 00 00 00 00 00 00 00 00 00 00 00 00 00 00 00 00 00 00 00 00 00 00 00 00 00 00 00 00 00 00 00 00 00 00 00 00 00 00 00 00 00 00 00 00 00 00 00 00 00 00 00 00 00 00
0xDE30 00 00 00 00 00 00 00 00 00 00 00 00 00 00 00 00 00 00 00 00 00 00 00 00 00 00 00 00 00 00 00 00 00 00 00 00 00 00 00 00 00 00 00 00 00 00 00 00 00 00 00 00 00 00 00 00 00 00 00 00
0xDE6C 00 00 00 00 00 00 00 00 00 00 00 00 00 00 00 00 00 00 00 00 00 00 00 00 00 00 00 00 00 00 00 00 00 00 00 00 00 00 00 00 00 00 00 00 00 00 00 00 00 00 00 00 00 00 00 00 00 00 00 00
0xDEA8 00 00 00 00 00 00 00 00 00 00 00 00 00 00 00 00 00 00 00 00 00 00 00 00 00 00 00 00 00 00 00 00 00 00 00 00 00 00 00 00 00 00 00 00 00 00 00 00 00 00 00 00 00 00 00 00 00 00 00 00
0xDEE4 00 00 00 00 00 00 00 00 00 00 00 00 00 00 00 00 00 00 00 00 00 00 00 00 00 00 00 00 00 00 00 00 00 00 00 00 00 00 00 00 00 00 00 00 00 00 00 00 00 00 00 00 00 00 00 00 00 00 00 00
0xDF20 00 00 00 00 00 00 00 00 00 00 00 00 00 00 00 00 00 00 00 00 00 00 00 00 00 00 00 00 00 00 00 00 00 00 00 00 00 00 00 00 00 00 00 00 00 00 00 00 00 00 00 00 00 00 00 00 00 00 00 00
0xDF5C 00 00 00 00 00 00 00 00 00 00 00 00 00 00 00 00 00 00 00 00 00 00 00 00 00 00 00 00 00 00 00 00 00 00 00 00 00 00 00 00 00 00 00 00 00 00 00 00 00 00 00 00 00 00 00 00 00 00 00 00
0xDF98 00 00 00 00 00 00 00 00 00 00 00 00 00 00 00 00 00 00 00 00 00 00 00 00 00 00 00 00 00 00 00 00 00 00 00 00 00 00 00 00 00 00 00 00 00 00 00 00 00 00 00 00 00 00 00 00 00 00 00 00
0xDFD4 00 00 00 00 00 00 00 00 00 00 00 00 00 00 00 00 00 00 00 00 00 00 00 00 00 00 00 00 00 00 00 00 00 00 00 00 00 00 00 00 00 00 00 00 00 00 00 00 00 00 00 00 00 00 00 00 00 00 00 00
0xE010 00 00 00 00 00 00 00 00 00 00 00 00 00 00 00 00 00 00 00 00 00 00 00 00 00 00 00 00 00 00 00 00 00 00 00 00 00 00 00 00 00 00 00 00 00 00 00 00 00 00 00 00 00 00 00 00 00 00 00 00
0xE04C 00 00 00 00 00 00 00 00 00 00 00 00 00 00 00 00 00 00 00 00 00 00 00 00 00 00 00 00 00 00 00 00 00 00 00 00 00 00 00 00 00 00 00 00 00 00 00 00 00 00 00 00 00 00 00 00 00 00 00 00
0xE088 00 00 00 00 00 00 00 00 00 00 00 00 00 00 00 00 00 00 00 00 00 00 00 00 00 00 00 00 00 00 00 00 00 00 00 00 00 00 00 00 00 00 00 00 00 00 00 00 00 00 00 00 00 00 00 00 00 00 00 00
0xE0C4 00 00 00 00 00 00 00 00 00 00 00 00 00 00 00 00 00 00 00 00 00 00 00 00 00 00 00 00 00 00 00 00 00 00 00 00 00 00 00 00 00 00 00 00 00 00 00 00 00 00 00 00 00 00 00 00 00 00 00 00
0xE100 00 00 00 00 00 00 00 00 00 00 00 00 00 00 00 00 00 00 00 00 00 00 00 00 00 00 00 00 00 00 00 00 00 00 00 00 00 00 00 00 00 00 00 00 00 00 00 00 00 00 00 00 00 00 00 00 00 00 00 00
0xE13C 00 00 00 00 00 00 00 00 00 00 00 00 00 00 00 00 00 00 00 00 00 00 00 00 00 00 00 00 00 00 00 00 00 00 00 00 00 00 00 00 00 00 00 00 00 00 00 00 00 00 00 00 00 00 00 00 00 00 00 00
0xE178 00 00 00 00 00 00 00 00 00 00 00 00 00 00 00 00 00 00 00 00 00 00 00 00 00 00 00 00 00 00 00 00 00 00 00 00 00 00 00 00 00 00 00 00 00 00 00 00 00 00 00 00 00 00 00 00 00 00 00 00
0xE1B4 00 00 00 00 00 00 00 00 00 00 00 00 00 00 00 00 00 00 00 00 00 00 00 00 00 00 00 00 00 00 00 00 00 00 00 00 00 00 00 00 00 00 00 00 00 00 00 00 00 00 00 00 00 00 00 00 00 00 00 00
0xE1F0 00 00 00 00 00 00 00 00 00 00 00 00 00 00 00 00 00 00 00 00 00 00 00 00 00 00 00 00 00 00 00 00 00 00 00 00 00 00 00 00 00 00 00 00 00 00 00 00 00 00 00 00 00 00 00 00 00 00 00 00
0xE22C 00 00 00 00 00 00 00 00 00 00 00 00 00 00 00 00 00 00 00 00 00 00 00 00 00 00 00 00 00 00 00 00 00 00 00 00 00 00 00 00 00 00 00 00 00 00 00 00 00 00 00 00 00 00 00 00 00 00 00 00
0xE268 00 00 00 00 00 00 00 00 00 00 00 00 00 00 00 00 00 00 00 00 00 00 00 00 00 00 00 00 00 00 00 00 00 00 00 00 00 00 00 00 00 00 00 00 00 00 00 00 00 00 00 00 00 00 00 00 00 00 00 00
0xE2A4 00 00 00 00 00 00 00 00 00 00 00 00 00 00 00 00 00 00 00 00 00 00 00 00 00 00 00 00 00 00 00 00 00 00 00 00 00 00 00 00 00 00 00 00 00 00 00 00 00 00 00 00 00 00 00 00 00 00 00 00
0xE2E0 00 00 00 00 00 00 00 00 00 00 00 00 00 00 00 00 00 00 00 00 00 00 00 00 00 00 00 00 00 00 00 00 00 00 00 00 00 00 00 00 00 00 00 00 00 00 00 00 00 00 00 00 00 00 00 00 00 00 00 00
0xE31C 00 00 00 00 00 00 00 00 00 00 00 00 00 00 00 00 00 00 00 00 00 00 00 00 00 00 00 00 00 00 00 00 00 00 00 00 00 00 00 00 00 00 00 00 00 00 00 00 00 00 00 00 00 00 00 00 00 00 00 00
0xE358 00 00 00 00 00 00 00 00 00 00 00 00 00 00 00 00 00 00 00 00 00 00 00 00 00 00 00 00 00 00 00 00 00 00 00 00 00 00 00 00 00 00 00 00 00 00 00 00 00 00 00 00 00 00 00 00 00 00 00 00
0xE394 00 00 00 00 00 00 00 00 00 00 00 00 00 00 00 00 00 00 00 00 00 00 00 00 00 00 00 00 00 00 00 00 00 00 00 00 00 00 00 00 00 00 00 00 00 00 00 00 00 00 00 00 00 00 00 00 00 00 00 00
0xE3D0 00 00 00 00 00 00 00 00 00 00 00 00 00 00 00 00 00 00 00 00 00 00 00 00 00 00 00 00 00 00 00 00 00 00 00 00 00 00 00 00 00 00 00 00 00 00 00 00 00 00 00 00 00 00 00 00 00 00 00 00
0xE40C 00 00 00 00 00 00 00 00 00 00 00 00 00 00 00 00 00 00 00 00 00 00 00 00 00 00 00 00 00 00 00 00 00 00 00 00 00 00 00 00 00 00 00 00 00 00 00 00 00 00 00 00 00 00 00 00 00 00 00 00
0xE448 00 00 00 00 00 00 00 00 00 00 00 00 00 00 00 00 00 00 00 00 00 00 00 00 00 00 00 00 00 00 00 00 00 00 00 00 00 00 00 00 00 00 00 00 00 00 00 00 00 00 00 00 00 00 00 00 00 00 00 00
0xE484 00 00 00 00 00 00 00 00 00 00 00 00 00 00 00 00 00 00 00 00 00 00 00 00 00 00 00 00 00 00 00 00 00 00 00 00 00 00 00 00 00 00 00 00 00 00 00 00 00 00 00 00 00 00 00 00 00 00 00 00
0xE4C0 00 00 00 00 00 00 00 00 00 00 00 00 00 00 00 00 00 00 00 00 00 00 00 00 00 00 00 00 00 00 00 00 00 00 00 00 00 00 00 00 00 00 00 00 00 00 00 00 00 00 00 00 00 00 00 00 00 00 00 00
0xE4FC 00 00 00 00 00 00 00 00 00 00 00 00 00 00 00 00 00 00 00 00 00 00 00 00 00 00 00 00 00 00 00 00 00 00 00 00 00 00 00 00 00 00 00 00 00 00 00 00 00 00 00 00 00 00 00 00 00 00 00 00
0xE538 00 00 00 00 00 00 00 00 00 00 00 00 00 00 00 00 00 00 00 00 00 00 00 00 00 00 00 00 00 00 00 00 00 00 00 00 00 00 00 00 00 00 00 00 00 00 00 00 00 00 00 00 00 00 00 00 00 00 00 00
0xE574 00 00 00 00 00 00 00 00 00 00 00 00 00 00 00 00 00 00 00 00 00 00 00 00 00 00 00 00 00 00 00 00 00 00 00 00 00 00 00 00 00 00 00 00 00 00 00 00 00 00 00 00 00 00 00 00 00 00 00 00
0xE5B0 00 00 00 00 00 00 00 00 00 00 00 00 00 00 00 00 00 00 00 00 00 00 00 00 00 00 00 00 00 00 00 00 00 00 00 00 00 00 00 00 00 00 00 00 00 00 00 00 00 00 00 00 00 00 00 00 00 00 00 00
0xE5EC 00 00 00 00 00 00 00 00 00 00 00 00 00 00 00 00 00 00 00 00 00 00 00 00 00 00 00 00 00 00 00 00 00 00 00 00 00 00 00 00 00 00 00 00 00 00 00 00 00 00 00 00 00 00 00 00 00 00 00 00
0xE628 00 00 00 00 00 00 00 00 00 00 00 00 00 00 00 00 00 00 00 00 00 00 00 00 00 00 00 00 00 00 00 00 00 00 00 00 00 00 00 00 00 00 00 00 00 00 00 00 00 00 00 00 00 00 00 00 00 00 00 00
0xE664 00 00 00 00 00 00 00 00 00 00 00 00 00 00 00 00 00 00 00 00 00 00 00 00 00 00 00 00 00 00 00 00 00 00 00 00 00 00 00 00 00 00 00 00 00 00 00 00 00 00 00 00 00 00 00 00 00 00 00 00
0xE6A0 00 00 00 00 00 00 00 00 00 00 00 00 00 00 00 00 00 00 00 00 00 00 00 00 00 00 00 00 00 00 00 00 00 00 00 00 00 00 00 00 00 00 00 00 00 00 00 00 00 00 00 00 00 00 00 00 00 00 00 00
0xE6DC 00 00 00 00 00 00 00 00 00 00 00 00 00 00 00 00 00 00 00 00 00 00 00 00 00 00 00 00 00 00 00 00 00 00 00 00 00 00 00 00 00 00 00 00 00 00 00 00 00 00 00 00 00 00 00 00 00 00 00 00
0xE718 00 00 00 00 00 00 00 00 00 00 00 00 00 00 00 00 00 00 00 00 00 00 00 00 00 00 00 00 00 00 00 00 00 00 00 00 00 00 00 00 00 00 00 00 00 00 00 00 00 00 00 00 00 00 00 00 00 00 00 00
0xE754 00 00 00 00 00 00 00 00 00 00 00 00 00 00 00 00 00 00 00 00 00 00 00 00 00 00 00 00 00 00 00 00 00 00 00 00 00 00 00 00 00 00 00 00 00 00 00 00 00 00 00 00 00 00 00 00 00 00 00 00
0xE790 00 00 00 00 00 00 00 00 00 00 00 00 00 00 00 00 00 00 00 00 00 00 00 00 00 00 00 00 00 00 00 00 00 00 00 00 00 00 00 00 00 00 00 00 00 00 00 00 00 00 00 00 00 00 00 00 00 00 00 00
0xE7CC 00 00 00 00 00 00 00 00 00 00 00 00 00 00 00 00 00 00 00 00 00 00 00 00 00 00 00 00 00 00 00 00 00 00 00 00 00 00 00 00 00 00 00 00 00 00 00 00 00 00 00 00 00 00 00 00 00 00 00 00
0xE808 00 00 00 00 00 00 00 00 00 00 00 00 00 00 00 00 00 00 00 00 00 00 00 00 00 00 00 00 00 00 00 00 00 00 00 00 00 00 00 00 00 00 00 00 00 00 00 00 00 00 00 00 00 00 00 00 00 00 00 00
0xE844 00 00 00 00 00 00 00 00 00 00 00 00 00 00 00 00 00 00 00 00 00 00 00 00 00 00 00 00 00 00 00 00 00 00 00 00 00 00 00 00 00 00 00 00 00 00 00 00 00 00 00 00 00 00 00 00 00 00 00 00
0xE880 00 00 00 00 00 00 00 00 00 00 00 00 00 00 00 00 00 00 00 00 00 00 00 00 00 00 00 00 00 00 00 00 00 00 00 00 00 00 00 00 00 00 00 00 00 00 00 00 00 00 00 00 00 00 00 00 00 00 00 00
0xE8BC 00 00 00 00 00 00 00 00 00 00 00 00 00 00 00 00 00 00 00 00 00 00 00 00 00 00 00 00 00 00 00 00 00 00 00 00 00 00 00 00 00 00 00 00 00 00 00 00 00 00 00 00 00 00 00 00 00 00 00 00
0xE8F8 00 00 00 00 00 00 00 00 00 00 00 00 00 00 00 00 00 00 00 00 00 00 00 00 00 00 00 00 00 00 00 00 00 00 00 00 00 00 00 00 00 00 00 00 00 00 00 00 00 00 00 00 00 00 00 00 00 00 00 00
0xE934 00 00 00 00 00 00 00 00 00 00 00 00 00 00 00 00 00 00 00 00 00 00 00 00 00 00 00 00 00 00 00 00 00 00 00 00 00 00 00 00 00 00 00 00 00 00 00 00 00 00 00 00 00 00 00 00 00 00 00 00
0xE970 00 00 00 00 00 00 00 00 00 00 00 00 00 00 00 00 00 00 00 00 00 00 00 00 00 00 00 00 00 00 00 00 00 00 00 00 00 00 00 00 00 00 00 00 00 00 00 00 00 00 00 00 00 00 00 00 00 00 00 00
0xE9AC 00 00 00 00 00 00 00 00 00 00 00 00 00 00 00 00 00 00 00 00 00 00 00 00 00 00 00 00 00 00 00 00 00 00 00 00 00 00 00 00 00 00 00 00 00 00 00 00 00 00 00 00 00 00 00 00 00 00 00 00
0xE9E8 00 00 00 00 00 00 00 00 00 00 00 00 00 00 00 00 00 00 00 00 00 00 00 00 00 00 00 00 00 00 00 00 00 00 00 00 00 00 00 00 00 00 00 00 00 00 00 00 00 00 00 00 00 00 00 00 00 00 00 00
0xEA24 00 00 00 00 00 00 00 00 00 00 00 00 00 00 00 00 00 00 00 00 00 00 00 00 00 00 00 00 00 00 00 00 00 00 00 00 00 00 00 00 00 00 00 00 00 00 00 00 00 00 00 00 00 00 00 00 00 00 00 00
0xEA60 00 00 00 00 00 00 00 00 00 00 00 00 00 00 00 00 00 00 00 00 00 00 00 00 00 00 00 00 00 00 00 00 00 00 00 00 00 00 00 00 00 00 00 00 00 00 00 00 00 00 00 00 00 00 00 00 00 00 00 00
0xEA9C 00 00 00 00 00 00 00 00 00 00 00 00 00 00 00 00 00 00 00 00 00 00 00 00 00 00 00 00 00 00 00 00 00 00 00 00 00 00 00 00 00 00 00 00 00 00 00 00 00 00 00 00 00 00 00 00 00 00 00 00
0xEAD8 00 00 00 00 00 00 00 00 00 00 00 00 00 00 00 00 00 00 00 00 00 00 00 00 00 00 00 00 00 00 00 00 00 00 00 00 00 00 00 00 00 00 00 00 00 00 00 00 00 00 00 00 00 00 00 00 00 00 00 00
0xEB14 00 00 00 00 00 00 00 00 00 00 00 00 00 00 00 00 00 00 00 00 00 00 00 00 00 00 00 00 00 00 00 00 00 00 00 00 00 00 00 00 00 00 00 00 00 00 00 00 00 00 00 00 00 00 00 00 00 00 00 00
0xEB50 00 00 00 00 00 00 00 00 00 00 00 00 00 00 00 00 00 00 00 00 00 00 00 00 00 00 00 00 00 00 00 00 00 00 00 00 00 00 00 00 00 00 00 00 00 00 00 00 00 00 00 00 00 00 00 00 00 00 00 00
0xEB8C 00 00 00 00 00 00 00 00 00 00 00 00 00 00 00 00 00 00 00 00 00 00 00 00 00 00 00 00 00 00 00 00 00 00 00 00 00 00 00 00 00 00 00 00 00 00 00 00 00 00 00 00 00 00 00 00 00 00 00 00
0xEBC8 00 00 00 00 00 00 00 00 00 00 00 00 00 00 00 00 00 00 00 00 00 00 00 00 00 00 00 00 00 00 00 00 00 00 00 00 00 00 00 00 00 00 00 00 00 00 00 00 00 00 00 00 00 00 00 00 00 00 00 00
0xEC04 00 00 00 00 00 00 00 00 00 00 00 00 00 00 00 00 00 00 00 00 00 00 00 00 00 00 00 00 00 00 00 00 00 00 00 00 00 00 00 00 00 00 00 00 00 00 00 00 00 00 00 00 00 00 00 00 00 00 00 00
0xEC40 00 00 00 00 00 00 00 00 00 00 00 00 00 00 00 00 00 00 00 00 00 00 00 00 00 00 00 00 00 00 00 00 00 00 00 00 00 00 00 00 00 00 00 00 00 00 00 00 00 00 00 00 00 00 00 00 00 00 00 00
0xEC7C 00 00 00 00 00 00 00 00 00 00 00 00 00 00 00 00 00 00 00 00 00 00 00 00 00 00 00 00 00 00 00 00 00 00 00 00 00 00 00 00 00 00 00 00 00 00 00 00 00 00 00 00 00 00 00 00 00 00 00 00
0xECB8 00 00 00 00 00 00 00 00 00 00 00 00 00 00 00 00 00 00 00 00 00 00 00 00 00 00 00 00 00 00 00 00 00 00 00 00 00 00 00 00 00 00 00 00 00 00 00 00 00 00 00 00 00 00 00 00 00 00 00 00
0xECF4 00 00 00 00 00 00 00 00 00 00 00 00 00 00 00 00 00 00 00 00 00 00 00 00 00 00 00 00 00 00 00 00 00 00 00 00 00 00 00 00 00 00 00 00 00 00 00 00 00 00 00 00 00 00 00 00 00 00 00 00
0xED30 00 00 00 00 00 00 00 00 00 00 00 00 00 00 00 00 00 00 00 00 00 00 00 00 00 00 00 00 00 00 00 00 00 00 00 00 00 00 00 00 00 00 00 00 00 00 00 00 00 00 00 00 00 00 00 00 00 00 00 00
0xED6C 00 00 00 00 00 00 00 00 00 00 00 00 00 00 00 00 00 00 00 00 00 00 00 00 00 00 00 00 00 00 00 00 00 00 00 00 00 00 00 00 00 00 00 00 00 00 00 00 00 00 00 00 00 00 00 00 00 00 00 00
0xEDA8 00 00 00 00 00 00 00 00 00 00 00 00 00 00 00 00 00 00 00 00 00 00 00 00 00 00 00 00 00 00 00 00 00 00 00 00 00 00 00 00 00 00 00 00 00 00 00 00 00 00 00 00 00 00 00 00 00 00 00 00
0xEDE4 00 00 00 00 00 00 00 00 00 00 00 00 00 00 00 00 00 00 00 00 00 00 00 00 00 00 00 00 00 00 00 00 00 00 00 00 00 00 00 00 00 00 00 00 00 00 00 00 00 00 00 00 00 00 00 00 00 00 00 00
0xEE20 00 00 00 00 00 00 00 00 00 00 00 00 00 00 00 00 00 00 00 00 00 00 00 00 00 00 00 00 00 00 00 00 00 00 00 00 00 00 00 00 00 00 00 00 00 00 00 00 00 00 00 00 00 00 00 00 00 00 00 00
0xEE5C 00 00 00 00 00 00 00 00 00 00 00 00 00 00 00 00 00 00 00 00 00 00 00 00 00 00 00 00 00 00 00 00 00 00 00 00 00 00 00 00 00 00 00 00 00 00 00 00 00 00 00 00 00 00 00 00 00 00 00 00
0xEE98 00 00 00 00 00 00 00 00 00 00 00 00 00 00 00 00 00 00 00 00 00 00 00 00 00 00 00 00 00 00 00 00 00 00 00 00 00 00 00 00 00 00 00 00 00 00 00 00 00 00 00 00 00 00 00 00 00 00 00 00
0xEED4 00 00 00 00 00 00 00 00 00 00 00 00 00 00 00 00 00 00 00 00 00 00 00 00 00 00 00 00 00 00 00 00 00 00 00 00 00 00 00 00 00 00 00 00 00 00 00 00 00 00 00 00 00 00 00 00 00 00 00 00
0xEF10 00 00 00 00 00 00 00 00 00 00 00 00 00 00 00 00 00 00 00 00 00 00 00 00 00 00 00 00 00 00 00 00 00 00 00 00 00 00 00 00 00 00 00 00 00 00 00 00 00 00 00 00 00 00 00 00 00 00 00 00
0xEF4C 00 00 00 00 00 00 00 00 00 00 00 00 00 00 00 00 00 00 00 00 00 00 00 00 00 00 00 00 00 00 00 00 00 00 00 00 00 00 00 00 00 00 00 00 00 00 00 00 00 00 00 00 00 00 00 00 00 00 00 00
0xEF88 00 00 00 00 00 00 00 00 00 00 00 00 00 00 00 00 00 00 00 00 00 00 00 00 00 00 00 00 00 00 00 00 00 00 00 00 00 00 00 00 00 00 00 00 00 00 00 00 00 00 00 00 00 00 00 00 00 00 00 00
0xEFC4 00 00 00 00 00 00 00 00 00 00 00 00 00 00 00 00 00 00 00 00 00 00 00 00 00 00 00 00 00 00 00 00 00 00 00 00 00 00 00 00 00 00 00 00 00 00 00 00 00 00 00 00 00 00 00 00 00 00 00 00
0xF000 00 00 00 00 00 00 00 00 00 00 00 00 00 00 00 00 00 00 00 00 00 00 00 00 00 00 00 00 00 00 00 00 00 00 00 00 00 00 00 00 00 00 00 00 00 00 00 00 00 00 00 00 00 00 00 00 00 00 00 00
0xF03C 00 00 00 00 00 00 00 00 00 00 00 00 00 00 00 00 00 00 00 00 00 00 00 00 00 00 00 00 00 00 00 00 00 00 00 00 00 00 00 00 00 00 00 00 00 00 00 00 00 00 00 00 00 00 00 00 00 00 00 00
0xF078 00 00 00 00 00 00 00 00 00 00 00 00 00 00 00 00 00 00 00 00 00 00 00 00 00 00 00 00 00 00 00 00 00 00 00 00 00 00 00 00 00 00 00 00 00 00 00 00 00 00 00 00 00 00 00 00 00 00 00 00
0xF0B4 00 00 00 00 00 00 00 00 00 00 00 00 00 00 00 00 00 00 00 00 00 00 00 00 00 00 00 00 00 00 00 00 00 00 00 00 00 00 00 00 00 00 00 00 00 00 00 00 00 00 00 00 00 00 00 00 00 00 00 00
0xF0F0 00 00 00 00 00 00 00 00 00 00 00 00 00 00 00 00 00 00 00 00 00 00 00 00 00 00 00 00 00 00 00 00 00 00 00 00 00 00 00 00 00 00 00 00 00 00 00 00 00 00 00 00 00 00 00 00 00 00 00 00
0xF12C 00 00 00 00 00 00 00 00 00 00 00 00 00 00 00 00 00 00 00 00 00 00 00 00 00 00 00 00 00 00 00 00 00 00 00 00 00 00 00 00 00 00 00 00 00 00 00 00 00 00 00 00 00 00 00 00 00 00 00 00
0xF168 00 00 00 00 00 00 00 00 00 00 00 00 00 00 00 00 00 00 00 00 00 00 00 00 00 00 00 00 00 00 00 00 00 00 00 00 00 00 00 00 00 00 00 00 00 00 00 00 00 00 00 00 00 00 00 00 00 00 00 00
0xF1A4 00 00 00 00 00 00 00 00 00 00 00 00 00 00 00 00 00 00 00 00 00 00 00 00 00 00 00 00 00 00 00 00 00 00 00 00 00 00 00 00 00 00 00 00 00 00 00 00 00 00 00 00 00 00 00 00 00 00 00 00
0xF1E0 00 00 00 00 00 00 00 00 00 00 00 00 00 00 00 00 00 00 00 00 00 00 00 00 00 00 00 00 00 00 00 00 00 00 00 00 00 00 00 00 00 00 00 00 00 00 00 00 00 00 00 00 00 00 00 00 00 00 00 00
0xF21C 00 00 00 00 00 00 00 00 00 00 00 00 00 00 00 00 00 00 00 00 00 00 00 00 00 00 00 00 00 00 00 00 00 00 00 00 00 00 00 00 00 00 00 00 00 00 00 00 00 00 00 00 00 00 00 00 00 00 00 00
0xF258 00 00 00 00 00 00 00 00 00 00 00 00 00 00 00 00 00 00 00 00 00 00 00 00 00 00 00 00 00 00 00 00 00 00 00 00 00 00 00 00 00 00 00 00 00 00 00 00 00 00 00 00 00 00 00 00 00 00 00 00
0xF294 00 00 00 00 00 00 00 00 00 00 00 00 00 00 00 00 00 00 00 00 00 00 00 00 00 00 00 00 00 00 00 00 00 00 00 00 00 00 00 00 00 00 00 00 00 00 00 00 00 00 00 00 00 00 00 00 00 00 00 00
0xF2D0 00 00 00 00 00 00 00 00 00 00 00 00 00 00 00 00 00 00 00 00 00 00 00 00 00 00 00 00 00 00 00 00 00 00 00 00 00 00 00 00 00 00 00 00 00 00 00 00 00 00 00 00 00 00 00 00 00 00 00 00
0xF30C 00 00 00 00 00 00 00 00 00 00 00 00 00 00 00 00 00 00 00 00 00 00 00 00 00 00 00 00 00 00 00 00 00 00 00 00 00 00 00 00 00 00 00 00 00 00 00 00 00 00 00 00 00 00 00 00 00 00 00 00
0xF348 00 00 00 00 00 00 00 00 00 00 00 00 00 00 00 00 00 00 00 00 00 00 00 00 00 00 00 00 00 00 00 00 00 00 00 00 00 00 00 00 00 00 00 00 00 00 00 00 00 00 00 00 00 00 00 00 00 00 00 00
0xF384 00 00 00 00 00 00 00 00 00 00 00 00 00 00 00 00 00 00 00 00 00 00 00 00 00 00 00 00 00 00 00 00 00 00 00 00 00 00 00 00 00 00 00 00 00 00 00 00 00 00 00 00 00 00 00 00 00 00 00 00
0xF3C0 00 00 00 00 00 00 00 00 00 00 00 00 00 00 00 00 00 00 00 00 00 00 00 00 00 00 00 00 00 00 00 00 00 00 00 00 00 00 00 00 00 00 00 00 00 00 00 00 00 00 00 00 00 00 00 00 00 00 00 00
0xF3FC 00 00 00 00 00 00 00 00 00 00 00 00 00 00 00 00 00 00 00 00 00 00 00 00 00 00 00 00 00 00 00 00 00 00 00 00 00 00 00 00 00 00 00 00 00 00 00 00 00 00 00 00 00 00 00 00 00 00 00 00
0xF438 00 00 00 00 00 00 00 00 00 00 00 00 00 00 00 00 00 00 00 00 00 00 00 00 00 00 00 00 00 00 00 00 00 00 00 00 00 00 00 00 00 00 00 00 00 00 00 00 00 00 00 00 00 00 00 00 00 00 00 00
0xF474 00 00 00 00 00 00 00 00 00 00 00 00 00 00 00 00 00 00 00 00 00 00 00 00 00 00 00 00 00 00 00 00 00 00 00 00 00 00 00 00 00 00 00 00 00 00 00 00 00 00 00 00 00 00 00 00 00 00 00 00
0xF4B0 00 00 00 00 00 00 00 00 00 00 00 00 00 00 00 00 00 00 00 00 00 00 00 00 00 00 00 00 00 00 00 00 00 00 00 00 00 00 00 00 00 00 00 00 00 00 00 00 00 00 00 00 00 00 00 00 00 00 00 00
0xF4EC 00 00 00 00 00 00 00 00 00 00 00 00 00 00 00 00 00 00 00 00 00 00 00 00 00 00 00 00 00 00 00 00 00 00 00 00 00 00 00 00 00 00 00 00 00 00 00 00 00 00 00 00 00 00 00 00 00 00 00 00
0xF528 00 00 00 00 00 00 00 00 00 00 00 00 00 00 00 00 00 00 00 00 00 00 00 00 00 00 00 00 00 00 00 00 00 00 00 00 00 00 00 00 00 00 00 00 00 00 00 00 00 00 00 00 00 00 00 00 00 00 00 00
0xF564 00 00 00 00 00 00 00 00 00 00 00 00 00 00 00 00 00 00 00 00 00 00 00 00 00 00 00 00 00 00 00 00 00 00 00 00 00 00 00 00 00 00 00 00 00 00 00 00 00 00 00 00 00 00 00 00 00 00 00 00
0xF5A0 00 00 00 00 00 00 00 00 00 00 00 00 00 00 00 00 00 00 00 00 00 00 00 00 00 00 00 00 00 00 00 00 00 00 00 00 00 00 00 00 00 00 00 00 00 00 00 00 00 00 00 00 00 00 00 00 00 00 00 00
0xF5DC 00 00 00 00 00 00 00 00 00 00 00 00 00 00 00 00 00 00 00 00 00 00 00 00 00 00 00 00 00 00 00 00 00 00 00 00 00 00 00 00 00 00 00 00 00 00 00 00 00 00 00 00 00 00 00 00 00 00 00 00
0xF618 00 00 00 00 00 00 00 00 00 00 00 00 00 00 00 00 00 00 00 00 00 00 00 00 00 00 00 00 00 00 00 00 00 00 00 00 00 00 00 00 00 00 00 00 00 00 00 00 00 00 00 00 00 00 00 00 00 00 00 00
0xF654 00 00 00 00 00 00 00 00 00 00 00 00 00 00 00 00 00 00 00 00 00 00 00 00 00 00 00 00 00 00 00 00 00 00 00 00 00 00 00 00 00 00 00 00 00 00 00 00 00 00 00 00 00 00 00 00 00 00 00 00
0xF690 00 00 00 00 00 00 00 00 00 00 00 00 00 00 00 00 00 00 00 00 00 00 00 00 00 00 00 00 00 00 00 00 00 00 00 00 00 00 00 00 00 00 00 00 00 00 00 00 00 00 00 00 00 00 00 00 00 00 00 00
0xF6CC 00 00 00 00 00 00 00 00 00 00 00 00 00 00 00 00 00 00 00 00 00 00 00 00 00 00 00 00 00 00 00 00 00 00 00 00 00 00 00 00 00 00 00 00 00 00 00 00 00 00 00 00 00 00 00 00 00 00 00 00
0xF708 00 00 00 00 00 00 00 00 00 00 00 00 00 00 00 00 00 00 00 00 00 00 00 00 00 00 00 00 00 00 00 00 00 00 00 00 00 00 00 00 00 00 00 00 00 00 00 00 00 00 00 00 00 00 00 00 00 00 00 00
0xF744 00 00 00 00 00 00 00 00 00 00 00 00 00 00 00 00 00 00 00 00 00 00 00 00 00 00 00 00 00 00 00 00 00 00 00 00 00 00 00 00 00 00 00 00 00 00 00 00 00 00 00 00 00 00 00 00 00 00 00 00
0xF780 00 00 00 00 00 00 00 00 00 00 00 00 00 00 00 00 00 00 00 00 00 00 00 00 00 00 00 00 00 00 00 00 00 00 00 00 00 00 00 00 00 00 00 00 00 00 00 00 00 00 00 00 00 00 00 00 00 00 00 00
0xF7BC 00 00 00 00 00 00 00 00 00 00 00 00 00 00 00 00 00 00 00 00 00 00 00 00 00 00 00 00 00 00 00 00 00 00 00 00 00 00 00 00 00 00 00 00 00 00 00 00 00 00 00 00 00 00 00 00 00 00 00 00
0xF7F8 00 00 00 00 00 00 00 00 00 00 00 00 00 00 00 00 00 00 00 00 00 00 00 00 00 00 00 00 00 00 00 00 00 00 00 00 00 00 00 00 00 00 00 00 00 00 00 00 00 00 00 00 00 00 00 00 00 00 00 00
0xF834 00 00 00 00 00 00 00 00 00 00 00 00 00 00 00 00 00 00 00 00 00 00 00 00 00 00 00 00 00 00 00 00 00 00 00 00 00 00 00 00 00 00 00 00 00 00 00 00 00 00 00 00 00 00 00 00 00 00 00 00
0xF870 00 00 00 00 00 00 00 00 00 00 00 00 00 00 00 00 00 00 00 00 00 00 00 00 00 00 00 00 00 00 00 00 00 00 00 00 00 00 00 00 00 00 00 00 00 00 00 00 00 00 00 00 00 00 00 00 00 00 00 00
0xF8AC 00 00 00 00 00 00 00 00 00 00 00 00 00 00 00 00 00 00 00 00 00 00 00 00 00 00 00 00 00 00 00 00 00 00 00 00 00 00 00 00 00 00 00 00 00 00 00 00 00 00 00 00 00 00 00 00 00 00 00 00
0xF8E8 00 00 00 00 00 00 00 00 00 00 00 00 00 00 00 00 00 00 00 00 00 00 00 00 00 00 00 00 00 00 00 00 00 00 00 00 00 00 00 00 00 00 00 00 00 00 00 00 00 00 00 00 00 00 00 00 00 00 00 00
0xF924 00 00 00 00 00 00 00 00 00 00 00 00 00 00 00 00 00 00 00 00 00 00 00 00 00 00 00 00 00 00 00 00 00 00 00 00 00 00 00 00 00 00 00 00 00 00 00 00 00 00 00 00 00 00 00 00 00 00 00 00
0xF960 00 00 00 00 00 00 00 00 00 00 00 00 00 00 00 00 00 00 00 00 00 00 00 00 00 00 00 00 00 00 00 00 00 00 00 00 00 00 00 00 00 00 00 00 00 00 00 00 00 00 00 00 00 00 00 00 00 00 00 00
0xF99C 00 00 00 00 00 00 00 00 00 00 00 00 00 00 00 00 00 00 00 00 00 00 00 00 00 00 00 00 00 00 00 00 00 00 00 00 00 00 00 00 00 00 00 00 00 00 00 00 00 00 00 00 00 00 00 00 00 00 00 00
0xF9D8 00 00 00 00 00 00 00 00 00 00 00 00 00 00 00 00 00 00 00 00 00 00 00 00 00 00 00 00 00 00 00 00 00 00 00 00 00 00 00 00 00 00 00 00 00 00 00 00 00 00 00 00 00 00 00 00 00 00 00 00
0xFA14 00 00 00 00 00 00 00 00 00 00 00 00 00 00 00 00 00 00 00 00 00 00 00 00 00 00 00 00 00 00 00 00 00 00 00 00 00 00 00 00 00 00 00 00 00 00 00 00 00 00 00 00 00 00 00 00 00 00 00 00
0xFA50 00 00 00 00 00 00 00 00 00 00 00 00 00 00 00 00 00 00 00 00 00 00 00 00 00 00 00 00 00 00 00 00 00 00 00 00 00 00 00 00 00 00 00 00 00 00 00 00 00 00 00 00 00 00 00 00 00 00 00 00
0xFA8C 00 00 00 00 00 00 00 00 00 00 00 00 00 00 00 00 00 00 00 00 00 00 00 00 00 00 00 00 00 00 00 00 00 00 00 00 00 00 00 00 00 00 00 00 00 00 00 00 00 00 00 00 00 00 00 00 00 00 00 00
0xFAC8 00 00 00 00 00 00 00 00 00 00 00 00 00 00 00 00 00 00 00 00 00 00 00 00 00 00 00 00 00 00 00 00 00 00 00 00 00 00 00 00 00 00 00 00 00 00 00 00 00 00 00 00 00 00 00 00 00 00 00 00
0xFB04 00 00 00 00 00 00 00 00 00 00 00 00 00 00 00 00 00 00 00 00 00 00 00 00 00 00 00 00 00 00 00 00 00 00 00 00 00 00 00 00 00 00 00 00 00 00 00 00 00 00 00 00 00 00 00 00 00 00 00 00
0xFB40 00 00 00 00 00 00 00 00 00 00 00 00 00 00 00 00 00 00 00 00 00 00 00 00 00 00 00 00 00 00 00 00 00 00 00 00 00 00 00 00 00 00 00 00 00 00 00 00 00 00 00 00 00 00 00 00 00 00 00 00
0xFB7C 00 00 00 00 00 00 00 00 00 00 00 00 00 00 00 00 00 00 00 00 00 00 00 00 00 00 00 00 00 00 00 00 00 00 00 00 00 00 00 00 00 00 00 00 00 00 00 00 00 00 00 00 00 00 00 00 00 00 00 00
0xFBB8 00 00 00 00 00 00 00 00 00 00 00 00 00 00 00 00 00 00 00 00 00 00 00 00 00 00 00 00 00 00 00 00 00 00 00 00 00 00 00 00 00 00 00 00 00 00 00 00 00 00 00 00 00 00 00 00 00 00 00 00
0xFBF4 00 00 00 00 00 00 00 00 00 00 00 00 00 00 00 00 00 00 00 00 00 00 00 00 00 00 00 00 00 00 00 00 00 00 00 00 00 00 00 00 00 00 00 00 00 00 00 00 00 00 00 00 00 00 00 00 00 00 00 00
0xFC30 00 00 00 00 00 00 00 00 00 00 00 00 00 00 00 00 00 00 00 00 00 00 00 00 00 00 00 00 00 00 00 00 00 00 00 00 00 00 00 00 00 00 00 00 00 00 00 00 00 00 00 00 00 00 00 00 00 00 00 00
0xFC6C 00 00 00 00 00 00 00 00 00 00 00 00 00 00 00 00 00 00 00 00 00 00 00 00 00 00 00 00 00 00 00 00 00 00 00 00 00 00 00 00 00 00 00 00 00 00 00 00 00 00 00 00 00 00 00 00 00 00 00 00
0xFCA8 00 00 00 00 00 00 00 00 00 00 00 00 00 00 00 00 00 00 00 00 00 00 00 00 00 00 00 00 00 00 00 00 00 00 00 00 00 00 00 00 00 00 00 00 00 00 00 00 00 00 00 00 00 00 00 00 00 00 00 00
0xFCE4 00 00 00 00 00 00 00 00 00 00 00 00 00 00 00 00 00 00 00 00 00 00 00 00 00 00 00 00 00 00 00 00 00 00 00 00 00 00 00 00 00 00 00 00 00 00 00 00 00 00 00 00 00 00 00 00 00 00 00 00
0xFD20 00 00 00 00 00 00 00 00 00 00 00 00 00 00 00 00 00 00 00 00 00 00 00 00 00 00 00 00 00 00 00 00 00 00 00 00 00 00 00 00 00 00 00 00 00 00 00 00 00 00 00 00 00 00 00 00 00 00 00 00
0xFD5C 00 00 00 00 00 00 00 00 00 00 00 00 00 00 00 00 00 00 00 00 00 00 00 00 00 00 00 00 00 00 00 00 00 00 00 00 00 00 00 00 00 00 00 00 00 00 00 00 00 00 00 00 00 00 00 00 00 00 00 00
0xFD98 00 00 00 00 00 00 00 00 00 00 00 00 00 00 00 00 00 00 00 00 00 00 00 00 00 00 00 00 00 00 00 00 00 00 00 00 00 00 00 00 00 00 00 00 00 00 00 00 00 00 00 00 00 00 00 00 00 00 00 00
0xFDD4 00 00 00 00 00 00 00 00 00 00 00 00 00 00 00 00 00 00 00 00 00 00 00 00 00 00 00 00 00 00 00 00 00 00 00 00 00 00 00 00 00 00 00 00 00 00 00 00 00 00 00 00 00 00 00 00 00 00 00 00
0xFE10 00 00 00 00 00 00 00 00 00 00 00 00 00 00 00 00 00 00 00 00 00 00 00 00 00 00 00 00 00 00 00 00 00 00 00 00 00 00 00 00 00 00 00 00 00 00 00 00 00 00 00 00 00 00 00 00 00 00 00 00
0xFE4C 00 00 00 00 00 00 00 00 00 00 00 00 00 00 00 00 00 00 00 00 00 00 00 00 00 00 00 00 00 00 00 00 00 00 00 00 00 00 00 00 00 00 00 00 00 00 00 00 00 00 00 00 00 00 00 00 00 00 00 00
0xFE88 00 00 00 00 00 00 00 00 00 00 00 00 00 00 00 00 00 00 00 00 00 00 00 00 00 00 00 00 00 00 00 00 00 00 00 00 00 00 00 00 00 00 00 00 00 00 00 00 00 00 00 00 00 00 00 00 00 00 00 00
0xFEC4 00 00 00 00 00 00 00 00 00 00 00 00 00 00 00 00 00 00 00 00 00 00 00 00 00 00 00 00 00 00 00 00 00 00 00 00 00 00 00 00 00 00 00 00 00 00 00 00 00 00 00 00 00 00 00 00 00 00 00 00
0xFF00 00 00 00 00 00 00 00 00 00 00 00 00 00 00 00 00 00 00 00 00 00 00 00 00 00 00 00 00 00 00 00 00 00 00 00 00 00 00 00 00 00 00 00 00 00 00 00 00 00 00 00 00 00 00 00 00 00 00 00 00
0xFF3C 00 00 00 00 00 00 00 00 00 00 00 00 00 00 00 00 00 00 00 00 00 00 00 00 00 00 00 00 00 00 00 00 00 00 00 00 00 00 00 00 00 00 00 00 00 00 00 00 00 00 00 00 00 00 00 00 00 00 00 00
0xFF78 00 00 00 00 00 00 00 00 00 00 00 00 00 00 00 00 00 00 00 00 00 00 00 00 00 00 00 00 00 00 00 00 00 00 00 00 00 00 00 00 00 00 00 00 00 00 00 00 00 00 00 00 00 00 00 00 00 00 00 00
0xFFB4 00 00 00 00 00 00 00 00 00 00 00 00 00 00 00 00 00 00 00 00 00 00 00 00 00 00 00 00 00 00 00 00 00 00 00 00 00 00 00 00 00 00 00 00 00 00 00 00 00 00 00 00 00 00 00 00 00 00 00 00
0xFFF0 00 00 00 00 00 00 00 00 00 00 00 00 00 00 00 00 00 00 00 00 00 00 00 00 00 00 00 00 00 00 00 00 00 00 00 00 00 00 00 00 00 00 00 00 00 00 00 00 00 00 00 00 00 00 00 00 00 00 00 00
